<?xml version="1.0" encoding="UTF-8" standalone="yes"?>
<addon id="plugin.video.laughtraxx" name="Laugh Traxx" version="0.0.1" provider-name="D71, midraal">
    <requires>
        <import addon="xbmc.python" version="2.19.0" />
        <import addon="script.module.nanscrapers" version="0.5.5" />
        <import addon="script.module.python.koding.aio" version="0.9.6.6" />
        <import addon="script.module.beautifulsoup" version="3.2.1" />
        <import addon="script.module.requests" version="2.9.1" />
        <import addon="script.module.addon.common" version="2.0.0" />
        <import addon="script.module.xmltodict" version="0.9.0" />
        <!--<import addon="script.module.web-pdb" version="1.0"/>-->
        <import addon="script.module.urlresolver" version="1.2.0" />
    </requires>
    <extension point="xbmc.python.pluginsource" library="default.py">
        <provides>video</provides>
    </extension>
    <extension point="xbmc.service" library="service.py" start="[login|startup]" />
    <extension point="xbmc.addon.metadata">
        <summary lang="en">Retro Comedy TV</summary>
        <description lang="en">The developer does not own any content found within this addon. All content is found across the web freely. The developer is in no way affiliated with Kodi or XBMC.</description>
        <platform>all</platform>
        <website>http://maddogg.ca</website>
        <video_guide>xtOqLY5PJDY</video_guide>
    </extension>
</addon>
