########################
<poster>Seasons 21 - 26</poster>
<thumbnail></thumbnail>
<fanart></fanart>
########################

 <item>
        <title>The Three Stooges S21E01 - Income Tax Sappy</title>
        <meta>
                <content>episode</content>
                <imdb></imdb>
                <tvdb>79173</tvdb>
                <tvshowtitle>The Three Stooges</tvshowtitle>
                <year>1934</year>
                <title>Icome Tax Sappy</title>
                <premiered>1954-02-04</premiered>
                <season>21</season>
                <episode>1</episode>
        </meta>
        <link>
		<sublink>search</sublink>
                <sublink>searchsd</sublink>
		<sublink>https://streamango.com/f/qacqolpmcdaelfnf/The_Three_Stooges_-_S_21_E_1_-_Income_Tax_Sappy_mp4</sublink>
        </link>
        <animated_thumbnail></animated_thumbnail>
        <thumbnail>https://www.thetvdb.com/banners/_cache/episodes/79173/304469.jpg</thumbnail>
        <animated_fanart></animated_fanart>
        <fanart>https://www.thetvdb.com/banners/_cache/episodes/79173/304469.jpg</fanart>
</item>

 <item>
        <title>The Three Stooges S21E02 - Musty Musketeers</title>
        <meta>
                <content>episode</content>
                <imdb></imdb>
                <tvdb>79173</tvdb>
                <tvshowtitle>The Three Stooges</tvshowtitle>
                <year>1934</year>
                <title>Musty Musketeers</title>
                <premiered>1954-05-13</premiered>
                <season>21</season>
                <episode>2</episode>
        </meta>
        <link>
		<sublink>search</sublink>
                <sublink>searchsd</sublink>
		<sublink>https://streamango.com/f/mmksmckqnfrrlasf/The_Three_Stooges_S21E02_Musty_Musketeers_mp4</sublink>
        </link>
        <animated_thumbnail></animated_thumbnail>
        <thumbnail>https://www.thetvdb.com/banners/_cache/episodes/79173/304470.jpg</thumbnail>
        <animated_fanart></animated_fanart>
        <fanart>https://www.thetvdb.com/banners/_cache/episodes/79173/304470.jpg</fanart>
</item>

 <item>
        <title>The Three Stooges S21E03 - Pals and Gals</title>
        <meta>
                <content>episode</content>
                <imdb></imdb>
                <tvdb>79173</tvdb>
                <tvshowtitle>The Three Stooges</tvshowtitle>
                <year>1934</year>
                <title>Pals and Gals</title>
                <premiered>1954-06-03</premiered>
                <season>21</season>
                <episode>3</episode>
        </meta>
        <link>
		<sublink>search</sublink>
                <sublink>searchsd</sublink>
		<sublink>https://streamango.com/f/dksbqtbbqrpsfkfr/The_Three_Stooges_S21E03_Pals_And_Gals_mp4</sublink>
        </link>
        <animated_thumbnail></animated_thumbnail>
        <thumbnail>https://www.thetvdb.com/banners/_cache/episodes/79173/304471.jpg</thumbnail>
        <animated_fanart></animated_fanart>
        <fanart>https://www.thetvdb.com/banners/_cache/episodes/79173/304471.jpg</fanart>
</item>

 <item>
        <title>The Three Stooges S21E04 - Knutzy Knights</title>
        <meta>
                <content>episode</content>
                <imdb></imdb>
                <tvdb>79173</tvdb>
                <tvshowtitle>The Three Stooges</tvshowtitle>
                <year>1934</year>
                <title>Knutzy Knights</title>
                <premiered>1954-09-02</premiered>
                <season>21</season>
                <episode>4</episode>
        </meta>
        <link>
		<sublink>search</sublink>
                <sublink>searchsd</sublink>
		<sublink>https://streamango.com/f/tlftpeqscmaodmdt/The_Three_Stooges_-_S_21_E_4_-_Knutzy_Knights_mp4</sublink>
        </link>
        <animated_thumbnail></animated_thumbnail>
        <thumbnail>https://www.thetvdb.com/banners/_cache/episodes/79173/304472.jpg</thumbnail>
        <animated_fanart></animated_fanart>
        <fanart>https://www.thetvdb.com/banners/_cache/episodes/79173/304472.jpg</fanart>
</item>

 <item>
        <title>The Three Stooges S21E05 - Shot in the Frontier</title>
        <meta>
                <content>episode</content>
                <imdb></imdb>
                <tvdb>79173</tvdb>
                <tvshowtitle>The Three Stooges</tvshowtitle>
                <year>1934</year>
                <title>Shot in the Frontier</title>
                <premiered>1954-10-07</premiered>
                <season>21</season>
                <episode>5</episode>
        </meta>
        <link>
		<sublink>search</sublink>
                <sublink>searchsd</sublink>
		<sublink>https://streamango.com/f/snmdkdskslbodqfb/The_Three_Stooges_S21E05_Shot_n_The_Frontier_mp4</sublink>
        </link>
        <animated_thumbnail></animated_thumbnail>
        <thumbnail>https://www.thetvdb.com/banners/_cache/episodes/79173/304472.jpg</thumbnail>
        <animated_fanart></animated_fanart>
        <fanart>https://www.thetvdb.com/banners/_cache/episodes/79173/304472.jpg</fanart>
</item>

 <item>
        <title>The Three Stooges S21E06 - Scotched in Scotland</title>
        <meta>
                <content>episode</content>
                <imdb></imdb>
                <tvdb>79173</tvdb>
                <tvshowtitle>The Three Stooges</tvshowtitle>
                <year>1934</year>
                <title>Scotched in Scotland</title>
                <premiered>1954-11-04</premiered>
                <season>21</season>
                <episode>6</episode>
        </meta>
        <link>
		<sublink>search</sublink>
                <sublink>searchsd</sublink>
		<sublink>https://streamango.com/f/nrarlrapedsmsepo/The_Three_Stooges_-_S_21_E_6_-_Scotched_in_Scotland_mp4</sublink>
        </link>
        <animated_thumbnail></animated_thumbnail>
        <thumbnail>https://www.thetvdb.com/banners/_cache/episodes/79173/304472.jpg</thumbnail>
        <animated_fanart></animated_fanart>
        <fanart>https://www.thetvdb.com/banners/_cache/episodes/79173/304472.jpg</fanart>
</item>

 <item>
        <title>The Three Stooges S22E01 - Fling in the Ring</title>
        <meta>
                <content>episode</content>
                <imdb></imdb>
                <tvdb>79173</tvdb>
                <tvshowtitle>The Three Stooges</tvshowtitle>
                <year>1934</year>
                <title>Fling in the Ring</title>
                <premiered>1955-01-06</premiered>
                <season>22</season>
                <episode>1</episode>
        </meta>
        <link>
		<sublink>search</sublink>
                <sublink>searchsd</sublink>
		<sublink>https://streamango.com/f/dbclqkmockkkeoal/The_Three_Stooges_-_S_22_E_1_-_Fling_in_the_Ring_mp4</sublink>
        </link>
        <animated_thumbnail></animated_thumbnail>
        <thumbnail>https://www.thetvdb.com/banners/_cache/episodes/79173/304473.jpg</thumbnail>
        <animated_fanart></animated_fanart>
        <fanart>https://www.thetvdb.com/banners/_cache/episodes/79173/304473.jpg</fanart>
</item>

 <item>
        <title>The Three Stooges S22E02 - Of Cash and Hash</title>
        <meta>
                <content>episode</content>
                <imdb></imdb>
                <tvdb>79173</tvdb>
                <tvshowtitle>The Three Stooges</tvshowtitle>
                <year>1934</year>
                <title>Of Cash and Hash</title>
                <premiered>1955-02-03</premiered>
                <season>22</season>
                <episode>2</episode>
        </meta>
        <link>
		<sublink>search</sublink>
                <sublink>searchsd</sublink>
		<sublink>https://streamango.com/f/skpcsrnbdksnctsn/The_Three_Stooges_-_S_22_E_2_-_Of_Cash_and_Hash_mp4</sublink>
        </link>
        <animated_thumbnail></animated_thumbnail>
        <thumbnail>https://www.thetvdb.com/banners/_cache/episodes/79173/304474.jpg</thumbnail>
        <animated_fanart></animated_fanart>
        <fanart>https://www.thetvdb.com/banners/_cache/episodes/79173/304474.jpg</fanart>
</item>

 <item>
        <title>The Three Stooges S22E03 - Gypped in the Penthouse</title>
        <meta>
                <content>episode</content>
                <imdb></imdb>
                <tvdb>79173</tvdb>
                <tvshowtitle>The Three Stooges</tvshowtitle>
                <year>1934</year>
                <title>Gypped in the Penthouse</title>
                <premiered>1955-3-10</premiered>
                <season>22</season>
                <episode>3</episode>
        </meta>
        <link>
		<sublink>search</sublink>
                <sublink>searchsd</sublink>
		<sublink>https://streamango.com/f/bebmprmcbcskarqr/The_Three_Stooges_-_S_22_E_3_-_Gypped_in_the_Penthouse_mp4</sublink>
        </link>
        <animated_thumbnail></animated_thumbnail>
        <thumbnail>https://www.thetvdb.com/banners/_cache/episodes/79173/304475.jpg</thumbnail>
        <animated_fanart></animated_fanart>
        <fanart>https://www.thetvdb.com/banners/_cache/episodes/79173/304475.jpg</fanart>
</item>

 <item>
        <title>The Three Stooges S22E04 - Bedlam in Paradise</title>
        <meta>
                <content>episode</content>
                <imdb></imdb>
                <tvdb>79173</tvdb>
                <tvshowtitle>The Three Stooges</tvshowtitle>
                <year>1934</year>
                <title>Bedlam in Paradise</title>
                <premiered>1955-04-14</premiered>
                <season>22</season>
                <episode>4</episode>
        </meta>
        <link>
		<sublink>search</sublink>
                <sublink>searchsd</sublink>
		<sublink>https://streamango.com/f/dmmpdnttmfdttcce/The_Three_Stooges_S22E04_Bedlam_n_Paradise_mp4</sublink>
        </link>
        <animated_thumbnail></animated_thumbnail>
        <thumbnail>https://www.thetvdb.com/banners/_cache/episodes/79173/304476.jpg</thumbnail>
        <animated_fanart></animated_fanart>
        <fanart>https://www.thetvdb.com/banners/_cache/episodes/79173/304476.jpg</fanart>
</item>

 <item>
        <title>The Three Stooges S22E05 - Stone Age Romeos</title>
        <meta>
                <content>episode</content>
                <imdb></imdb>
                <tvdb>79173</tvdb>
                <tvshowtitle>The Three Stooges</tvshowtitle>
                <year>1934</year>
                <title>Stone Age Romeos</title>
                <premiered>1955-06-02</premiered>
                <season>22</season>
                <episode>5</episode>
        </meta>
        <link>
		<sublink>search</sublink>
                <sublink>searchsd</sublink>
		<sublink>https://streamango.com/f/qrotmpkqtoaldlnk/The_Three_Stooges_-_S_22_E_5_-_Stone_Age_Romeos_mp4</sublink>
        </link>
        <animated_thumbnail></animated_thumbnail>
        <thumbnail>https://www.thetvdb.com/banners/_cache/episodes/79173/304477.jpg</thumbnail>
        <animated_fanart></animated_fanart>
        <fanart>https://www.thetvdb.com/banners/_cache/episodes/79173/304477.jpg</fanart>
</item>

 <item>
        <title>The Three Stooges S22E06 - Wham-Bam-Slam!</title>
        <meta>
                <content>episode</content>
                <imdb></imdb>
                <tvdb>79173</tvdb>
                <tvshowtitle>The Three Stooges</tvshowtitle>
                <year>1934</year>
                <title>Wham-Bam-Slam!</title>
                <premiered>1955-09-01</premiered>
                <season>22</season>
                <episode>6</episode>
        </meta>
        <link>
		<sublink>search</sublink>
                <sublink>searchsd</sublink>
		<sublink>https://streamango.com/f/ocrdseornkekpmaf/The_Three_Stooges_-_S_22_E_6_-_Wham-Bam-Slam_mp4</sublink>
        </link>
        <animated_thumbnail></animated_thumbnail>
        <thumbnail>https://www.thetvdb.com/banners/_cache/episodes/79173/304478.jpg</thumbnail>
        <animated_fanart></animated_fanart>
        <fanart>https://www.thetvdb.com/banners/_cache/episodes/79173/304478.jpg</fanart>
</item>

 <item>
        <title>The Three Stooges S22E07 - Hot Ice</title>
        <meta>
                <content>episode</content>
                <imdb></imdb>
                <tvdb>79173</tvdb>
                <tvshowtitle>The Three Stooges</tvshowtitle>
                <year>1934</year>
                <title>Hot Ice</title>
                <premiered>1955-10-06</premiered>
                <season>22</season>
                <episode>7</episode>
        </meta>
        <link>
		<sublink>search</sublink>
                <sublink>searchsd</sublink>
		<sublink>https://streamango.com/f/keblstddqoforltr/The_Three_Stooges_-_S_22_E_7_-_Hot_Ice_mp4</sublink>
        </link>
        <animated_thumbnail></animated_thumbnail>
        <thumbnail>https://www.thetvdb.com/banners/_cache/episodes/79173/304479.jpg</thumbnail>
        <animated_fanart></animated_fanart>
        <fanart>https://www.thetvdb.com/banners/_cache/episodes/79173/304479.jpg</fanart>
</item>

 <item>
        <title>The Three Stooges S22E08 - Blunder Boys</title>
        <meta>
                <content>episode</content>
                <imdb></imdb>
                <tvdb>79173</tvdb>
                <tvshowtitle>The Three Stooges</tvshowtitle>
                <year>1934</year>
                <title>Blunder Boys</title>
                <premiered>1955-11-03</premiered>
                <season>22</season>
                <episode>8</episode>
        </meta>
        <link>
		<sublink>search</sublink>
                <sublink>searchsd</sublink>
		<sublink>https://streamango.com/f/tqbcckedfadrrqrq/The_Three_Stooges_-_S_22_E_8_-_Blunder_Boys_mp4</sublink>
        </link>
        <animated_thumbnail></animated_thumbnail>
        <thumbnail>https://www.thetvdb.com/banners/_cache/episodes/79173/304479.jpg</thumbnail>
        <animated_fanart></animated_fanart>
        <fanart>https://www.thetvdb.com/banners/_cache/episodes/79173/304479.jpg</fanart>
</item>

 <item>
        <title>The Three Stooges S23E01 - Husbands Beware</title>
        <meta>
                <content>episode</content>
                <imdb></imdb>
                <tvdb>79173</tvdb>
                <tvshowtitle>The Three Stooges</tvshowtitle>
                <year>1934</year>
                <title>Husbands Beware</title>
                <premiered>1956-01-05</premiered>
                <season>23</season>
                <episode>1</episode>
        </meta>
        <link>
		<sublink>search</sublink>
                <sublink>searchsd</sublink>
		<sublink>https://streamango.com/f/ataabtpbafmddbsa/The_Three_Stooges_-_S_23_E_1_-_Husbands_Beware_mp4</sublink>
        </link>
        <animated_thumbnail></animated_thumbnail>
        <thumbnail>https://www.thetvdb.com/banners/_cache/episodes/79173/304480.jpg</thumbnail>
        <animated_fanart></animated_fanart>
        <fanart>https://www.thetvdb.com/banners/_cache/episodes/79173/304480.jpg</fanart>
</item>

 <item>
        <title>The Three Stooges S23E02 - Creeps</title>
        <meta>
                <content>episode</content>
                <imdb></imdb>
                <tvdb>79173</tvdb>
                <tvshowtitle>The Three Stooges</tvshowtitle>
                <year>1934</year>
                <title>Creeps</title>
                <premiered>1956-02-02</premiered>
                <season>23</season>
                <episode>2</episode>
        </meta>
        <link>
		<sublink>search</sublink>
                <sublink>searchsd</sublink>
		<sublink>https://streamango.com/f/cfspfpnpnamfqpld/The_Three_Stooges_S23E02_Creeps_mp4</sublink>
        </link>
        <animated_thumbnail></animated_thumbnail>
        <thumbnail>https://www.thetvdb.com/banners/_cache/episodes/79173/304481.jpg</thumbnail>
        <animated_fanart></animated_fanart>
        <fanart>https://www.thetvdb.com/banners/_cache/episodes/79173/304481.jpg</fanart>
</item>

 <item>
        <title>The Three Stooges S23E03 - Flagpole Jitters</title>
        <meta>
                <content>episode</content>
                <imdb></imdb>
                <tvdb>79173</tvdb>
                <tvshowtitle>The Three Stooges</tvshowtitle>
                <year>1934</year>
                <title>Flagpole Jitters</title>
                <premiered>1956-04-05</premiered>
                <season>23</season>
                <episode>3</episode>
        </meta>
        <link>
		<sublink>search</sublink>
                <sublink>searchsd</sublink>
		<sublink>https://streamango.com/f/cqtdtfmlmsmdnctf/The_Three_Stooges_S23E03_Flagpole_Jitters_mp4</sublink>
        </link>
        <animated_thumbnail></animated_thumbnail>
        <thumbnail>https://www.thetvdb.com/banners/_cache/episodes/79173/304482.jpg</thumbnail>
        <animated_fanart></animated_fanart>
        <fanart>https://www.thetvdb.com/banners/_cache/episodes/79173/304482.jpg</fanart>
</item>

 <item>
        <title>The Three Stooges S23E04 - For Crimin' Out Loud</title>
        <meta>
                <content>episode</content>
                <imdb></imdb>
                <tvdb>79173</tvdb>
                <tvshowtitle>The Three Stooges</tvshowtitle>
                <year>1934</year>
                <title>For Crimin' Out Loud</title>
                <premiered>1956-05-03</premiered>
                <season>23</season>
                <episode>4</episode>
        </meta>
        <link>
		<sublink>search</sublink>
                <sublink>searchsd</sublink>
		<sublink>https://streamango.com/f/ctpabaeccncmrtre/The_Three_Stooges_-_S_23_E_4_-_For_Crimin_Out_Loud_mp4</sublink>
        </link>
        <animated_thumbnail></animated_thumbnail>
        <thumbnail>https://www.thetvdb.com/banners/_cache/episodes/79173/304483.jpg</thumbnail>
        <animated_fanart></animated_fanart>
        <fanart>https://www.thetvdb.com/banners/_cache/episodes/79173/304483.jpg</fanart>
</item>

 <item>
        <title>The Three Stooges S23E05 - Rumpus in the Harem</title>
        <meta>
                <content>episode</content>
                <imdb></imdb>
                <tvdb>79173</tvdb>
                <tvshowtitle>The Three Stooges</tvshowtitle>
                <year>1934</year>
                <title>Rumpus in the Harem</title>
                <premiered>1956-06-21</premiered>
                <season>23</season>
                <episode>5</episode>
        </meta>
        <link>
		<sublink>search</sublink>
                <sublink>searchsd</sublink>
		<sublink>https://streamango.com/f/sdrmtkctcesalbee/The_Three_Stooges_S23E05_Rumpus_n_The_Harem_mp4</sublink>
        </link>
        <animated_thumbnail></animated_thumbnail>
        <thumbnail>https://www.thetvdb.com/banners/_cache/episodes/79173/304484.jpg</thumbnail>
        <animated_fanart></animated_fanart>
        <fanart>https://www.thetvdb.com/banners/_cache/episodes/79173/304484.jpg</fanart>
</item>

 <item>
        <title>The Three Stooges S23E06 - Hot Stuff</title>
        <meta>
                <content>episode</content>
                <imdb></imdb>
                <tvdb>79173</tvdb>
                <tvshowtitle>The Three Stooges</tvshowtitle>
                <year>1934</year>
                <title>Hot Stuff</title>
                <premiered>1956-09-06</premiered>
                <season>23</season>
                <episode>6</episode>
        </meta>
        <link>
		<sublink>search</sublink>
                <sublink>searchsd</sublink>
		<sublink>https://streamango.com/f/easroscksabfslkn/The_Three_Stooges_S23E06_Hot_Stuff_mp4</sublink>
        </link>
        <animated_thumbnail></animated_thumbnail>
        <thumbnail>https://www.thetvdb.com/banners/_cache/episodes/79173/304485.jpg</thumbnail>
        <animated_fanart></animated_fanart>
        <fanart>https://www.thetvdb.com/banners/_cache/episodes/79173/304485.jpg</fanart>
</item>

 <item>
        <title>The Three Stooges S23E07 - Scheming Schemers</title>
        <meta>
                <content>episode</content>
                <imdb></imdb>
                <tvdb>79173</tvdb>
                <tvshowtitle>The Three Stooges</tvshowtitle>
                <year>1934</year>
                <title>Scheming Schemers</title>
                <premiered>1956-10-04</premiered>
                <season>23</season>
                <episode>7</episode>
        </meta>
        <link>
		<sublink>search</sublink>
                <sublink>searchsd</sublink>
		<sublink>https://streamango.com/f/qsdnbdofoftccplm/The_Three_Stooges_-_S_23_E_7_-_Scheming_Schemers_mp4</sublink>
        </link>
        <animated_thumbnail></animated_thumbnail>
        <thumbnail>https://www.thetvdb.com/banners/_cache/episodes/79173/304486.jpg</thumbnail>
        <animated_fanart></animated_fanart>
        <fanart>https://www.thetvdb.com/banners/_cache/episodes/79173/304486.jpg</fanart>
</item>

 <item>
        <title>The Three Stooges S23E08 - Commotion in the Ocean</title>
        <meta>
                <content>episode</content>
                <imdb></imdb>
                <tvdb>79173</tvdb>
                <tvshowtitle>The Three Stooges</tvshowtitle>
                <year>1934</year>
                <title>Commotion in the Ocean</title>
                <premiered>1956-11-08</premiered>
                <season>23</season>
                <episode>8</episode>
        </meta>
        <link>
		<sublink>search</sublink>
                <sublink>searchsd</sublink>
		<sublink>https://streamango.com/f/eealscttamakfdbc/The_Three_Stooges_-_S_23_E_8_-_Commotion_on_the_Ocean_mp4</sublink>
        </link>
        <animated_thumbnail></animated_thumbnail>
        <thumbnail>https://www.thetvdb.com/banners/_cache/episodes/79173/304487.jpg</thumbnail>
        <animated_fanart></animated_fanart>
        <fanart>https://www.thetvdb.com/banners/_cache/episodes/79173/304487.jpg</fanart>
</item>

 <item>
        <title>The Three Stooges S24E01 - Hoofs and Goofs</title>
        <meta>
                <content>episode</content>
                <imdb></imdb>
                <tvdb>79173</tvdb>
                <tvshowtitle>The Three Stooges</tvshowtitle>
                <year>1934</year>
                <title>Hoofs and Goofs</title>
                <premiered>1957-01-31</premiered>
                <season>24</season>
                <episode>1</episode>
        </meta>
        <link>
		<sublink>search</sublink>
                <sublink>searchsd</sublink>
		<sublink>https://streamango.com/f/tttseftoddfptcmk/The_Three_Stooges_-_S_24_E_1_-_Hoofs_and_Goofs_mp4</sublink>
        </link>
        <animated_thumbnail></animated_thumbnail>
        <thumbnail>https://www.thetvdb.com/banners/_cache/episodes/79173/304488.jpg</thumbnail>
        <animated_fanart></animated_fanart>
        <fanart>https://www.thetvdb.com/banners/_cache/episodes/79173/304488.jpg</fanart>
</item>

 <item>
        <title>The Three Stooges S24E02 - Muscle Up a Little Closer</title>
        <meta>
                <content>episode</content>
                <imdb></imdb>
                <tvdb>79173</tvdb>
                <tvshowtitle>The Three Stooges</tvshowtitle>
                <year>1934</year>
                <title>Muscle Up a Little Closer</title>
                <premiered>1957-02-28</premiered>
                <season>24</season>
                <episode>2</episode>
        </meta>
        <link>
		<sublink>search</sublink>
                <sublink>searchsd</sublink>
		<sublink>https://streamango.com/f/asknbmkmlfnntfmp/The_Three_Stooges_-_S_24_E_2_-_Muscle_Up_a_Little_Closer_mp4</sublink>
        </link>
        <animated_thumbnail></animated_thumbnail>
        <thumbnail>https://www.thetvdb.com/banners/_cache/episodes/79173/304489.jpg</thumbnail>
        <animated_fanart></animated_fanart>
        <fanart>https://www.thetvdb.com/banners/_cache/episodes/79173/304489.jpg</fanart>
</item>

 <item>
        <title>The Three Stooges S24E03 - A Merry Mix-Up</title>
        <meta>
                <content>episode</content>
                <imdb></imdb>
                <tvdb>79173</tvdb>
                <tvshowtitle>The Three Stooges</tvshowtitle>
                <year>1934</year>
                <title>A Merry Mix-Up</title>
                <premiered>1957-03-28</premiered>
                <season>24</season>
                <episode>3</episode>
        </meta>
        <link>
		<sublink>search</sublink>
                <sublink>searchsd</sublink>
		<sublink>https://streamango.com/f/epnadtlektefefmk/The_Three_Stooges_-_S_24_E_3_-_A_Merry_Mix-Up_mp4</sublink>
        </link>
        <animated_thumbnail></animated_thumbnail>
        <thumbnail>https://www.thetvdb.com/banners/_cache/episodes/79173/304490.jpg</thumbnail>
        <animated_fanart></animated_fanart>
        <fanart>https://www.thetvdb.com/banners/_cache/episodes/79173/304490.jpg</fanart>
</item>

 <item>
        <title>The Three Stooges S24E04 - Space Ship Sappy</title>
        <meta>
                <content>episode</content>
                <imdb></imdb>
                <tvdb>79173</tvdb>
                <tvshowtitle>The Three Stooges</tvshowtitle>
                <year>1934</year>
                <title>Space Ship Sappy</title>
                <premiered>1957-04-18</premiered>
                <season>24</season>
                <episode>4</episode>
        </meta>
        <link>
		<sublink>search</sublink>
                <sublink>searchsd</sublink>
		<sublink>https://streamango.com/f/tbrotcftqosdbeen/The_Three_Stooges_-_S_24_E_4_-_Space_Ship_Sappy_mp4</sublink>
        </link>
        <animated_thumbnail></animated_thumbnail>
        <thumbnail>https://www.thetvdb.com/banners/_cache/episodes/79173/304491.jpg</thumbnail>
        <animated_fanart></animated_fanart>
        <fanart>https://www.thetvdb.com/banners/_cache/episodes/79173/304491.jpg</fanart>
</item>

 <item>
        <title>The Three Stooges S24E05 - Guns a Poppin'</title>
        <meta>
                <content>episode</content>
                <imdb></imdb>
                <tvdb>79173</tvdb>
                <tvshowtitle>The Three Stooges</tvshowtitle>
                <year>1934</year>
                <title>Guns a Poppin'</title>
                <premiered>1957-06-13</premiered>
                <season>24</season>
                <episode>5</episode>
        </meta>
        <link>
		<sublink>search</sublink>
                <sublink>searchsd</sublink>
		<sublink>https://streamango.com/f/odndnlelkbqmltlk/The_Three_Stooges_-_S_24_E_5_-_Guns_A_Poppin_mp4</sublink>
        </link>
        <animated_thumbnail></animated_thumbnail>
        <thumbnail>https://www.thetvdb.com/banners/_cache/episodes/79173/304492.jpg</thumbnail>
        <animated_fanart></animated_fanart>
        <fanart>https://www.thetvdb.com/banners/_cache/episodes/79173/304492.jpg</fanart>
</item>

 <item>
        <title>The Three Stooges S24E06 - Horsing Around</title>
        <meta>
                <content>episode</content>
                <imdb></imdb>
                <tvdb>79173</tvdb>
                <tvshowtitle>The Three Stooges</tvshowtitle>
                <year>1934</year>
                <title>Horsing Around</title>
                <premiered>1957-09-12</premiered>
                <season>24</season>
                <episode>6</episode>
        </meta>
        <link>
		<sublink>search</sublink>
                <sublink>searchsd</sublink>
		<sublink>https://streamango.com/f/lcrklkpkdbtflrkn/The_Three_Stooges_S24E06_Horsing_Around_mp4</sublink>
        </link>
        <animated_thumbnail></animated_thumbnail>
        <thumbnail>https://www.thetvdb.com/banners/_cache/episodes/79173/304493.jpg</thumbnail>
        <animated_fanart></animated_fanart>
        <fanart>https://www.thetvdb.com/banners/_cache/episodes/79173/304493.jpg</fanart>
</item>

 <item>
        <title>The Three Stooges S24E07 - Rusty Romeos</title>
        <meta>
                <content>episode</content>
                <imdb></imdb>
                <tvdb>79173</tvdb>
                <tvshowtitle>The Three Stooges</tvshowtitle>
                <year>1934</year>
                <title>Rusty Romeos</title>
                <premiered>1957-10-17</premiered>
                <season>24</season>
                <episode>7</episode>
        </meta>
        <link>
		<sublink>search</sublink>
                <sublink>searchsd</sublink>
		<sublink>https://streamango.com/f/qlqceabtaomtafrb/The_Three_Stooges_S24E07_Rusty_Romeos_mp4</sublink>
        </link>
        <animated_thumbnail></animated_thumbnail>
        <thumbnail>https://www.thetvdb.com/banners/_cache/episodes/79173/304494.jpg</thumbnail>
        <animated_fanart></animated_fanart>
        <fanart>https://www.thetvdb.com/banners/_cache/episodes/79173/304494.jpg</fanart>
</item>

 <item>
        <title>The Three Stooges S24E08 - Outer Space Jitters</title>
        <meta>
                <content>episode</content>
                <imdb></imdb>
                <tvdb>79173</tvdb>
                <tvshowtitle>The Three Stooges</tvshowtitle>
                <year>1934</year>
                <title>Outer Space Jitters</title>
                <premiered>1957-12-05</premiered>
                <season>24</season>
                <episode>8</episode>
        </meta>
        <link>
		<sublink>search</sublink>
                <sublink>searchsd</sublink>
		<sublink>https://streamango.com/f/rnnrbrtsafkmlqqm/The_Three_Stooges_-_S_24_E_8_-_Outer_Space_Jitters_mp4</sublink>
        </link>
        <animated_thumbnail></animated_thumbnail>
        <thumbnail>https://www.thetvdb.com/banners/_cache/episodes/79173/304487.jpg</thumbnail>
        <animated_fanart></animated_fanart>
        <fanart>https://www.thetvdb.com/banners/_cache/episodes/79173/304487.jpg</fanart>
</item>

 <item>
        <title>The Three Stooges S25E01 - Quizz Whizz</title>
        <meta>
                <content>episode</content>
                <imdb></imdb>
                <tvdb>79173</tvdb>
                <tvshowtitle>The Three Stooges</tvshowtitle>
                <year>1934</year>
                <title>Quizz Whizz</title>
                <premiered>1958-02-13</premiered>
                <season>25</season>
                <episode>1</episode>
        </meta>
        <link>
		<sublink>search</sublink>
                <sublink>searchsd</sublink>
		<sublink>https://streamango.com/f/oqntoesakdrtdtke/The_Three_Stooges_-_S_25_E_1_-_Quiz_Whizz_mp4</sublink>
        </link>
        <animated_thumbnail></animated_thumbnail>
        <thumbnail>https://www.thetvdb.com/banners/_cache/episodes/79173/304496.jpg</thumbnail>
        <animated_fanart></animated_fanart>
        <fanart>https://www.thetvdb.com/banners/_cache/episodes/79173/304496.jpg</fanart>
</item>

 <item>
        <title>The Three Stooges S25E02 - Fifi Blows Her Top</title>
        <meta>
                <content>episode</content>
                <imdb></imdb>
                <tvdb>79173</tvdb>
                <tvshowtitle>The Three Stooges</tvshowtitle>
                <year>1934</year>
                <title>Fifi Blows Her Top</title>
                <premiered>1958-04-10</premiered>
                <season>25</season>
                <episode>2</episode>
        </meta>
        <link>
		<sublink>search</sublink>
                <sublink>searchsd</sublink>
		<sublink>https://streamango.com/f/actokfarmodfqmbf/The_Three_Stooges_-_S_25_E_2_-_Fifi_Blows_Her_Top_mp4</sublink>
        </link>
        <animated_thumbnail></animated_thumbnail>
        <thumbnail>https://www.thetvdb.com/banners/_cache/episodes/79173/304497.jpg</thumbnail>
        <animated_fanart></animated_fanart>
        <fanart>https://www.thetvdb.com/banners/_cache/episodes/79173/304497.jpg</fanart>
</item>

 <item>
        <title>The Three Stooges S25E03 - Pies and Guys</title>
        <meta>
                <content>episode</content>
                <imdb></imdb>
                <tvdb>79173</tvdb>
                <tvshowtitle>The Three Stooges</tvshowtitle>
                <year>1934</year>
                <title>Pies and Guys</title>
                <premiered>1958-06-12</premiered>
                <season>25</season>
                <episode>3</episode>
        </meta>
        <link>
		<sublink>search</sublink>
                <sublink>searchsd</sublink>
		<sublink>https://streamango.com/f/omfdectkbkmcsqco/The_Three_Stooges_-_S_25_E_3_-_Pies_and_Guys_mp4</sublink>
        </link>
        <animated_thumbnail></animated_thumbnail>
        <thumbnail>https://www.thetvdb.com/banners/_cache/episodes/79173/304498.jpg</thumbnail>
        <animated_fanart></animated_fanart>
        <fanart>https://www.thetvdb.com/banners/_cache/episodes/79173/304498.jpg</fanart>
</item>

 <item>
        <title>The Three Stooges S25E04 - Sweet and Hot</title>
        <meta>
                <content>episode</content>
                <imdb></imdb>
                <tvdb>79173</tvdb>
                <tvshowtitle>The Three Stooges</tvshowtitle>
                <year>1934</year>
                <title>Sweet and Hot</title>
                <premiered>1958-09-04</premiered>
                <season>25</season>
                <episode>4</episode>
        </meta>
        <link>
		<sublink>search</sublink>
                <sublink>searchsd</sublink>
		<sublink>https://streamango.com/f/tommmcndlptfbfsq/The_Three_Stooges_-_S_25_E_4_-_Sweet_and_Hot_mp4</sublink>
        </link>
        <animated_thumbnail></animated_thumbnail>
        <thumbnail>https://www.thetvdb.com/banners/_cache/episodes/79173/304500.jpg</thumbnail>
        <animated_fanart></animated_fanart>
        <fanart>https://www.thetvdb.com/banners/_cache/episodes/79173/304500.jpg</fanart>
</item>

 <item>
        <title>The Three Stooges S25E05 - Flying Saucer Daffy</title>
        <meta>
                <content>episode</content>
                <imdb></imdb>
                <tvdb>79173</tvdb>
                <tvshowtitle>The Three Stooges</tvshowtitle>
                <year>1934</year>
                <title>Flying Saucer Daffy</title>
                <premiered>1958-10-09</premiered>
                <season>25</season>
                <episode>5</episode>
        </meta>
        <link>
		<sublink>search</sublink>
                <sublink>searchsd</sublink>
		<sublink>https://streamango.com/f/cbdeecqaoklerkbk/The_Three_Stooges_-_S_25_E_5_-_Flying_Saucer_Daffy_mp4</sublink>
        </link>
        <animated_thumbnail></animated_thumbnail>
        <thumbnail>https://www.thetvdb.com/banners/_cache/episodes/79173/304501.jpg</thumbnail>
        <animated_fanart></animated_fanart>
        <fanart>https://www.thetvdb.com/banners/_cache/episodes/79173/304501.jpg</fanart>
</item>

 <item>
        <title>The Three Stooges S25E06 - Oil's Well That Ends Well</title>
        <meta>
                <content>episode</content>
                <imdb></imdb>
                <tvdb>79173</tvdb>
                <tvshowtitle>The Three Stooges</tvshowtitle>
                <year>1934</year>
                <title>Oil's Well That Ends Well</title>
                <premiered>1958-12-04</premiered>
                <season>25</season>
                <episode>6</episode>
        </meta>
        <link>
		<sublink>search</sublink>
                <sublink>searchsd</sublink>
		<sublink>https://streamango.com/f/sarkacsbcnnmckqe/The_Three_Stooges_-_S_25_E_6_-_Oil_s_Well_That_Ends_Well_mp4</sublink>
        </link>
        <animated_thumbnail></animated_thumbnail>
        <thumbnail>https://www.thetvdb.com/banners/_cache/episodes/79173/304502.jpg</thumbnail>
        <animated_fanart></animated_fanart>
        <fanart>https://www.thetvdb.com/banners/_cache/episodes/79173/304502.jpg</fanart>
</item>

 <item>
        <title>The Three Stooges S26E01 - Triple Crossed</title>
        <meta>
                <content>episode</content>
                <imdb></imdb>
                <tvdb>79173</tvdb>
                <tvshowtitle>The Three Stooges</tvshowtitle>
                <year>1934</year>
                <title>Triple Crossed</title>
                <premiered>1959-02-02</premiered>
                <season>26</season>
                <episode>1</episode>
        </meta>
        <link>
		<sublink>search</sublink>
                <sublink>searchsd</sublink>
		<sublink>https://streamango.com/f/celtctcffqkbebsa/The_Three_Stooges_-_S_26_E_1_-_Tripple_Crossed_mp4</sublink>
        </link>
        <animated_thumbnail></animated_thumbnail>
        <thumbnail>https://www.thetvdb.com/banners/_cache/episodes/79173/304503.jpg</thumbnail>
        <animated_fanart></animated_fanart>
        <fanart>https://www.thetvdb.com/banners/_cache/episodes/79173/304503.jpg</fanart>
</item>

 <item>
        <title>The Three Stooges S26E02 - Sappy Bull Fighters</title>
        <meta>
                <content>episode</content>
                <imdb></imdb>
                <tvdb>79173</tvdb>
                <tvshowtitle>The Three Stooges</tvshowtitle>
                <year>1934</year>
                <title>Sappy Bull Fighters</title>
                <premiered>1959-06-04</premiered>
                <season>26</season>
                <episode>1</episode>
        </meta>
        <link>
		<sublink>search</sublink>
                <sublink>searchsd</sublink>
		<sublink>https://streamango.com/f/clttsddcnskcbpob/The_Three_Stooges_S26E02_Sappy_Bull_Fighters_mp4</sublink>
        </link>
        <animated_thumbnail></animated_thumbnail>
        <thumbnail>https://www.thetvdb.com/banners/_cache/episodes/79173/304499.jpg</thumbnail>
        <animated_fanart></animated_fanart>
        <fanart>https://www.thetvdb.com/banners/_cache/episodes/79173/304499.jpg</fanart>
</item>
