########################
<poster>Season 1</poster>
<thumbnail></thumbnail>
<fanart></fanart>
########################

 <item>
        <title>Abbott and Costello S01E01 - The Drug Store</title>
        <meta>
                <content>episode</content>
                <imdb></imdb>
                <tvdb>77677</tvdb>
                <tvshowtitle>Abbott and Costello</tvshowtitle>
                <year>1952</year>
                <title>The Drug Store</title>
                <premiered>1952-12-05</premiered>
                <season>1</season>
                <episode>1</episode>
        </meta>
        <link>
		<sublink>search</sublink>
                <sublink>searchsd</sublink>
        </link>
        <animated_thumbnail></animated_thumbnail>
        <thumbnail>https://www.thetvdb.com/banners/_cache/episodes/77677/254023.jpg</thumbnail>
        <animated_fanart></animated_fanart>
        <fanart>https://www.thetvdb.com/banners/_cache/episodes/77677/254023.jpg</fanart>
</item>

 <item>
        <title>Abbott and Costello S01E02 - The Dentist's Office</title>
        <meta>
                <content>episode</content>
                <imdb>tt0013341</imdb>
                <tvdb>77677</tvdb>
                <tvshowtitle>Abbott and Costello</tvshowtitle>
                <year>1952</year>
                <title>The Dentist's Office</title>
                <premiered>1952-12-12</premiered>
                <season>1</season>
                <episode>2</episode>
        </meta>
        <link>
		<sublink>search</sublink>
                <sublink>searchsd</sublink>
        </link>
        <animated_thumbnail></animated_thumbnail>
        <thumbnail>https://www.thetvdb.com/banners/_cache/episodes/77677/254024.jpg</thumbnail>
        <animated_fanart></animated_fanart>
        <fanart>https://www.thetvdb.com/banners/_cache/episodes/77677/254024.jpg</fanart>
</item>

 <item>
        <title>Abbott and Costello S01E03 - Jail</title>
        <meta>
                <content>episode</content>
                <imdb>tt0013341</imdb>
                <tvdb>77677</tvdb>
                <tvshowtitle>Abbott and Costello</tvshowtitle>
                <year>1952</year>
                <title>Jail</title>
                <premiered>1952-12-19</premiered>
                <season>1</season>
                <episode>3</episode>
        </meta>
        <link>
		<sublink>search</sublink>
                <sublink>searchsd</sublink>
        </link>
        <animated_thumbnail></animated_thumbnail>
        <thumbnail>https://www.thetvdb.com/banners/_cache/episodes/77677/254025.jpg</thumbnail>
        <animated_fanart></animated_fanart>
        <fanart>https://www.thetvdb.com/banners/_cache/episodes/77677/254025.jpg</fanart>
</item>

 <item>
        <title>Abbott and Costello S01E01 - The Lucky Dog</title>
        <meta>
                <content>episode</content>
                <imdb>tt0013341</imdb>
                <tvdb>77677</tvdb>
                <tvshowtitle>Abbott and Costello</tvshowtitle>
                <year>1952</year>
                <title>The Lucky Dog</title>
                <premiered>1921-10-13</premiered>
                <season>1</season>
                <episode>1</episode>
        </meta>
        <link>
		<sublink>search</sublink>
                <sublink>searchsd</sublink>
        </link>
        <animated_thumbnail></animated_thumbnail>
        <thumbnail>https://www.thetvdb.com/banners/_cache/episodes/77677/403724.jpg</thumbnail>
        <animated_fanart></animated_fanart>
        <fanart>https://www.thetvdb.com/banners/_cache/episodes/77677/403724.jpg</fanart>
</item>

 <item>
        <title>Abbott and Costello S01E01 - The Lucky Dog</title>
        <meta>
                <content>episode</content>
                <imdb>tt0013341</imdb>
                <tvdb>77677</tvdb>
                <tvshowtitle>Abbott and Costello</tvshowtitle>
                <year>1952</year>
                <title>The Lucky Dog</title>
                <premiered>1921-10-13</premiered>
                <season>1</season>
                <episode>1</episode>
        </meta>
        <link>
		<sublink>search</sublink>
                <sublink>searchsd</sublink>
        </link>
        <animated_thumbnail></animated_thumbnail>
        <thumbnail>https://www.thetvdb.com/banners/_cache/episodes/77677/403724.jpg</thumbnail>
        <animated_fanart></animated_fanart>
        <fanart>https://www.thetvdb.com/banners/_cache/episodes/77677/403724.jpg</fanart>
</item>

 <item>
        <title>Abbott and Costello S01E01 - The Lucky Dog</title>
        <meta>
                <content>episode</content>
                <imdb>tt0013341</imdb>
                <tvdb>77677</tvdb>
                <tvshowtitle>Abbott and Costello</tvshowtitle>
                <year>1952</year>
                <title>The Lucky Dog</title>
                <premiered>1921-10-13</premiered>
                <season>1</season>
                <episode>1</episode>
        </meta>
        <link>
		<sublink>search</sublink>
                <sublink>searchsd</sublink>
        </link>
        <animated_thumbnail></animated_thumbnail>
        <thumbnail>https://www.thetvdb.com/banners/_cache/episodes/77677/403724.jpg</thumbnail>
        <animated_fanart></animated_fanart>
        <fanart>https://www.thetvdb.com/banners/_cache/episodes/77677/403724.jpg</fanart>
</item>

 <item>
        <title>Abbott and Costello S01E01 - The Lucky Dog</title>
        <meta>
                <content>episode</content>
                <imdb>tt0013341</imdb>
                <tvdb>77677</tvdb>
                <tvshowtitle>Abbott and Costello</tvshowtitle>
                <year>1952</year>
                <title>The Lucky Dog</title>
                <premiered>1921-10-13</premiered>
                <season>1</season>
                <episode>1</episode>
        </meta>
        <link>
		<sublink>search</sublink>
                <sublink>searchsd</sublink>
        </link>
        <animated_thumbnail></animated_thumbnail>
        <thumbnail>https://www.thetvdb.com/banners/_cache/episodes/77677/403724.jpg</thumbnail>
        <animated_fanart></animated_fanart>
        <fanart>https://www.thetvdb.com/banners/_cache/episodes/77677/403724.jpg</fanart>
</item>

 <item>
        <title>Abbott and Costello S01E01 - The Lucky Dog</title>
        <meta>
                <content>episode</content>
                <imdb>tt0013341</imdb>
                <tvdb>77677</tvdb>
                <tvshowtitle>Abbott and Costello</tvshowtitle>
                <year>1952</year>
                <title>The Lucky Dog</title>
                <premiered>1921-10-13</premiered>
                <season>1</season>
                <episode>1</episode>
        </meta>
        <link>
		<sublink>search</sublink>
                <sublink>searchsd</sublink>
        </link>
        <animated_thumbnail></animated_thumbnail>
        <thumbnail>https://www.thetvdb.com/banners/_cache/episodes/77677/403724.jpg</thumbnail>
        <animated_fanart></animated_fanart>
        <fanart>https://www.thetvdb.com/banners/_cache/episodes/77677/403724.jpg</fanart>
</item>

 <item>
        <title>Abbott and Costello S01E01 - The Lucky Dog</title>
        <meta>
                <content>episode</content>
                <imdb>tt0013341</imdb>
                <tvdb>77677</tvdb>
                <tvshowtitle>Abbott and Costello</tvshowtitle>
                <year>1952</year>
                <title>The Lucky Dog</title>
                <premiered>1921-10-13</premiered>
                <season>1</season>
                <episode>1</episode>
        </meta>
        <link>
		<sublink>search</sublink>
                <sublink>searchsd</sublink>
        </link>
        <animated_thumbnail></animated_thumbnail>
        <thumbnail>https://www.thetvdb.com/banners/_cache/episodes/77677/403724.jpg</thumbnail>
        <animated_fanart></animated_fanart>
        <fanart>https://www.thetvdb.com/banners/_cache/episodes/77677/403724.jpg</fanart>
</item>

 <item>
        <title>Abbott and Costello S01E01 - The Lucky Dog</title>
        <meta>
                <content>episode</content>
                <imdb>tt0013341</imdb>
                <tvdb>77677</tvdb>
                <tvshowtitle>Abbott and Costello</tvshowtitle>
                <year>1952</year>
                <title>The Lucky Dog</title>
                <premiered>1921-10-13</premiered>
                <season>1</season>
                <episode>1</episode>
        </meta>
        <link>
		<sublink>search</sublink>
                <sublink>searchsd</sublink>
        </link>
        <animated_thumbnail></animated_thumbnail>
        <thumbnail>https://www.thetvdb.com/banners/_cache/episodes/77677/403724.jpg</thumbnail>
        <animated_fanart></animated_fanart>
        <fanart>https://www.thetvdb.com/banners/_cache/episodes/77677/403724.jpg</fanart>
</item>

 <item>
        <title>Abbott and Costello S01E01 - The Lucky Dog</title>
        <meta>
                <content>episode</content>
                <imdb>tt0013341</imdb>
                <tvdb>77677</tvdb>
                <tvshowtitle>Abbott and Costello</tvshowtitle>
                <year>1952</year>
                <title>The Lucky Dog</title>
                <premiered>1921-10-13</premiered>
                <season>1</season>
                <episode>1</episode>
        </meta>
        <link>
		<sublink>search</sublink>
                <sublink>searchsd</sublink>
        </link>
        <animated_thumbnail></animated_thumbnail>
        <thumbnail>https://www.thetvdb.com/banners/_cache/episodes/77677/403724.jpg</thumbnail>
        <animated_fanart></animated_fanart>
        <fanart>https://www.thetvdb.com/banners/_cache/episodes/77677/403724.jpg</fanart>
</item>

 <item>
        <title>Abbott and Costello S01E01 - The Lucky Dog</title>
        <meta>
                <content>episode</content>
                <imdb>tt0013341</imdb>
                <tvdb>77677</tvdb>
                <tvshowtitle>Abbott and Costello</tvshowtitle>
                <year>1952</year>
                <title>The Lucky Dog</title>
                <premiered>1921-10-13</premiered>
                <season>1</season>
                <episode>1</episode>
        </meta>
        <link>
		<sublink>search</sublink>
                <sublink>searchsd</sublink>
        </link>
        <animated_thumbnail></animated_thumbnail>
        <thumbnail>https://www.thetvdb.com/banners/_cache/episodes/77677/403724.jpg</thumbnail>
        <animated_fanart></animated_fanart>
        <fanart>https://www.thetvdb.com/banners/_cache/episodes/77677/403724.jpg</fanart>
</item>

 <item>
        <title>Abbott and Costello S01E01 - The Lucky Dog</title>
        <meta>
                <content>episode</content>
                <imdb>tt0013341</imdb>
                <tvdb>77677</tvdb>
                <tvshowtitle>Abbott and Costello</tvshowtitle>
                <year>1952</year>
                <title>The Lucky Dog</title>
                <premiered>1921-10-13</premiered>
                <season>1</season>
                <episode>1</episode>
        </meta>
        <link>
		<sublink>search</sublink>
                <sublink>searchsd</sublink>
        </link>
        <animated_thumbnail></animated_thumbnail>
        <thumbnail>https://www.thetvdb.com/banners/_cache/episodes/77677/403724.jpg</thumbnail>
        <animated_fanart></animated_fanart>
        <fanart>https://www.thetvdb.com/banners/_cache/episodes/77677/403724.jpg</fanart>
</item>

 <item>
        <title>Abbott and Costello S01E01 - The Lucky Dog</title>
        <meta>
                <content>episode</content>
                <imdb>tt0013341</imdb>
                <tvdb>77677</tvdb>
                <tvshowtitle>Abbott and Costello</tvshowtitle>
                <year>1952</year>
                <title>The Lucky Dog</title>
                <premiered>1921-10-13</premiered>
                <season>1</season>
                <episode>1</episode>
        </meta>
        <link>
		<sublink>search</sublink>
                <sublink>searchsd</sublink>
        </link>
        <animated_thumbnail></animated_thumbnail>
        <thumbnail>https://www.thetvdb.com/banners/_cache/episodes/77677/403724.jpg</thumbnail>
        <animated_fanart></animated_fanart>
        <fanart>https://www.thetvdb.com/banners/_cache/episodes/77677/403724.jpg</fanart>
</item>

 <item>
        <title>Abbott and Costello S01E01 - The Lucky Dog</title>
        <meta>
                <content>episode</content>
                <imdb>tt0013341</imdb>
                <tvdb>77677</tvdb>
                <tvshowtitle>Abbott and Costello</tvshowtitle>
                <year>1952</year>
                <title>The Lucky Dog</title>
                <premiered>1921-10-13</premiered>
                <season>1</season>
                <episode>1</episode>
        </meta>
        <link>
		<sublink>search</sublink>
                <sublink>searchsd</sublink>
        </link>
        <animated_thumbnail></animated_thumbnail>
        <thumbnail>https://www.thetvdb.com/banners/_cache/episodes/77677/403724.jpg</thumbnail>
        <animated_fanart></animated_fanart>
        <fanart>https://www.thetvdb.com/banners/_cache/episodes/77677/403724.jpg</fanart>
</item>

 <item>
        <title>Abbott and Costello S01E01 - The Lucky Dog</title>
        <meta>
                <content>episode</content>
                <imdb>tt0013341</imdb>
                <tvdb>77677</tvdb>
                <tvshowtitle>Abbott and Costello</tvshowtitle>
                <year>1952</year>
                <title>The Lucky Dog</title>
                <premiered>1921-10-13</premiered>
                <season>1</season>
                <episode>1</episode>
        </meta>
        <link>
		<sublink>search</sublink>
                <sublink>searchsd</sublink>
        </link>
        <animated_thumbnail></animated_thumbnail>
        <thumbnail>https://www.thetvdb.com/banners/_cache/episodes/77677/403724.jpg</thumbnail>
        <animated_fanart></animated_fanart>
        <fanart>https://www.thetvdb.com/banners/_cache/episodes/77677/403724.jpg</fanart>
</item>

 <item>
        <title>Abbott and Costello S01E01 - The Lucky Dog</title>
        <meta>
                <content>episode</content>
                <imdb>tt0013341</imdb>
                <tvdb>77677</tvdb>
                <tvshowtitle>Abbott and Costello</tvshowtitle>
                <year>1952</year>
                <title>The Lucky Dog</title>
                <premiered>1921-10-13</premiered>
                <season>1</season>
                <episode>1</episode>
        </meta>
        <link>
		<sublink>search</sublink>
                <sublink>searchsd</sublink>
        </link>
        <animated_thumbnail></animated_thumbnail>
        <thumbnail>https://www.thetvdb.com/banners/_cache/episodes/77677/403724.jpg</thumbnail>
        <animated_fanart></animated_fanart>
        <fanart>https://www.thetvdb.com/banners/_cache/episodes/77677/403724.jpg</fanart>
</item>

 <item>
        <title>Abbott and Costello S01E01 - The Lucky Dog</title>
        <meta>
                <content>episode</content>
                <imdb>tt0013341</imdb>
                <tvdb>77677</tvdb>
                <tvshowtitle>Abbott and Costello</tvshowtitle>
                <year>1952</year>
                <title>The Lucky Dog</title>
                <premiered>1921-10-13</premiered>
                <season>1</season>
                <episode>1</episode>
        </meta>
        <link>
		<sublink>search</sublink>
                <sublink>searchsd</sublink>
        </link>
        <animated_thumbnail></animated_thumbnail>
        <thumbnail>https://www.thetvdb.com/banners/_cache/episodes/77677/403724.jpg</thumbnail>
        <animated_fanart></animated_fanart>
        <fanart>https://www.thetvdb.com/banners/_cache/episodes/77677/403724.jpg</fanart>
</item>

 <item>
        <title>Abbott and Costello S01E01 - The Lucky Dog</title>
        <meta>
                <content>episode</content>
                <imdb>tt0013341</imdb>
                <tvdb>77677</tvdb>
                <tvshowtitle>Abbott and Costello</tvshowtitle>
                <year>1952</year>
                <title>The Lucky Dog</title>
                <premiered>1921-10-13</premiered>
                <season>1</season>
                <episode>1</episode>
        </meta>
        <link>
		<sublink>search</sublink>
                <sublink>searchsd</sublink>
        </link>
        <animated_thumbnail></animated_thumbnail>
        <thumbnail>https://www.thetvdb.com/banners/_cache/episodes/77677/403724.jpg</thumbnail>
        <animated_fanart></animated_fanart>
        <fanart>https://www.thetvdb.com/banners/_cache/episodes/77677/403724.jpg</fanart>
</item>

 <item>
        <title>Abbott and Costello S01E01 - The Lucky Dog</title>
        <meta>
                <content>episode</content>
                <imdb>tt0013341</imdb>
                <tvdb>77677</tvdb>
                <tvshowtitle>Abbott and Costello</tvshowtitle>
                <year>1952</year>
                <title>The Lucky Dog</title>
                <premiered>1921-10-13</premiered>
                <season>1</season>
                <episode>1</episode>
        </meta>
        <link>
		<sublink>search</sublink>
                <sublink>searchsd</sublink>
        </link>
        <animated_thumbnail></animated_thumbnail>
        <thumbnail>https://www.thetvdb.com/banners/_cache/episodes/77677/403724.jpg</thumbnail>
        <animated_fanart></animated_fanart>
        <fanart>https://www.thetvdb.com/banners/_cache/episodes/77677/403724.jpg</fanart>
</item>

 <item>
        <title>Abbott and Costello S01E01 - The Lucky Dog</title>
        <meta>
                <content>episode</content>
                <imdb>tt0013341</imdb>
                <tvdb>77677</tvdb>
                <tvshowtitle>Abbott and Costello</tvshowtitle>
                <year>1952</year>
                <title>The Lucky Dog</title>
                <premiered>1921-10-13</premiered>
                <season>1</season>
                <episode>1</episode>
        </meta>
        <link>
		<sublink>search</sublink>
                <sublink>searchsd</sublink>
        </link>
        <animated_thumbnail></animated_thumbnail>
        <thumbnail>https://www.thetvdb.com/banners/_cache/episodes/77677/403724.jpg</thumbnail>
        <animated_fanart></animated_fanart>
        <fanart>https://www.thetvdb.com/banners/_cache/episodes/77677/403724.jpg</fanart>
</item>

 <item>
        <title>Abbott and Costello S01E01 - The Lucky Dog</title>
        <meta>
                <content>episode</content>
                <imdb>tt0013341</imdb>
                <tvdb>77677</tvdb>
                <tvshowtitle>Abbott and Costello</tvshowtitle>
                <year>1952</year>
                <title>The Lucky Dog</title>
                <premiered>1921-10-13</premiered>
                <season>1</season>
                <episode>1</episode>
        </meta>
        <link>
		<sublink>search</sublink>
                <sublink>searchsd</sublink>
        </link>
        <animated_thumbnail></animated_thumbnail>
        <thumbnail>https://www.thetvdb.com/banners/_cache/episodes/77677/403724.jpg</thumbnail>
        <animated_fanart></animated_fanart>
        <fanart>https://www.thetvdb.com/banners/_cache/episodes/77677/403724.jpg</fanart>
</item>

 <item>
        <title>Abbott and Costello S01E01 - The Lucky Dog</title>
        <meta>
                <content>episode</content>
                <imdb>tt0013341</imdb>
                <tvdb>77677</tvdb>
                <tvshowtitle>Abbott and Costello</tvshowtitle>
                <year>1952</year>
                <title>The Lucky Dog</title>
                <premiered>1921-10-13</premiered>
                <season>1</season>
                <episode>1</episode>
        </meta>
        <link>
		<sublink>search</sublink>
                <sublink>searchsd</sublink>
        </link>
        <animated_thumbnail></animated_thumbnail>
        <thumbnail>https://www.thetvdb.com/banners/_cache/episodes/77677/403724.jpg</thumbnail>
        <animated_fanart></animated_fanart>
        <fanart>https://www.thetvdb.com/banners/_cache/episodes/77677/403724.jpg</fanart>
</item>

 <item>
        <title>Abbott and Costello S01E01 - The Lucky Dog</title>
        <meta>
                <content>episode</content>
                <imdb>tt0013341</imdb>
                <tvdb>77677</tvdb>
                <tvshowtitle>Abbott and Costello</tvshowtitle>
                <year>1952</year>
                <title>The Lucky Dog</title>
                <premiered>1921-10-13</premiered>
                <season>1</season>
                <episode>1</episode>
        </meta>
        <link>
		<sublink>search</sublink>
                <sublink>searchsd</sublink>
        </link>
        <animated_thumbnail></animated_thumbnail>
        <thumbnail>https://www.thetvdb.com/banners/_cache/episodes/77677/403724.jpg</thumbnail>
        <animated_fanart></animated_fanart>
        <fanart>https://www.thetvdb.com/banners/_cache/episodes/77677/403724.jpg</fanart>
</item>

 <item>
        <title>Abbott and Costello S01E01 - The Lucky Dog</title>
        <meta>
                <content>episode</content>
                <imdb>tt0013341</imdb>
                <tvdb>77677</tvdb>
                <tvshowtitle>Abbott and Costello</tvshowtitle>
                <year>1952</year>
                <title>The Lucky Dog</title>
                <premiered>1921-10-13</premiered>
                <season>1</season>
                <episode>1</episode>
        </meta>
        <link>
		<sublink>search</sublink>
                <sublink>searchsd</sublink>
        </link>
        <animated_thumbnail></animated_thumbnail>
        <thumbnail>https://www.thetvdb.com/banners/_cache/episodes/77677/403724.jpg</thumbnail>
        <animated_fanart></animated_fanart>
        <fanart>https://www.thetvdb.com/banners/_cache/episodes/77677/403724.jpg</fanart>
</item>

 <item>
        <title>Abbott and Costello S01E01 - The Lucky Dog</title>
        <meta>
                <content>episode</content>
                <imdb>tt0013341</imdb>
                <tvdb>77677</tvdb>
                <tvshowtitle>Abbott and Costello</tvshowtitle>
                <year>1952</year>
                <title>The Lucky Dog</title>
                <premiered>1921-10-13</premiered>
                <season>1</season>
                <episode>1</episode>
        </meta>
        <link>
		<sublink>search</sublink>
                <sublink>searchsd</sublink>
        </link>
        <animated_thumbnail></animated_thumbnail>
        <thumbnail>https://www.thetvdb.com/banners/_cache/episodes/77677/403724.jpg</thumbnail>
        <animated_fanart></animated_fanart>
        <fanart>https://www.thetvdb.com/banners/_cache/episodes/77677/403724.jpg</fanart>
</item>


