########################
<poster>Abbott and Costello</poster>
<thumbnail></thumbnail>
<fanart></fanart>
#############################

<dir>
        <name>Season 1</name>
        <meta>
                <content>season</content>
                <imdb>tt0044229</imdb>
                <tvdb>77677</tvdb>
                <tvshowtitle>Abbott and Costello</tvshowtitle>
                <year>1952</year>
                <season>1</season>
        </meta>
        <link>https://raw.githubusercontent.com/Doggmatic71/doggmatic71/master/plugin.video.laughtraxx/resources/abbott1.xml</link>
        <thumbnail>https://www.thetvdb.com/banners/_cache/seasons/77677-1.jpg</thumbnail>
</dir>

<dir>		
        <name>Season 2</name>
        <meta>
                <content>season</content>
                <imdb>tt0044229</imdb>
                <tvdb>77677</tvdb>
                <tvshowtitle>Abbott and Costello</tvshowtitle>
                <year>1952</year>
                <season>2</season>
        </meta>
        <link></link>
        <thumbnail>https://www.thetvdb.com/banners/_cache/seasons/77677-2.jpg</thumbnail>		
</dir>
