########################
<poster>The Addams Family</poster>
<thumbnail></thumbnail>
<fanart></fanart>
#############################

<dir>
        <name>Season 1</name>
        <meta>
                <content>season</content>
                <imdb>tt0057729</imdb>
                <tvdb>77137</tvdb>
                <tvshowtitle>The Addams Family</tvshowtitle>
                <year>1964</year>
                <season>1</season>
        </meta>
        <link>https://raw.githubusercontent.com/Doggmatic71/maddogg/master/plugin.video.laughtraxx/plugin.video.laughtraxx/resources/addams1.xml</link>
        <thumbnail>https://www.thetvdb.com/banners/_cache/seasons/77137-1-3.jpg</thumbnail>
</dir>

<dir>		
        <name>Season 2</name>
        <meta>
                <content>season</content>
                <imdb>tt0057729</imdb>
                <tvdb>77137</tvdb>
                <tvshowtitle>The Addams Family</tvshowtitle>
                <year>1964</year>
                <season>2</season>
        </meta>
        <link>https://raw.githubusercontent.com/Doggmatic71/maddogg/master/plugin.video.laughtraxx/plugin.video.laughtraxx/resources/addams2.xml</link>
        <thumbnail>https://www.thetvdb.com/banners/_cache/seasons/77137-2-5.jpg</thumbnail>		
</dir>
