########################
<poster>Season 2</poster>
<thumbnail></thumbnail>
<fanart></fanart>
########################

 <item>
        <title>The Addams Family S02E01 - My Fair Cousin Itt</title>
        <meta>
                <content>episode</content>
                <imdb>tt0505450</imdb>
                <tvdb>77137</tvdb>
                <tvshowtitle>The Addams Family</tvshowtitle>
                <year>1964</year>
                <title>My Fair Cousin Itt</title>
                <premiered>1965-09-17</premiered>
                <season>2</season>
                <episode>1</episode>
        </meta>
        <link>
		<sublink>search</sublink>
                <sublink>searchsd</sublink>
        </link>
        <animated_thumbnail></animated_thumbnail>
        <thumbnail>https://www.thetvdb.com/banners/_cache/episodes/77137/231533.jpg</thumbnail>
        <animated_fanart></animated_fanart>
        <fanart>https://www.thetvdb.com/banners/_cache/fanart/original/77137-4.jpg</fanart>
</item>

 <item>
        <title>The Addams Family S02E02 - Morticia's Romance (1)</title>
        <meta>
                <content>episode</content>
                <imdb>tt0505442</imdb>
                <tvdb>77137</tvdb>
                <tvshowtitle>The Addams Family</tvshowtitle>
                <year>1964</year>
                <title>Morticia's Romance (1)</title>
                <premiered>1965-09-24</premiered>
                <season>2</season>
                <episode>2</episode>
        </meta>
        <link>
		<sublink>search</sublink>
                <sublink>searchsd</sublink>
        </link>
        <animated_thumbnail></animated_thumbnail>
        <thumbnail>https://www.thetvdb.com/banners/_cache/episodes/77137/231534.jpg</thumbnail>
        <animated_fanart></animated_fanart>
        <fanart>https://www.thetvdb.com/banners/_cache/fanart/original/77137-4.jpg</fanart>
</item>

 <item>
        <title>The Addams Family S02E03 - Morticia's Romance (2)</title>
        <meta>
                <content>episode</content>
                <imdb>tt0505443</imdb>
                <tvdb>77137</tvdb>
                <tvshowtitle>The Addams Family</tvshowtitle>
                <year>1964</year>
                <title>Morticia's Romance (2)</title>
                <premiered>1965-10-01</premiered>
                <season>2</season>
                <episode>3</episode>
        </meta>
        <link>
		<sublink>search</sublink>
                <sublink>searchsd</sublink>
        </link>
        <animated_thumbnail></animated_thumbnail>
        <thumbnail>https://www.thetvdb.com/banners/_cache/episodes/77137/231535.jpg</thumbnail>
        <animated_fanart></animated_fanart>
        <fanart>https://www.thetvdb.com/banners/_cache/fanart/original/77137-4.jpg</fanart>
</item>

 <item>
        <title>The Addams Family S02E04 - Morticia Meets Royalty</title>
        <meta>
                <content>episode</content>
                <imdb>tt0505437</imdb>
                <tvdb>77137</tvdb>
                <tvshowtitle>The Addams Family</tvshowtitle>
                <year>1964</year>
                <title>Morticia Meets Royalty</title>
                <premiered>1965-10-08</premiered>
                <season>2</season>
                <episode>4</episode>
        </meta>
        <link>
		<sublink>search</sublink>
                <sublink>searchsd</sublink>
        </link>
        <animated_thumbnail></animated_thumbnail>
        <thumbnail>https://www.thetvdb.com/banners/_cache/episodes/77137/231536.jpg</thumbnail>
        <animated_fanart></animated_fanart>
        <fanart>https://www.thetvdb.com/banners/_cache/fanart/original/77137-4.jpg</fanart>
</item>

 <item>
        <title>The Addams Family S02E05 - Gomez, the People's Choice</title>
        <meta>
                <content>episode</content>
                <imdb>tt0505424</imdb>
                <tvdb>77137</tvdb>
                <tvshowtitle>The Addams Family</tvshowtitle>
                <year>1964</year>
                <title>Gomez, the People's Choice</title>
                <premiered>1965-10-15</premiered>
                <season>2</season>
                <episode>5</episode>
        </meta>
        <link>
		<sublink>search</sublink>
                <sublink>searchsd</sublink>
        </link>
        <animated_thumbnail></animated_thumbnail>
        <thumbnail>https://www.thetvdb.com/banners/_cache/episodes/77137/231537.jpg</thumbnail>
        <animated_fanart></animated_fanart>
        <fanart>https://www.thetvdb.com/banners/_cache/fanart/original/77137-4.jpg</fanart>
</item>

 <item>
        <title>The Addams Family S02E06 - Cousin Itt's Problem</title>
        <meta>
                <content>episode</content>
                <imdb>tt0505418</imdb>
                <tvdb>77137</tvdb>
                <tvshowtitle>The Addams Family</tvshowtitle>
                <year>1964</year>
                <title>Cousin Itt's Problem</title>
                <premiered>1965-10-22</premiered>
                <season>2</season>
                <episode>6</episode>
        </meta>
        <link>
		<sublink>search</sublink>
                <sublink>searchsd</sublink>
        </link>
        <animated_thumbnail></animated_thumbnail>
        <thumbnail>https://www.thetvdb.com/banners/_cache/episodes/77137/231538.jpg</thumbnail>
        <animated_fanart></animated_fanart>
        <fanart>https://www.thetvdb.com/banners/_cache/fanart/original/77137-4.jpg</fanart>
</item>

 <item>
        <title>The Addams Family S02E07 - Halloween - Addams Style</title>
        <meta>
                <content>episode</content>
                <imdb>tt0505429</imdb>
                <tvdb>77137</tvdb>
                <tvshowtitle>The Addams Family</tvshowtitle>
                <year>1964</year>
                <title>Halloween - Addams Style</title>
                <premiered>1965-10-29</premiered>
                <season>2</season>
                <episode>7</episode>
        </meta>
        <link>
		<sublink>search</sublink>
                <sublink>searchsd</sublink>
        </link>
        <animated_thumbnail></animated_thumbnail>
        <thumbnail>https://www.thetvdb.com/banners/_cache/episodes/77137/231539.jpg</thumbnail>
        <animated_fanart></animated_fanart>
        <fanart>https://www.thetvdb.com/banners/_cache/fanart/original/77137-4.jpg</fanart>
</item>
 <item>
        <title>The Addams Family S02E08 - Morticia, the Writer</title>
        <meta>
                <content>episode</content>
                <imdb>tt0505448</imdb>
                <tvdb>77137</tvdb>
                <tvshowtitle>The Addams Family</tvshowtitle>
                <year>1964</year>
                <title>Morticia, the Writer</title>
                <premiered>1965-11-05</premiered>
                <season>2</season>
                <episode>8</episode>
        </meta>
        <link>
		<sublink>search</sublink>
                <sublink>searchsd</sublink>
        </link>
        <animated_thumbnail></animated_thumbnail>
        <thumbnail>https://www.thetvdb.com/banners/_cache/episodes/77137/231540.jpg</thumbnail>
        <animated_fanart></animated_fanart>
        <fanart>https://www.thetvdb.com/banners/_cache/fanart/original/77137-4.jpg</fanart>
</item>

 <item>
        <title>The Addams Family S02E09 - Morticia, the Sculptress</title>
        <meta>
                <content>episode</content>
                <imdb>tt0505447</imdb>
                <tvdb>77137</tvdb>
                <tvshowtitle>The Addams Family</tvshowtitle>
                <year>1964</year>
                <title>Morticia, the Sculptress</title>
                <premiered>1965-11-12</premiered>
                <season>2</season>
                <episode>9</episode>
        </meta>
        <link>
		<sublink>search</sublink>
                <sublink>searchsd</sublink>
        </link>
        <animated_thumbnail></animated_thumbnail>
        <thumbnail>https://www.thetvdb.com/banners/_cache/episodes/77137/231541.jpg</thumbnail>
        <animated_fanart></animated_fanart>
        <fanart>https://www.thetvdb.com/banners/_cache/fanart/original/77137-4.jpg</fanart>
</item>

 <item>
        <title>The Addams Family S02E10 - Gomez, the Reluctant Lover</title>
        <meta>
                <content>episode</content>
                <imdb>tt0505426</imdb>
                <tvdb>77137</tvdb>
                <tvshowtitle>The Addams Family</tvshowtitle>
                <year>1964</year>
                <title>Gomez, the Reluctant Lover</title>
                <premiered>1965-11-19</premiered>
                <season>2</season>
                <episode>10</episode>
        </meta>
        <link>
		<sublink>search</sublink>
                <sublink>searchsd</sublink>
        </link>
        <animated_thumbnail></animated_thumbnail>
        <thumbnail>https://www.thetvdb.com/banners/_cache/episodes/77137/231542.jpg</thumbnail>
        <animated_fanart></animated_fanart>
        <fanart>https://www.thetvdb.com/banners/_cache/fanart/original/77137-4.jpg</fanart>
</item>
 <item>
        <title>The Addams Family S02E11 - Feud in the Addams Family</title>
        <meta>
                <content>episode</content>
                <imdb>tt0505422</imdb>
                <tvdb>77137</tvdb>
                <tvshowtitle>The Addams Family</tvshowtitle>
                <year>1964</year>
                <title>Feud in the Addams Family</title>
                <premiered>1965-11-26</premiered>
                <season>2</season>
                <episode>11</episode>
        </meta>
        <link>
		<sublink>search</sublink>
                <sublink>searchsd</sublink>
        </link>
        <animated_thumbnail></animated_thumbnail>
        <thumbnail>https://www.thetvdb.com/banners/_cache/episodes/77137/231543.jpg</thumbnail>
        <animated_fanart></animated_fanart>
        <fanart>https://www.thetvdb.com/banners/_cache/fanart/original/77137-4.jpg</fanart>
</item>

 <item>
        <title>The Addams Family S02E12 - Gomez, the Cat Burglar</title>
        <meta>
                <content>episode</content>
                <imdb>tt0505423</imdb>
                <tvdb>77137</tvdb>
                <tvshowtitle>The Addams Family</tvshowtitle>
                <year>1964</year>
                <title>Gomez, the Cat Burglar</title>
                <premiered>1965-12-03</premiered>
                <season>2</season>
                <episode>12</episode>
        </meta>
        <link>
		<sublink>search</sublink>
                <sublink>searchsd</sublink>
        </link>
        <animated_thumbnail></animated_thumbnail>
        <thumbnail>https://www.thetvdb.com/banners/_cache/episodes/77137/231544.jpg</thumbnail>
        <animated_fanart></animated_fanart>
        <fanart>https://www.thetvdb.com/banners/_cache/fanart/original/77137-4.jpg</fanart>
</item>

 <item>
        <title>The Addams Family S02E13 - Portrait of Gomez</title>
        <meta>
                <content>episode</content>
                <imdb>tt0505454</imdb>
                <tvdb>77137</tvdb>
                <tvshowtitle>The Addams Family</tvshowtitle>
                <year>1964</year>
                <title>Portrait of Gomez</title>
                <premiered>1965-12-10</premiered>
                <season>2</season>
                <episode>13</episode>
        </meta>
        <link>
		<sublink>search</sublink>
                <sublink>searchsd</sublink>
        </link>
        <animated_thumbnail></animated_thumbnail>
        <thumbnail>https://www.thetvdb.com/banners/_cache/episodes/77137/231545.jpg</thumbnail>
        <animated_fanart></animated_fanart>
        <fanart>https://www.thetvdb.com/banners/_cache/fanart/original/77137-4.jpg</fanart>
</item>

 <item>
        <title>The Addams Family S02E14 - Morticia's Dilemma</title>
        <meta>
                <content>episode</content>
                <imdb>tt0505440</imdb>
                <tvdb>77137</tvdb>
                <tvshowtitle>The Addams Family</tvshowtitle>
                <year>1964</year>
                <title>Morticia's Dilemma</title>
                <premiered>1965-12-17</premiered>
                <season>2</season>
                <episode>14</episode>
        </meta>
        <link>
		<sublink>search</sublink>
                <sublink>searchsd</sublink>
        </link>
        <animated_thumbnail></animated_thumbnail>
        <thumbnail>https://www.thetvdb.com/banners/_cache/episodes/77137/231546.jpg</thumbnail>
        <animated_fanart></animated_fanart>
        <fanart>https://www.thetvdb.com/banners/_cache/fanart/original/77137-4.jpg</fanart>
</item>

 <item>
        <title>The Addams Family S02E15 - Christmas with the Addams Family</title>
        <meta>
                <content>episode</content>
                <imdb>tt0505416</imdb>
                <tvdb>77137</tvdb>
                <tvshowtitle>The Addams Family</tvshowtitle>
                <year>1964</year>
                <title>Christmas with the Addams Family</title>
                <premiered>1965-12-24</premiered>
                <season>2</season>
                <episode>15</episode>
        </meta>
        <link>
		<sublink>search</sublink>
                <sublink>searchsd</sublink>
        </link>
        <animated_thumbnail></animated_thumbnail>
        <thumbnail>https://www.thetvdb.com/banners/_cache/episodes/77137/231547.jpg</thumbnail>
        <animated_fanart></animated_fanart>
        <fanart>https://www.thetvdb.com/banners/_cache/fanart/original/77137-4.jpg</fanart>
</item>

 <item>
        <title>The Addams Family S02E16 - Uncle Fester, Tycoon</title>
        <meta>
                <content>episode</content>
                <imdb>tt0505473</imdb>
                <tvdb>77137</tvdb>
                <tvshowtitle>The Addams Family</tvshowtitle>
                <year>1964</year>
                <title>Uncle Fester, Tycoon</title>
                <premiered>1965-12-31</premiered>
                <season>2</season>
                <episode>16</episode>
        </meta>
        <link>
		<sublink>search</sublink>
                <sublink>searchsd</sublink>
        </link>
        <animated_thumbnail></animated_thumbnail>
        <thumbnail>https://www.thetvdb.com/banners/_cache/episodes/77137/231548.jpg</thumbnail>
        <animated_fanart></animated_fanart>
        <fanart>https://www.thetvdb.com/banners/_cache/fanart/original/77137-4.jpg</fanart>
</item>

 <item>
        <title>The Addams Family S02E17 - Morticia and Gomez vs. Fester and Grandmama</title>
        <meta>
                <content>episode</content>
                <imdb>tt0505438</imdb>
                <tvdb>77137</tvdb>
                <tvshowtitle>The Addams Family</tvshowtitle>
                <year>1964</year>
                <title>Morticia and Gomez vs. Fester and Grandmama</title>
                <premiered>1966-01-07</premiered>
                <season>2</season>
                <episode>17</episode>
        </meta>
        <link>
		<sublink>search</sublink>
                <sublink>searchsd</sublink>
        </link>
        <animated_thumbnail></animated_thumbnail>
        <thumbnail>https://www.thetvdb.com/banners/_cache/episodes/77137/231549.jpg</thumbnail>
        <animated_fanart></animated_fanart>
        <fanart>https://www.thetvdb.com/banners/_cache/fanart/original/77137-4.jpg</fanart>
</item>

 <item>
        <title>The Addams Family S02E18 - Fester Goes on a Diet</title>
        <meta>
                <content>episode</content>
                <imdb>tt0505420</imdb>
                <tvdb>77137</tvdb>
                <tvshowtitle>The Addams Family</tvshowtitle>
                <year>1964</year>
                <title>Fester Goes on a Diet</title>
                <premiered>1966-01-14</premiered>
                <season>2</season>
                <episode>18</episode>
        </meta>
        <link>
		<sublink>search</sublink>
                <sublink>searchsd</sublink>
        </link>
        <animated_thumbnail></animated_thumbnail>
        <thumbnail>https://www.thetvdb.com/banners/_cache/episodes/77137/231550.jpg</thumbnail>
        <animated_fanart></animated_fanart>
        <fanart>https://www.thetvdb.com/banners/_cache/fanart/original/77137-4.jpg</fanart>
</item>

 <item>
        <title>The Addams Family S02E19 - The Great Treasure Hunt</title>
        <meta>
                <content>episode</content>
                <imdb>tt0505466</imdb>
                <tvdb>77137</tvdb>
                <tvshowtitle>The Addams Family</tvshowtitle>
                <year>1964</year>
                <title>The Great Treasure Hunt</title>
                <premiered>1966-01-21</premiered>
                <season>2</season>
                <episode>19</episode>
        </meta>
        <link>
		<sublink>search</sublink>
                <sublink>searchsd</sublink>
        </link>
        <animated_thumbnail></animated_thumbnail>
        <thumbnail>https://www.thetvdb.com/banners/_cache/episodes/77137/231551.jpg</thumbnail>
        <animated_fanart></animated_fanart>
        <fanart>https://www.thetvdb.com/banners/_cache/fanart/original/77137-4.jpg</fanart>
</item>

 <item>
        <title>The Addams Family S02E20 - Ophelia Finds Romance</title>
        <meta>
                <content>episode</content>
                <imdb>tt0505451</imdb>
                <tvdb>77137</tvdb>
                <tvshowtitle>The Addams Family</tvshowtitle>
                <year>1964</year>
                <title>Ophelia Finds Romance</title>
                <premiered>1966-01-28</premiered>
                <season>2</season>
                <episode>20</episode>
        </meta>
        <link>
		<sublink>search</sublink>
                <sublink>searchsd</sublink>
        </link>
        <animated_thumbnail></animated_thumbnail>
        <thumbnail>https://www.thetvdb.com/banners/_cache/episodes/77137/231552.jpg</thumbnail>
        <animated_fanart></animated_fanart>
        <fanart>https://www.thetvdb.com/banners/_cache/fanart/original/77137-4.jpg</fanart>
</item>

 <item>
        <title>The Addams Family S02E21 - Pugsley's Allowance</title>
        <meta>
                <content>episode</content>
                <imdb>tt0505456</imdb>
                <tvdb>77137</tvdb>
                <tvshowtitle>The Addams Family</tvshowtitle>
                <year>1964</year>
                <title>Pugsley's Allowance</title>
                <premiered>1966-02-04</premiered>
                <season>2</season>
                <episode>21</episode>
        </meta>
        <link>
		<sublink>search</sublink>
                <sublink>searchsd</sublink>
        </link>
        <animated_thumbnail></animated_thumbnail>
        <thumbnail>https://www.thetvdb.com/banners/_cache/episodes/77137/231553.jpg</thumbnail>
        <animated_fanart></animated_fanart>
        <fanart>https://www.thetvdb.com/banners/_cache/fanart/original/77137-4.jpg</fanart>
</item>

 <item>
        <title>The Addams Family S02E22 - Happy Birthday, Grandma Frump</title>
        <meta>
                <content>episode</content>
                <imdb>tt0505430</imdb>
                <tvdb>77137</tvdb>
                <tvshowtitle>The Addams Family</tvshowtitle>
                <year>1964</year>
                <title>Happy Birthday, Grandma Frump</title>
                <premiered>1966-02-11</premiered>
                <season>2</season>
                <episode>22</episode>
        </meta>
        <link>
		<sublink>search</sublink>
                <sublink>searchsd</sublink>
        </link>
        <animated_thumbnail></animated_thumbnail>
        <thumbnail>https://www.thetvdb.com/banners/_cache/episodes/77137/231554.jpg</thumbnail>
        <animated_fanart></animated_fanart>
        <fanart>https://www.thetvdb.com/banners/_cache/fanart/original/77137-4.jpg</fanart>
</item>

 <item>
        <title>The Addams Family S02E23 - Morticia, the Decorator</title>
        <meta>
                <content>episode</content>
                <imdb>tt0505445</imdb>
                <tvdb>77137</tvdb>
                <tvshowtitle>The Addams Family</tvshowtitle>
                <year>1964</year>
                <title>Morticia, the Decorator</title>
                <premiered>1966-02-18</premiered>
                <season>2</season>
                <episode>23</episode>
        </meta>
        <link>
		<sublink>search</sublink>
                <sublink>searchsd</sublink>
        </link>
        <animated_thumbnail></animated_thumbnail>
        <thumbnail>https://www.thetvdb.com/banners/_cache/episodes/77137/231555.jpg</thumbnail>
        <animated_fanart></animated_fanart>
        <fanart>https://www.thetvdb.com/banners/_cache/fanart/original/77137-4.jpg</fanart>
</item>

 <item>
        <title>The Addams Family S02E24 - Ophelia Visits Morticia</title>
        <meta>
                <content>episode</content>
                <imdb>tt0505452</imdb>
                <tvdb>77137</tvdb>
                <tvshowtitle>The Addams Family</tvshowtitle>
                <year>1964</year>
                <title>Ophelia Visits Morticia</title>
                <premiered>1966-02-25</premiered>
                <season>2</season>
                <episode>24</episode>
        </meta>
        <link>
		<sublink>search</sublink>
                <sublink>searchsd</sublink>
        </link>
        <animated_thumbnail></animated_thumbnail>
        <thumbnail>https://www.thetvdb.com/banners/_cache/episodes/77137/231556.jpg</thumbnail>
        <animated_fanart></animated_fanart>
        <fanart>https://www.thetvdb.com/banners/_cache/fanart/original/77137-4.jpg</fanart>
</item>

 <item>
        <title>The Addams Family S02E25 - Addams Cum Laude</title>
        <meta>
                <content>episode</content>
                <imdb>tt0505413</imdb>
                <tvdb>77137</tvdb>
                <tvshowtitle>The Addams Family</tvshowtitle>
                <year>1964</year>
                <title>Addams Cum Laude</title>
                <premiered>1966-03-04</premiered>
                <season>2</season>
                <episode>24</episode>
        </meta>
        <link>
		<sublink>search</sublink>
                <sublink>searchsd</sublink>
        </link>
        <animated_thumbnail></animated_thumbnail>
        <thumbnail>https://www.thetvdb.com/banners/_cache/episodes/77137/231557.jpg</thumbnail>
        <animated_fanart></animated_fanart>
        <fanart>https://www.thetvdb.com/banners/_cache/fanart/original/77137-4.jpg</fanart>
</item>

 <item>
        <title>The Addams Family S02E26 - Cat Addams</title>
        <meta>
                <content>episode</content>
                <imdb>tt0505415</imdb>
                <tvdb>77137</tvdb>
                <tvshowtitle>The Addams Family</tvshowtitle>
                <year>1964</year>
                <title>Cat Addams</title>
                <premiered>1966-03-11</premiered>
                <season>2</season>
                <episode>24</episode>
        </meta>
        <link>
		<sublink>search</sublink>
                <sublink>searchsd</sublink>
        </link>
        <animated_thumbnail></animated_thumbnail>
        <thumbnail>https://www.thetvdb.com/banners/_cache/episodes/77137/231558.jpg</thumbnail>
        <animated_fanart></animated_fanart>
        <fanart>https://www.thetvdb.com/banners/_cache/fanart/original/77137-4.jpg</fanart>
</item>

 <item>
        <title>The Addams Family S02E27 - Lurch's Little Helper</title>
        <meta>
                <content>episode</content>
                <imdb>tt0505434</imdb>
                <tvdb>77137</tvdb>
                <tvshowtitle>The Addams Family</tvshowtitle>
                <year>1964</year>
                <title>Lurch's Little Helper</title>
                <premiered>1966-03-18</premiered>
                <season>2</season>
                <episode>24</episode>
        </meta>
        <link>
		<sublink>search</sublink>
                <sublink>searchsd</sublink>
        </link>
        <animated_thumbnail></animated_thumbnail>
        <thumbnail>https://www.thetvdb.com/banners/_cache/episodes/77137/231559.jpg</thumbnail>
        <animated_fanart></animated_fanart>
        <fanart>https://www.thetvdb.com/banners/_cache/fanart/original/77137-4.jpg</fanart>
</item>

 <item>
        <title>The Addams Family S02E28 - The Addams Policy</title>
        <meta>
                <content>episode</content>
                <imdb>tt0505465</imdb>
                <tvdb>77137</tvdb>
                <tvshowtitle>The Addams Family</tvshowtitle>
                <year>1964</year>
                <title>The Addams Policy</title>
                <premiered>1966-03-25</premiered>
                <season>2</season>
                <episode>24</episode>
        </meta>
        <link>
		<sublink>search</sublink>
                <sublink>searchsd</sublink>
        </link>
        <animated_thumbnail></animated_thumbnail>
        <thumbnail>https://www.thetvdb.com/banners/_cache/episodes/77137/231560.jpg</thumbnail>
        <animated_fanart></animated_fanart>
        <fanart>https://www.thetvdb.com/banners/_cache/fanart/original/77137-4.jpg</fanart>
</item>

 <item>
        <title>The Addams Family S02E29 - Lurch's Grand Romance</title>
        <meta>
                <content>episode</content>
                <imdb>tt0505433</imdb>
                <tvdb>77137</tvdb>
                <tvshowtitle>The Addams Family</tvshowtitle>
                <year>1964</year>
                <title>Lurch's Grand Romance</title>
                <premiered>1966-04-01</premiered>
                <season>2</season>
                <episode>24</episode>
        </meta>
        <link>
		<sublink>search</sublink>
                <sublink>searchsd</sublink>
        </link>
        <animated_thumbnail></animated_thumbnail>
        <thumbnail>https://www.thetvdb.com/banners/_cache/episodes/77137/231561.jpg</thumbnail>
        <animated_fanart></animated_fanart>
        <fanart>https://www.thetvdb.com/banners/_cache/fanart/original/77137-4.jpg</fanart>
</item>

 <item>
        <title>The Addams Family S02E30 - Ophelia's Career</title>
        <meta>
                <content>episode</content>
                <imdb>tt0505453</imdb>
                <tvdb>77137</tvdb>
                <tvshowtitle>The Addams Family</tvshowtitle>
                <year>1964</year>
                <title>Ophelia's Career</title>
                <premiered>1966-04-08</premiered>
                <season>2</season>
                <episode>24</episode>
        </meta>
        <link>
		<sublink>search</sublink>
                <sublink>searchsd</sublink>
        </link>
        <animated_thumbnail></animated_thumbnail>
        <thumbnail>https://www.thetvdb.com/banners/_cache/episodes/77137/231562.jpg</thumbnail>
        <animated_fanart></animated_fanart>
        <fanart>https://www.thetvdb.com/banners/_cache/fanart/original/77137-4.jpg</fanart>
</item>
