########################
<poster>Bonanza</poster>
<thumbnail></thumbnail>
<fanart></fanart>
#############################

<dir>
        <name>Season 1</name>
        <meta>
                <content>season</content>
                <imdb>tt0052451</imdb>
                <tvdb>73378</tvdb>
                <tvshowtitle>Bonanza</tvshowtitle>
                <year>1959</year>
                <season>1</season>
        </meta>
        <link>https://raw.githubusercontent.com/Doggmatic71/maddogg/master/plugin.video.laughtraxx/plugin.video.laughtraxx/resources/bonanza1.xml</link>
        <thumbnail>https://www.thetvdb.com/banners/_cache/seasons/73378-1.jpg</thumbnail>
</dir>

<dir>
        <name>Season 2</name>
        <meta>
                <content>season</content>
                <imdb>tt0052451</imdb>
                <tvdb>73378</tvdb>
                <tvshowtitle>Bonanza</tvshowtitle>
                <year>1959</year>
                <season>2</season>
        </meta>
        <link></link>
        <thumbnail>https://www.thetvdb.com/banners/_cache/seasons/73378-2-2.jpg</thumbnail>
</dir>

<dir>
        <name>Season 3</name>
        <meta>
                <content>season</content>
                <imdb>tt0052451</imdb>
                <tvdb>73378</tvdb>
                <tvshowtitle>Bonanza</tvshowtitle>
                <year>1959</year>
                <season>3</season>
        </meta>
        <link></link>
        <thumbnail>https://www.thetvdb.com/banners/_cache/seasons/73378-3.jpg</thumbnail>
</dir>

<dir>
        <name>Season 4</name>
        <meta>
                <content>season</content>
                <imdb>tt0052451</imdb>
                <tvdb>73378</tvdb>
                <tvshowtitle>Bonanza</tvshowtitle>
                <year>1959</year>
                <season>4</season>
        </meta>
        <link></link>
        <thumbnail>https://www.thetvdb.com/banners/_cache/seasons/73378-4-2.jpg</thumbnail>
</dir>

<dir>
        <name>Season 5</name>
        <meta>
                <content>season</content>
                <imdb>tt0052451</imdb>
                <tvdb>73378</tvdb>
                <tvshowtitle>Bonanza</tvshowtitle>
                <year>1959</year>
                <season>5</season>
        </meta>
        <link></link>
        <thumbnail>https://www.thetvdb.com/banners/_cache/seasons/73378-5-2.jpg</thumbnail>
</dir>

<dir>
        <name>Season 6</name>
        <meta>
                <content>season</content>
                <imdb>tt0052451</imdb>
                <tvdb>73378</tvdb>
                <tvshowtitle>Bonanza</tvshowtitle>
                <year>1959</year>
                <season>6</season>
        </meta>
        <link></link>
        <thumbnail>https://www.thetvdb.com/banners/_cache/seasons/73378-6.jpg</thumbnail>
</dir>

<dir>
        <name>Season 7</name>
        <meta>
                <content>season</content>
                <imdb>tt0052451</imdb>
                <tvdb>73378</tvdb>
                <tvshowtitle>Bonanza</tvshowtitle>
                <year>1959</year>
                <season>7</season>
        </meta>
        <link></link>
        <thumbnail>https://www.thetvdb.com/banners/_cache/seasons/73378-7.jpg</thumbnail>
</dir>

<dir>
        <name>Season 8</name>
        <meta>
                <content>season</content>
                <imdb>tt0052451</imdb>
                <tvdb>73378</tvdb>
                <tvshowtitle>Bonanza</tvshowtitle>
                <year>1959</year>
                <season>8</season>
        </meta>
        <link></link>
        <thumbnail>https://www.thetvdb.com/banners/_cache/seasons/73378-8.jpg</thumbnail>
</dir>

<dir>
        <name>Season 9</name>
        <meta>
                <content>season</content>
                <imdb>tt0052451</imdb>
                <tvdb>73378</tvdb>
                <tvshowtitle>Bonanza</tvshowtitle>
                <year>1959</year>
                <season>9</season>
        </meta>
        <link></link>
        <thumbnail>https://www.thetvdb.com/banners/_cache/seasons/73378-9.jpg</thumbnail>
</dir>

<dir>
        <name>Season 10</name>
        <meta>
                <content>season</content>
                <imdb>tt0052451</imdb>
                <tvdb>73378</tvdb>
                <tvshowtitle>Bonanza</tvshowtitle>
                <year>1959</year>
                <season>10</season>
        </meta>
        <link></link>
        <thumbnail>https://www.thetvdb.com/banners/_cache/seasons/73378-10.jpg</thumbnail>
</dir>

<dir>
        <name>Season 11</name>
        <meta>
                <content>season</content>
                <imdb>tt0052451</imdb>
                <tvdb>73378</tvdb>
                <tvshowtitle>Bonanza</tvshowtitle>
                <year>1959</year>
                <season>11</season>
        </meta>
        <link></link>
        <thumbnail>https://www.thetvdb.com/banners/_cache/seasons/73378-11.jpg</thumbnail>
</dir>

<dir>
        <name>Season 12</name>
        <meta>
                <content>season</content>
                <imdb>tt0052451</imdb>
                <tvdb>73378</tvdb>
                <tvshowtitle>Bonanza</tvshowtitle>
                <year>1959</year>
                <season>12</season>
        </meta>
        <link></link>
        <thumbnail>https://www.thetvdb.com/banners/_cache/seasons/73378-12.jpg</thumbnail>
</dir>

<dir>
        <name>Season 13</name>
        <meta>
                <content>season</content>
                <imdb>tt0052451</imdb>
                <tvdb>73378</tvdb>
                <tvshowtitle>Bonanza</tvshowtitle>
                <year>1959</year>
                <season>13</season>
        </meta>
        <link></link>
        <thumbnail>https://www.thetvdb.com/banners/_cache/seasons/73378-13.jpg</thumbnail>
</dir>

<dir>
        <name>Season 14</name>
        <meta>
                <content>season</content>
                <imdb>tt0052451</imdb>
                <tvdb>73378</tvdb>
                <tvshowtitle>Bonanza</tvshowtitle>
                <year>1959</year>
                <season>14</season>
        </meta>
        <link></link>
        <thumbnail>https://www.thetvdb.com/banners/_cache/seasons/73378-14.jpg</thumbnail>
</dir>

