########################
<poster>Season 1</poster>
<thumbnail></thumbnail>
<fanart></fanart>
########################

 <item>
        <title>Bonanza S01E01 - A Rose for Lotta</title>
        <meta>
                <content>episode</content>
                <imdb>tt0529483</imdb>
                <tvdb>73378</tvdb>
                <tvshowtitle>Bonanza</tvshowtitle>
                <year>1959</year>
                <title>A Rose for Lotta</title>
                <premiered>1959-09-12</premiered>
                <season>1</season>
                <episode>1</episode>
        </meta>
        <link>
		<sublink>search</sublink>
                <sublink>searchsd</sublink>
        </link>
        <animated_thumbnail></animated_thumbnail>
        <thumbnail>https://www.thetvdb.com/banners/_cache/posters/73378-2.jpg</thumbnail>
        <animated_fanart></animated_fanart>
        <fanart>https://www.thetvdb.com/banners/_cache/fanart/original/73378-5.jpg</fanart>
</item>

 <item>
        <title>Bonanza S01E02 - Death on Sun Mountain</title>
        <meta>
                <content>episode</content>
                <imdb>tt0529536</imdb>
                <tvdb>73378</tvdb>
                <tvshowtitle>Bonanza</tvshowtitle>
                <year>1959</year>
                <title>Death on Sun Mountain</title>
                <premiered>1959-09-19</premiered>
                <season>1</season>
                <episode>2</episode>
        </meta>
        <link>
		<sublink>search</sublink>
                <sublink>searchsd</sublink>
        </link>
        <animated_thumbnail></animated_thumbnail>
        <thumbnail>https://www.thetvdb.com/banners/_cache/posters/73378-2.jpg</thumbnail>
        <animated_fanart></animated_fanart>
        <fanart>https://www.thetvdb.com/banners/_cache/fanart/original/73378-5.jpg</fanart>
</item>

 <item>
        <title>Bonanza S01E03 - The Newcomers</title>
        <meta>
                <content>episode</content>
                <imdb>tt0529781</imdb>
                <tvdb>73378</tvdb>
                <tvshowtitle>Bonanza</tvshowtitle>
                <year>1959</year>
                <title>The Newcomers</title>
                <premiered>1959-09-26</premiered>
                <season>1</season>
                <episode>3</episode>
        </meta>
        <link>
		<sublink>search</sublink>
                <sublink>searchsd</sublink>
        </link>
        <animated_thumbnail></animated_thumbnail>
        <thumbnail>https://www.thetvdb.com/banners/_cache/posters/73378-2.jpg</thumbnail>
        <animated_fanart></animated_fanart>
        <fanart>https://www.thetvdb.com/banners/_cache/fanart/original/73378-5.jpg</fanart>
</item>

 <item>
        <title>Bonanza S01E04 - The Paiute War</title>
        <meta>
                <content>episode</content>
                <imdb>tt0529786</imdb>
                <tvdb>73378</tvdb>
                <tvshowtitle>Bonanza</tvshowtitle>
                <year>1959</year>
                <title>The Paiute War</title>
                <premiered>1959-10-03</premiered>
                <season>1</season>
                <episode>4</episode>
        </meta>
        <link>
		<sublink>search</sublink>
                <sublink>searchsd</sublink>
        </link>
        <animated_thumbnail></animated_thumbnail>
        <thumbnail>https://www.thetvdb.com/banners/_cache/posters/73378-2.jpg</thumbnail>
        <animated_fanart></animated_fanart>
        <fanart>https://www.thetvdb.com/banners/_cache/fanart/original/73378-5.jpg</fanart>
</item>

 <item>
        <title>Bonanza S01E05 - Enter Mark Twain</title>
        <meta>
                <content>episode</content>
                <imdb>tt0529553</imdb>
                <tvdb>73378</tvdb>
                <tvshowtitle>Bonanza</tvshowtitle>
                <year>1959</year>
                <title>Enter Mark Twain</title>
                <premiered>1959-10-10</premiered>
                <season>1</season>
                <episode>5</episode>
        </meta>
        <link>
		<sublink>search</sublink>
                <sublink>searchsd</sublink>
        </link>
        <animated_thumbnail></animated_thumbnail>
        <thumbnail>https://www.thetvdb.com/banners/_cache/posters/73378-2.jpg</thumbnail>
        <animated_fanart></animated_fanart>
        <fanart>https://www.thetvdb.com/banners/_cache/fanart/original/73378-5.jpg</fanart>
</item>

 <item>
        <title>Bonanza S01E06 - The Julia Bulette Story</title>
        <meta>
                <content>episode</content>
                <imdb>tt0529749</imdb>
                <tvdb>73378</tvdb>
                <tvshowtitle>Bonanza</tvshowtitle>
                <year>1959</year>
                <title>The Julia Bulette Story</title>
                <premiered>1959-10-17</premiered>
                <season>1</season>
                <episode>6</episode>
        </meta>
        <link>
		<sublink>search</sublink>
                <sublink>searchsd</sublink>
        </link>
        <animated_thumbnail></animated_thumbnail>
        <thumbnail>https://www.thetvdb.com/banners/_cache/posters/73378-2.jpg</thumbnail>
        <animated_fanart></animated_fanart>
        <fanart>https://www.thetvdb.com/banners/_cache/fanart/original/73378-5.jpg</fanart>
</item>

 <item>
        <title>Bonanza S01E07 - The Saga of Annie O'Toole</title>
        <meta>
                <content>episode</content>
                <imdb>tt0529812</imdb>
                <tvdb>73378</tvdb>
                <tvshowtitle>Bonanza</tvshowtitle>
                <year>1959</year>
                <title>The Saga of Annie O'Toole</title>
                <premiered>1959-10-24</premiered>
                <season>1</season>
                <episode>7</episode>
        </meta>
        <link>
		<sublink>search</sublink>
                <sublink>searchsd</sublink>
        </link>
        <animated_thumbnail></animated_thumbnail>
        <thumbnail>https://www.thetvdb.com/banners/_cache/posters/73378-2.jpg</thumbnail>
        <animated_fanart></animated_fanart>
        <fanart>https://www.thetvdb.com/banners/_cache/fanart/original/73378-5.jpg</fanart>
</item>
 <item>
        <title>Bonanza S01E08 - The Phillip Diedesheimer Story</title>
        <meta>
                <content>episode</content>
                <imdb>tt0529788</imdb>
                <tvdb>73378</tvdb>
                <tvshowtitle>Bonanza</tvshowtitle>
                <year>1959</year>
                <title>The Phillip Diedesheimer Story</title>
                <premiered>1959-10-31</premiered>
                <season>1</season>
                <episode>8</episode>
        </meta>
        <link>
		<sublink>search</sublink>
                <sublink>searchsd</sublink>
        </link>
        <animated_thumbnail></animated_thumbnail>
        <thumbnail>https://www.thetvdb.com/banners/_cache/posters/73378-2.jpg</thumbnail>
        <animated_fanart></animated_fanart>
        <fanart>https://www.thetvdb.com/banners/_cache/fanart/original/73378-5.jpg</fanart>
</item>

 <item>
        <title>Bonanza S01E09 - Mr. Henry Comstock</title>
        <meta>
                <content>episode</content>
                <imdb>tt0529612</imdb>
                <tvdb>73378</tvdb>
                <tvshowtitle>Bonanza</tvshowtitle>
                <year>1959</year>
                <title>Mr. Henry Comstock</title>
                <premiered>1959-11-07</premiered>
                <season>1</season>
                <episode>9</episode>
        </meta>
        <link>
		<sublink>search</sublink>
                <sublink>searchsd</sublink>
        </link>
        <animated_thumbnail></animated_thumbnail>
        <thumbnail>https://www.thetvdb.com/banners/_cache/posters/73378-2.jpg</thumbnail>
        <animated_fanart></animated_fanart>
        <fanart>https://www.thetvdb.com/banners/_cache/fanart/original/73378-5.jpg</fanart>
</item>

 <item>
        <title>Bonanza S01E10 - The Magnificent Adah</title>
        <meta>
                <content>episode</content>
                <imdb>tt0529771</imdb>
                <tvdb>73378</tvdb>
                <tvshowtitle>Bonanza</tvshowtitle>
                <year>1959</year>
                <title>The Magnificent Adah</title>
                <premiered>1959-11-14</premiered>
                <season>1</season>
                <episode>10</episode>
        </meta>
        <link>
		<sublink>search</sublink>
                <sublink>searchsd</sublink>
        </link>
        <animated_thumbnail></animated_thumbnail>
        <thumbnail>https://www.thetvdb.com/banners/_cache/posters/73378-2.jpg</thumbnail>
        <animated_fanart></animated_fanart>
        <fanart>https://www.thetvdb.com/banners/_cache/fanart/original/73378-5.jpg</fanart>
</item>
 <item>
        <title>Bonanza S01E11 - The Truckee Strip</title>
        <meta>
                <content>episode</content>
                <imdb>tt0529848</imdb>
                <tvdb>73378</tvdb>
                <tvshowtitle>Bonanza</tvshowtitle>
                <year>1959</year>
                <title>The Truckee Strip</title>
                <premiered>1959-11-21</premiered>
                <season>1</season>
                <episode>11</episode>
        </meta>
        <link>
		<sublink>search</sublink>
                <sublink>searchsd</sublink>
        </link>
        <animated_thumbnail></animated_thumbnail>
        <thumbnail>https://www.thetvdb.com/banners/_cache/posters/73378-2.jpg</thumbnail>
        <animated_fanart></animated_fanart>
        <fanart>https://www.thetvdb.com/banners/_cache/fanart/original/73378-5.jpg</fanart>
</item>

 <item>
        <title>Bonanza S01E12 - The Hanging Posse</title>
        <meta>
                <content>episode</content>
                <imdb>tt0529734</imdb>
                <tvdb>73378</tvdb>
                <tvshowtitle>Bonanza</tvshowtitle>
                <year>1959</year>
                <title>The Hanging Posse</title>
                <premiered>1959-11-28</premiered>
                <season>1</season>
                <episode>12</episode>
        </meta>
        <link>
		<sublink>search</sublink>
                <sublink>searchsd</sublink>
        </link>
        <animated_thumbnail></animated_thumbnail>
        <thumbnail>https://www.thetvdb.com/banners/_cache/posters/73378-2.jpg</thumbnail>
        <animated_fanart></animated_fanart>
        <fanart>https://www.thetvdb.com/banners/_cache/fanart/original/73378-5.jpg</fanart>
</item>

 <item>
        <title>Bonanza S01E13 - Vendetta</title>
        <meta>
                <content>episode</content>
                <imdb>tt0529878</imdb>
                <tvdb>73378</tvdb>
                <tvshowtitle>Bonanza</tvshowtitle>
                <year>1959</year>
                <title>Vendetta</title>
                <premiered>1959-12-05</premiered>
                <season>1</season>
                <episode>13</episode>
        </meta>
        <link>
		<sublink>search</sublink>
                <sublink>searchsd</sublink>
        </link>
        <animated_thumbnail></animated_thumbnail>
        <thumbnail>https://www.thetvdb.com/banners/_cache/posters/73378-2.jpg</thumbnail>
        <animated_fanart></animated_fanart>
        <fanart>https://www.thetvdb.com/banners/_cache/fanart/original/73378-5.jpg</fanart>
</item>

 <item>
        <title>Bonanza S01E14 - The Sisters</title>
        <meta>
                <content>episode</content>
                <imdb>tt0529822</imdb>
                <tvdb>73378</tvdb>
                <tvshowtitle>Bonanza</tvshowtitle>
                <year>1959</year>
                <title>The Sisters</title>
                <premiered>1959-12-12</premiered>
                <season>1</season>
                <episode>14</episode>
        </meta>
        <link>
		<sublink>search</sublink>
                <sublink>searchsd</sublink>
        </link>
        <animated_thumbnail></animated_thumbnail>
        <thumbnail>https://www.thetvdb.com/banners/_cache/posters/73378-2.jpg</thumbnail>
        <animated_fanart></animated_fanart>
        <fanart>https://www.thetvdb.com/banners/_cache/fanart/original/73378-5.jpg</fanart>
</item>

 <item>
        <title>Bonanza S01E15 - The Last Hunt</title>
        <meta>
                <content>episode</content>
                <imdb>tt0529755</imdb>
                <tvdb>73378</tvdb>
                <tvshowtitle>Bonanza</tvshowtitle>
                <year>1959</year>
                <title>The Last Hunt</title>
                <premiered>1959-12-19</premiered>
                <season>1</season>
                <episode>15</episode>
        </meta>
        <link>
		<sublink>search</sublink>
                <sublink>searchsd</sublink>
        </link>
        <animated_thumbnail></animated_thumbnail>
        <thumbnail>https://www.thetvdb.com/banners/_cache/posters/73378-2.jpg</thumbnail>
        <animated_fanart></animated_fanart>
        <fanart>https://www.thetvdb.com/banners/_cache/fanart/original/73378-5.jpg</fanart>
</item>

 <item>
        <title>Bonanza S01E16 - El Toro Grande</title>
        <meta>
                <content>episode</content>
                <imdb>tt0529549</imdb>
                <tvdb>73378</tvdb>
                <tvshowtitle>Bonanza</tvshowtitle>
                <year>1959</year>
                <title>El Toro Grande</title>
                <premiered>1960-01-02</premiered>
                <season>1</season>
                <episode>16</episode>
        </meta>
        <link>
		<sublink>search</sublink>
                <sublink>searchsd</sublink>
        </link>
        <animated_thumbnail></animated_thumbnail>
        <thumbnail>https://www.thetvdb.com/banners/_cache/posters/73378-2.jpg</thumbnail>
        <animated_fanart></animated_fanart>
        <fanart>https://www.thetvdb.com/banners/_cache/fanart/original/73378-5.jpg</fanart>
</item>

 <item>
        <title>Bonanza S01E17 - The Outcast</title>
        <meta>
                <content>episode</content>
                <imdb>tt0529785</imdb>
                <tvdb>73378</tvdb>
                <tvshowtitle>Bonanza</tvshowtitle>
                <year>1959</year>
                <title>The Outcast</title>
                <premiered>1960-01-09</premiered>
                <season>1</season>
                <episode>17</episode>
        </meta>
        <link>
		<sublink>search</sublink>
                <sublink>searchsd</sublink>
        </link>
        <animated_thumbnail></animated_thumbnail>
        <thumbnail>https://www.thetvdb.com/banners/_cache/posters/73378-2.jpg</thumbnail>
        <animated_fanart></animated_fanart>
        <fanart>https://www.thetvdb.com/banners/_cache/fanart/original/73378-5.jpg</fanart>
</item>

 <item>
        <title>Bonanza S01E18 - A House Divided</title>
        <meta>
                <content>episode</content>
                <imdb>tt0529470</imdb>
                <tvdb>73378</tvdb>
                <tvshowtitle>Bonanza</tvshowtitle>
                <year>1959</year>
                <title>A House Divided</title>
                <premiered>1960-01-16</premiered>
                <season>1</season>
                <episode>18</episode>
        </meta>
        <link>
		<sublink>search</sublink>
                <sublink>searchsd</sublink>
        </link>
        <animated_thumbnail></animated_thumbnail>
        <thumbnail>https://www.thetvdb.com/banners/_cache/posters/73378-2.jpg</thumbnail>
        <animated_fanart></animated_fanart>
        <fanart>https://www.thetvdb.com/banners/_cache/fanart/original/73378-5.jpg</fanart>
</item>

 <item>
        <title>Bonanza S01E19 - The Gunmen</title>
        <meta>
                <content>episode</content>
                <imdb>tt0529733</imdb>
                <tvdb>73378</tvdb>
                <tvshowtitle>Bonanza</tvshowtitle>
                <year>1959</year>
                <title>The Gunmen</title>
                <premiered>1960-01-23</premiered>
                <season>1</season>
                <episode>19</episode>
        </meta>
        <link>
		<sublink>search</sublink>
                <sublink>searchsd</sublink>
        </link>
        <animated_thumbnail></animated_thumbnail>
        <thumbnail>https://www.thetvdb.com/banners/_cache/posters/73378-2.jpg</thumbnail>
        <animated_fanart></animated_fanart>
        <fanart>https://www.thetvdb.com/banners/_cache/fanart/original/73378-5.jpg</fanart>
</item>

 <item>
        <title>Bonanza S01E20 - The Fear Merchants</title>
        <meta>
                <content>episode</content>
                <imdb>tt0529712</imdb>
                <tvdb>73378</tvdb>
                <tvshowtitle>Bonanza</tvshowtitle>
                <year>1959</year>
                <title>The Fear Merchants</title>
                <premiered>1960-01-30</premiered>
                <season>1</season>
                <episode>20</episode>
        </meta>
        <link>
		<sublink>search</sublink>
                <sublink>searchsd</sublink>
        </link>
        <animated_thumbnail></animated_thumbnail>
        <thumbnail>https://www.thetvdb.com/banners/_cache/posters/73378-2.jpg</thumbnail>
        <animated_fanart></animated_fanart>
        <fanart>https://www.thetvdb.com/banners/_cache/fanart/original/73378-5.jpg</fanart>
</item>

 <item>
        <title>Bonanza S01E21 - The Spanish Grant</title>
        <meta>
                <content>episode</content>
                <imdb>tt0529826</imdb>
                <tvdb>73378</tvdb>
                <tvshowtitle>Bonanza</tvshowtitle>
                <year>1959</year>
                <title>The Spanish Grant</title>
                <premiered>1960-02-06</premiered>
                <season>1</season>
                <episode>21</episode>
        </meta>
        <link>
		<sublink>search</sublink>
                <sublink>searchsd</sublink>
        </link>
        <animated_thumbnail></animated_thumbnail>
        <thumbnail>https://www.thetvdb.com/banners/_cache/posters/73378-2.jpg</thumbnail>
        <animated_fanart></animated_fanart>
        <fanart>https://www.thetvdb.com/banners/_cache/fanart/original/73378-5.jpg</fanart>
</item>

 <item>
        <title>Bonanza S01E22 - Blood on the Land</title>
        <meta>
                <content>episode</content>
                <imdb>tt0529512</imdb>
                <tvdb>73378</tvdb>
                <tvshowtitle>Bonanza</tvshowtitle>
                <year>1959</year>
                <title>Blood on the Land</title>
                <premiered>1960-02-13</premiered>
                <season>1</season>
                <episode>22</episode>
        </meta>
        <link>
		<sublink>search</sublink>
                <sublink>searchsd</sublink>
        </link>
        <animated_thumbnail></animated_thumbnail>
        <thumbnail>https://www.thetvdb.com/banners/_cache/posters/73378-2.jpg</thumbnail>
        <animated_fanart></animated_fanart>
        <fanart>https://www.thetvdb.com/banners/_cache/fanart/original/73378-5.jpg</fanart>
</item>

 <item>
        <title>Bonanza S01E23 - Desert Justice</title>
        <meta>
                <content>episode</content>
                <imdb>tt0529539</imdb>
                <tvdb>73378</tvdb>
                <tvshowtitle>Bonanza</tvshowtitle>
                <year>1959</year>
                <title>Desert Justice</title>
                <premiered>1960-02-20</premiered>
                <season>1</season>
                <episode>23</episode>
        </meta>
        <link>
		<sublink>search</sublink>
                <sublink>searchsd</sublink>
        </link>
        <animated_thumbnail></animated_thumbnail>
        <thumbnail>https://www.thetvdb.com/banners/_cache/posters/73378-2.jpg</thumbnail>
        <animated_fanart></animated_fanart>
        <fanart>https://www.thetvdb.com/banners/_cache/fanart/original/73378-5.jpg</fanart>
</item>

 <item>
        <title>Bonanza S01E24 - The Stranger</title>
        <meta>
                <content>episode</content>
                <imdb>tt0529833</imdb>
                <tvdb>73378</tvdb>
                <tvshowtitle>Bonanza</tvshowtitle>
                <year>1959</year>
                <title>The Stranger</title>
                <premiered>1960-02-27</premiered>
                <season>1</season>
                <episode>24</episode>
        </meta>
        <link>
		<sublink>search</sublink>
                <sublink>searchsd</sublink>
        </link>
        <animated_thumbnail></animated_thumbnail>
        <thumbnail>https://www.thetvdb.com/banners/_cache/posters/73378-2.jpg</thumbnail>
        <animated_fanart></animated_fanart>
        <fanart>https://www.thetvdb.com/banners/_cache/fanart/original/73378-5.jpg</fanart>
</item>

 <item>
        <title>Bonanza S01E25 - Escape to Ponderosa</title>
        <meta>
                <content>episode</content>
                <imdb>tt0529556</imdb>
                <tvdb>73378</tvdb>
                <tvshowtitle>Bonanza</tvshowtitle>
                <year>1959</year>
                <title>Escape to Ponderosa</title>
                <premiered>1960-03-05</premiered>
                <season>1</season>
                <episode>25</episode>
        </meta>
        <link>
		<sublink>search</sublink>
                <sublink>searchsd</sublink>
        </link>
        <animated_thumbnail></animated_thumbnail>
        <thumbnail>https://www.thetvdb.com/banners/_cache/posters/73378-2.jpg</thumbnail>
        <animated_fanart></animated_fanart>
        <fanart>https://www.thetvdb.com/banners/_cache/fanart/original/73378-5.jpg</fanart>
</item>

 <item>
        <title>Bonanza S01E26 - The Avenger</title>
        <meta>
                <content>episode</content>
                <imdb>tt0529674</imdb>
                <tvdb>73378</tvdb>
                <tvshowtitle>Bonanza</tvshowtitle>
                <year>1959</year>
                <title>The Avenger</title>
                <premiered>1960-03-19</premiered>
                <season>1</season>
                <episode>26</episode>
        </meta>
        <link>
		<sublink>search</sublink>
                <sublink>searchsd</sublink>
        </link>
        <animated_thumbnail></animated_thumbnail>
        <thumbnail>https://www.thetvdb.com/banners/_cache/posters/73378-2.jpg</thumbnail>
        <animated_fanart></animated_fanart>
        <fanart>https://www.thetvdb.com/banners/_cache/fanart/original/73378-5.jpg</fanart>
</item>

 <item>
        <title>Bonanza S01E27 - The Last Trophy</title>
        <meta>
                <content>episode</content>
                <imdb>tt0529757</imdb>
                <tvdb>73378</tvdb>
                <tvshowtitle>Bonanza</tvshowtitle>
                <year>1959</year>
                <title>The Last Trophy</title>
                <premiered>1960-03-26</premiered>
                <season>1</season>
                <episode>27</episode>
        </meta>
        <link>
		<sublink>search</sublink>
                <sublink>searchsd</sublink>
        </link>
        <animated_thumbnail></animated_thumbnail>
        <thumbnail>https://www.thetvdb.com/banners/_cache/posters/73378-2.jpg</thumbnail>
        <animated_fanart></animated_fanart>
        <fanart>https://www.thetvdb.com/banners/_cache/fanart/original/73378-5.jpg</fanart>
</item>

 <item>
        <title>Bonanza S01E28 - San Francisco</title>
        <meta>
                <content>episode</content>
                <imdb>tt0529643</imdb>
                <tvdb>73378</tvdb>
                <tvshowtitle>Bonanza</tvshowtitle>
                <year>1959</year>
                <title>San Francisco</title>
                <premiered>1960-04-02</premiered>
                <season>1</season>
                <episode>28</episode>
        </meta>
        <link>
		<sublink>search</sublink>
                <sublink>searchsd</sublink>
        </link>
        <animated_thumbnail></animated_thumbnail>
        <thumbnail>https://www.thetvdb.com/banners/_cache/posters/73378-2.jpg</thumbnail>
        <animated_fanart></animated_fanart>
        <fanart>https://www.thetvdb.com/banners/_cache/fanart/original/73378-5.jpg</fanart>
</item>

 <item>
        <title>Bonanza S01E29 - Bitter Water</title>
        <meta>
                <content>episode</content>
                <imdb>tt0529507</imdb>
                <tvdb>73378</tvdb>
                <tvshowtitle>Bonanza</tvshowtitle>
                <year>1959</year>
                <title>Bitter Water</title>
                <premiered>1960-04-09</premiered>
                <season>1</season>
                <episode>29</episode>
        </meta>
        <link>
		<sublink>search</sublink>
                <sublink>searchsd</sublink>
        </link>
        <animated_thumbnail></animated_thumbnail>
        <thumbnail>https://www.thetvdb.com/banners/_cache/posters/73378-2.jpg</thumbnail>
        <animated_fanart></animated_fanart>
        <fanart>https://www.thetvdb.com/banners/_cache/fanart/original/73378-5.jpg</fanart>
</item>

 <item>
        <title>Bonanza S01E30 - Feet of Clay</title>
        <meta>
                <content>episode</content>
                <imdb>tt0529560</imdb>
                <tvdb>73378</tvdb>
                <tvshowtitle>Bonanza</tvshowtitle>
                <year>1959</year>
                <title>Feet of Clay</title>
                <premiered>1960-04-16</premiered>
                <season>1</season>
                <episode>30</episode>
        </meta>
        <link>
		<sublink>search</sublink>
                <sublink>searchsd</sublink>
        </link>
        <animated_thumbnail></animated_thumbnail>
        <thumbnail>https://www.thetvdb.com/banners/_cache/posters/73378-2.jpg</thumbnail>
        <animated_fanart></animated_fanart>
        <fanart>https://www.thetvdb.com/banners/_cache/fanart/original/73378-5.jpg</fanart>
</item>

 <item>
        <title>Bonanza S01E31 - Dark Star</title>
        <meta>
                <content>episode</content>
                <imdb>tt0529530</imdb>
                <tvdb>73378</tvdb>
                <tvshowtitle>Bonanza</tvshowtitle>
                <year>1959</year>
                <title>Dark Star</title>
                <premiered>1960-04-23</premiered>
                <season>1</season>
                <episode>31</episode>
        </meta>
        <link>
		<sublink>search</sublink>
                <sublink>searchsd</sublink>
        </link>
        <animated_thumbnail></animated_thumbnail>
        <thumbnail>https://www.thetvdb.com/banners/_cache/posters/73378-2.jpg</thumbnail>
        <animated_fanart></animated_fanart>
        <fanart>https://www.thetvdb.com/banners/_cache/fanart/original/73378-5.jpg</fanart>
</item>

 <item>
        <title>Bonanza S01E32 - Death at Dawn</title>
        <meta>
                <content>episode</content>
                <imdb>tt0529535</imdb>
                <tvdb>73378</tvdb>
                <tvshowtitle>Bonanza</tvshowtitle>
                <year>1959</year>
                <title>Death at Dawn</title>
                <premiered>1960-04-30</premiered>
                <season>1</season>
                <episode>32</episode>
        </meta>
        <link>
		<sublink>search</sublink>
                <sublink>searchsd</sublink>
        </link>
        <animated_thumbnail></animated_thumbnail>
        <thumbnail>https://www.thetvdb.com/banners/_cache/posters/73378-2.jpg</thumbnail>
        <animated_fanart></animated_fanart>
        <fanart>https://www.thetvdb.com/banners/_cache/fanart/original/73378-5.jpg</fanart>
</item>
