########################
<poster>Season 1</poster>
<thumbnail></thumbnail>
<fanart></fanart>
########################

 <item>
        <title>In Living Color S01E01 - Pilot</title>
        <meta>
                <content>episode</content>
                <imdb>tt0888207</imdb>
                <tvdb>78441</tvdb>
                <tvshowtitle>In Living Color</tvshowtitle>
                <year>1990</year>
                <title>Pilot</title>
                <premiered>1990-04-15</premiered>
                <season>1</season>
                <episode>1</episode>
        </meta>
        <link>
		<sublink>search</sublink>
                <sublink>searchsd</sublink>
        </link>
        <animated_thumbnail></animated_thumbnail>
        <thumbnail>https://www.thetvdb.com/banners/_cache/posters/78441-1.jpg</thumbnail>
        <animated_fanart></animated_fanart>
        <fanart>https://www.thetvdb.com/banners/_cache/fanart/original/78441-2.jpg</fanart>
</item>

 <item>
        <title>In Living Color S01E02 - The Wrath of Farrakhan</title>
        <meta>
                <content>episode</content>
                <imdb>tt0610391</imdb>
                <tvdb>78441</tvdb>
                <tvshowtitle>In Living Color</tvshowtitle>
                <year>1990</year>
                <title>The Wrath of Farrakhan</title>
                <premiered>1990-04-21</premiered>
                <season>1</season>
                <episode>2</episode>
        </meta>
        <link>
		<sublink>search</sublink>
                <sublink>searchsd</sublink>
        </link>
        <animated_thumbnail></animated_thumbnail>
        <thumbnail>https://www.thetvdb.com/banners/_cache/posters/78441-1.jpg</thumbnail>
        <animated_fanart></animated_fanart>
        <fanart>https://www.thetvdb.com/banners/_cache/fanart/original/78441-2.jpg</fanart>
</item>

 <item>
        <title>In Living Color S01E03 - Lean On Me Beautiful</title>
        <meta>
                <content>episode</content>
                <imdb>tt1039276</imdb>
                <tvdb>78441</tvdb>
                <tvshowtitle>In Living Color</tvshowtitle>
                <year>1990</year>
                <title>Lean On Me Beautiful</title>
                <premiered>1990-04-28</premiered>
                <season>1</season>
                <episode>3</episode>
        </meta>
        <link>
		<sublink>search</sublink>
                <sublink>searchsd</sublink>
        </link>
        <animated_thumbnail></animated_thumbnail>
        <thumbnail>https://www.thetvdb.com/banners/_cache/posters/78441-1.jpg</thumbnail>
        <animated_fanart></animated_fanart>
        <fanart>https://www.thetvdb.com/banners/_cache/fanart/original/78441-2.jpg</fanart>
</item>

 <item>
        <title>In Living Color S01E04 - Transitions</title>
        <meta>
                <content>episode</content>
                <imdb>tt1022739</imdb>
                <tvdb>78441</tvdb>
                <tvshowtitle>In Living Color</tvshowtitle>
                <year>1990</year>
                <title>Transitions</title>
                <premiered>1990-05-05</premiered>
                <season>1</season>
                <episode>4</episode>
        </meta>
        <link>
		<sublink>search</sublink>
                <sublink>searchsd</sublink>
        </link>
        <animated_thumbnail></animated_thumbnail>
        <thumbnail>https://www.thetvdb.com/banners/_cache/posters/78441-1.jpg</thumbnail>
        <animated_fanart></animated_fanart>
        <fanart>https://www.thetvdb.com/banners/_cache/fanart/original/78441-2.jpg</fanart>
</item>

 <item>
        <title>In Living Color S01E05 - A Date With Grace Jones</title>
        <meta>
                <content>episode</content>
                <imdb>tt1039270</imdb>
                <tvdb>78441</tvdb>
                <tvshowtitle>In Living Color</tvshowtitle>
                <year>1990</year>
                <title>A Date With Grace Jones</title>
                <premiered>1990-05-12</premiered>
                <season>1</season>
                <episode>5</episode>
        </meta>
        <link>
		<sublink>search</sublink>
                <sublink>searchsd</sublink>
        </link>
        <animated_thumbnail></animated_thumbnail>
        <thumbnail>https://www.thetvdb.com/banners/_cache/posters/78441-1.jpg</thumbnail>
        <animated_fanart></animated_fanart>
        <fanart>https://www.thetvdb.com/banners/_cache/fanart/original/78441-2.jpg</fanart>
</item>

 <item>
        <title>In Living Color S01E06 - Jheri's Kids</title>
        <meta>
                <content>episode</content>
                <imdb>tt1021542</imdb>
                <tvdb>78441</tvdb>
                <tvshowtitle>In Living Color</tvshowtitle>
                <year>1990</year>
                <title>Jheri's Kids</title>
                <premiered>1990-05-19</premiered>
                <season>1</season>
                <episode>6</episode>
        </meta>
        <link>
		<sublink>search</sublink>
                <sublink>searchsd</sublink>
        </link>
        <animated_thumbnail></animated_thumbnail>
        <thumbnail>https://www.thetvdb.com/banners/_cache/posters/78441-1.jpg</thumbnail>
        <animated_fanart></animated_fanart>
        <fanart>https://www.thetvdb.com/banners/_cache/fanart/original/78441-2.jpg</fanart>
</item>

 <item>
        <title>In Living Color S01E07 - Don King-The Early Years</title>
        <meta>
                <content>episode</content>
                <imdb>tt1022728</imdb>
                <tvdb>78441</tvdb>
                <tvshowtitle>In Living Color</tvshowtitle>
                <year>1990</year>
                <title>Don King-The Early Years</title>
                <premiered>1990-05-27</premiered>
                <season>1</season>
                <episode>7</episode>
        </meta>
        <link>
		<sublink>search</sublink>
                <sublink>searchsd</sublink>
        </link>
        <animated_thumbnail></animated_thumbnail>
        <thumbnail>https://www.thetvdb.com/banners/_cache/posters/78441-1.jpg</thumbnail>
        <animated_fanart></animated_fanart>
        <fanart>https://www.thetvdb.com/banners/_cache/fanart/original/78441-2.jpg</fanart>
</item>
 <item>
        <title>In Living Color S01E08 - Endangered Species</title>
        <meta>
                <content>episode</content>
                <imdb></imdb>
                <tvdb>78441</tvdb>
                <tvshowtitle>In Living Color</tvshowtitle>
                <year>1990</year>
                <title>Endangered Species</title>
                <premiered>1990-06-03</premiered>
                <season>1</season>
                <episode>8</episode>
        </meta>
        <link>
		<sublink>search</sublink>
                <sublink>searchsd</sublink>
        </link>
        <animated_thumbnail></animated_thumbnail>
        <thumbnail>https://www.thetvdb.com/banners/_cache/posters/78441-1.jpg</thumbnail>
        <animated_fanart></animated_fanart>
        <fanart>https://www.thetvdb.com/banners/_cache/fanart/original/78441-2.jpg</fanart>
</item>

 <item>
        <title>In Living Color S01E09 - Introducing..Homey D. Clown</title>
        <meta>
                <content>episode</content>
                <imdb></imdb>
                <tvdb>78441</tvdb>
                <tvshowtitle>In Living Color</tvshowtitle>
                <year>1990</year>
                <title>Introducing..Homey D. Clown</title>
                <premiered>1990-06-17</premiered>
                <season>1</season>
                <episode>9</episode>
        </meta>
        <link>
		<sublink>search</sublink>
                <sublink>searchsd</sublink>
        </link>
        <animated_thumbnail></animated_thumbnail>
        <thumbnail>https://www.thetvdb.com/banners/_cache/posters/78441-1.jpg</thumbnail>
        <animated_fanart></animated_fanart>
        <fanart>https://www.thetvdb.com/banners/_cache/fanart/original/78441-2.jpg</fanart>
</item>

 <item>
        <title>In Living Color S01E10 - Vera DeMilo</title>
        <meta>
                <content>episode</content>
                <imdb></imdb>
                <tvdb>78441</tvdb>
                <tvshowtitle>In Living Color</tvshowtitle>
                <year>1990</year>
                <title>Vera DeMilo</title>
                <premiered>1990-06-24</premiered>
                <season>1</season>
                <episode>10</episode>
        </meta>
        <link>
		<sublink>search</sublink>
                <sublink>searchsd</sublink>
        </link>
        <animated_thumbnail></animated_thumbnail>
        <thumbnail>https://www.thetvdb.com/banners/_cache/posters/78441-1.jpg</thumbnail>
        <animated_fanart></animated_fanart>
        <fanart>https://www.thetvdb.com/banners/_cache/fanart/original/78441-2.jpg</fanart>
</item>
 <item>
        <title>In Living Color S01E11 - Anton In The People's Court</title>
        <meta>
                <content>episode</content>
                <imdb></imdb>
                <tvdb>78441</tvdb>
                <tvshowtitle>In Living Color</tvshowtitle>
                <year>1990</year>
                <title>Anton In The People's Court</title>
                <premiered>1990-07-15</premiered>
                <season>1</season>
                <episode>11</episode>
        </meta>
        <link>
		<sublink>search</sublink>
                <sublink>searchsd</sublink>
        </link>
        <animated_thumbnail></animated_thumbnail>
        <thumbnail>https://www.thetvdb.com/banners/_cache/posters/78441-1.jpg</thumbnail>
        <animated_fanart></animated_fanart>
        <fanart>https://www.thetvdb.com/banners/_cache/fanart/original/78441-2.jpg</fanart>
</item>

 <item>
        <title>In Living Color S01E12 - Conspiracy</title>
        <meta>
                <content>episode</content>
                <imdb></imdb>
                <tvdb>78441</tvdb>
                <tvshowtitle>In Living Color</tvshowtitle>
                <year>1990</year>
                <title>Conspiracy</title>
                <premiered>1990-09-02</premiered>
                <season>1</season>
                <episode>12</episode>
        </meta>
        <link>
		<sublink>search</sublink>
                <sublink>searchsd</sublink>
        </link>
        <animated_thumbnail></animated_thumbnail>
        <thumbnail>https://www.thetvdb.com/banners/_cache/posters/78441-1.jpg</thumbnail>
        <animated_fanart></animated_fanart>
        <fanart>https://www.thetvdb.com/banners/_cache/fanart/original/78441-2.jpg</fanart>
</item>

 <item>
        <title>In Living Color S01E13 - Homey D Clown Returns</title>
        <meta>
                <content>episode</content>
                <imdb></imdb>
                <tvdb>78441</tvdb>
                <tvshowtitle>In Living Color</tvshowtitle>
                <year>1990</year>
                <title>Homey D Clown Returns</title>
                <premiered>1990-09-09</premiered>
                <season>1</season>
                <episode>13</episode>
        </meta>
        <link>
		<sublink>search</sublink>
                <sublink>searchsd</sublink>
        </link>
        <animated_thumbnail></animated_thumbnail>
        <thumbnail>https://www.thetvdb.com/banners/_cache/posters/78441-1.jpg</thumbnail>
        <animated_fanart></animated_fanart>
        <fanart>https://www.thetvdb.com/banners/_cache/fanart/original/78441-2.jpg</fanart>
</item>
