########################
<poster>Season 1</poster>
<thumbnail></thumbnail>
<fanart></fanart>
########################

 <item>
        <title>Eight is Enough S01E01 - Never Try Eating Nectarines Since Juice May Dispense</title>
        <meta>
                <content>episode</content>
                <imdb>tt0569524</imdb>
                <tvdb>77771</tvdb>
                <tvshowtitle>Eight is Enough</tvshowtitle>
                <year>1977</year>
                <title>Never Try Eating Nectarines Since Juice May Dispense</title>
                <premiered>1977-03-15</premiered>
                <season>1</season>
                <episode>1</episode>
        </meta>
        <link>
		<sublink>search</sublink>
                <sublink>searchsd</sublink>
        </link>
        <animated_thumbnail></animated_thumbnail>
        <thumbnail>https://www.thetvdb.com/banners/_cache/posters/77771-2.jpg</thumbnail>
        <animated_fanart></animated_fanart>
        <fanart>https://www.thetvdb.com/banners/_cache/fanart/original/77771-3.jpg</fanart>
</item>

 <item>
        <title>Eight is Enough S01E02 - Schussboomer</title>
        <meta>
                <content>episode</content>
                <imdb></imdb>
                <tvdb>77771</tvdb>
                <tvshowtitle>Eight is Enough</tvshowtitle>
                <year>1977</year>
                <title>Schussboomer</title>
                <premiered>1977-03-22</premiered>
                <season>1</season>
                <episode>2</episode>
        </meta>
        <link>
		<sublink>search</sublink>
                <sublink>searchsd</sublink>
        </link>
        <animated_thumbnail></animated_thumbnail>
        <thumbnail>https://www.thetvdb.com/banners/_cache/posters/77771-2.jpg</thumbnail>
        <animated_fanart></animated_fanart>
        <fanart>https://www.thetvdb.com/banners/_cache/fanart/original/77771-3.jpg</fanart>
</item>

 <item>
        <title>Eight is Enough S01E03 - Pieces of Eight</title>
        <meta>
                <content>episode</content>
                <imdb></imdb>
                <tvdb>77771</tvdb>
                <tvshowtitle>Eight is Enough</tvshowtitle>
                <year>1977</year>
                <title>Pieces of Eight</title>
                <premiered>1977-03-29</premiered>
                <season>1</season>
                <episode>3</episode>
        </meta>
        <link>
		<sublink>search</sublink>
                <sublink>searchsd</sublink>
        </link>
        <animated_thumbnail></animated_thumbnail>
        <thumbnail>https://www.thetvdb.com/banners/_cache/posters/77771-2.jpg</thumbnail>
        <animated_fanart></animated_fanart>
        <fanart>https://www.thetvdb.com/banners/_cache/fanart/original/77771-3.jpg</fanart>
</item>

 <item>
        <title>Eight is Enough S01E04 - Women, Ducks and the Domino Theory</title>
        <meta>
                <content>episode</content>
                <imdb></imdb>
                <tvdb>77771</tvdb>
                <tvshowtitle>Eight is Enough</tvshowtitle>
                <year>1977</year>
                <title>Women, Ducks and the Domino Theory</title>
                <premiered>1977-04-05</premiered>
                <season>1</season>
                <episode>4</episode>
        </meta>
        <link>
		<sublink>search</sublink>
                <sublink>searchsd</sublink>
        </link>
        <animated_thumbnail></animated_thumbnail>
        <thumbnail>https://www.thetvdb.com/banners/_cache/posters/77771-2.jpg</thumbnail>
        <animated_fanart></animated_fanart>
        <fanart>https://www.thetvdb.com/banners/_cache/fanart/original/77771-3.jpg</fanart>
</item>

 <item>
        <title>Eight is Enough S01E05 - Turnabout</title>
        <meta>
                <content>episode</content>
                <imdb></imdb>
                <tvdb>77771</tvdb>
                <tvshowtitle>Eight is Enough</tvshowtitle>
                <year>1977</year>
                <title>Turnabout</title>
                <premiered>1977-04-12</premiered>
                <season>1</season>
                <episode>5</episode>
        </meta>
        <link>
		<sublink>search</sublink>
                <sublink>searchsd</sublink>
        </link>
        <animated_thumbnail></animated_thumbnail>
        <thumbnail>https://www.thetvdb.com/banners/_cache/posters/77771-2.jpg</thumbnail>
        <animated_fanart></animated_fanart>
        <fanart>https://www.thetvdb.com/banners/_cache/fanart/original/77771-3.jpg</fanart>
</item>

 <item>
        <title>Eight is Enough S01E06 - Quarantine</title>
        <meta>
                <content>episode</content>
                <imdb></imdb>
                <tvdb>77771</tvdb>
                <tvshowtitle>Eight is Enough</tvshowtitle>
                <year>1977</year>
                <title>Quarantine</title>
                <premiered>1977-04-19</premiered>
                <season>1</season>
                <episode>6</episode>
        </meta>
        <link>
		<sublink>search</sublink>
                <sublink>searchsd</sublink>
        </link>
        <animated_thumbnail></animated_thumbnail>
        <thumbnail>https://www.thetvdb.com/banners/_cache/posters/77771-2.jpg</thumbnail>
        <animated_fanart></animated_fanart>
        <fanart>https://www.thetvdb.com/banners/_cache/fanart/original/77771-3.jpg</fanart>
</item>

 <item>
        <title>Eight is Enough S01E07 - V is for Vivian</title>
        <meta>
                <content>episode</content>
                <imdb></imdb>
                <tvdb>77771</tvdb>
                <tvshowtitle>Eight is Enough</tvshowtitle>
                <year>1977</year>
                <title>V is for Vivian</title>
                <premiered>1977-04-26</premiered>
                <season>1</season>
                <episode>7</episode>
        </meta>
        <link>
		<sublink>search</sublink>
                <sublink>searchsd</sublink>
        </link>
        <animated_thumbnail></animated_thumbnail>
        <thumbnail>https://www.thetvdb.com/banners/_cache/posters/77771-2.jpg</thumbnail>
        <animated_fanart></animated_fanart>
        <fanart>https://www.thetvdb.com/banners/_cache/fanart/original/77771-3.jpg</fanart>
</item>
 <item>
        <title>Eight is Enough S01E08 - Hit and Run</title>
        <meta>
                <content>episode</content>
                <imdb></imdb>
                <tvdb>77771</tvdb>
                <tvshowtitle>Eight is Enough</tvshowtitle>
                <year>1977</year>
                <title>Hit and Run</title>
                <premiered>1977-05-03</premiered>
                <season>1</season>
                <episode>8</episode>
        </meta>
        <link>
		<sublink>search</sublink>
                <sublink>searchsd</sublink>
        </link>
        <animated_thumbnail></animated_thumbnail>
        <thumbnail>https://www.thetvdb.com/banners/_cache/posters/77771-2.jpg</thumbnail>
        <animated_fanart></animated_fanart>
        <fanart>https://www.thetvdb.com/banners/_cache/fanart/original/77771-3.jpg</fanart>
</item>

 <item>
        <title>Eight is Enough S01E09 - The Gipper Caper</title>
        <meta>
                <content>episode</content>
                <imdb></imdb>
                <tvdb>77771</tvdb>
                <tvshowtitle>Eight is Enough</tvshowtitle>
                <year>1977</year>
                <title>The Gipper Caper</title>
                <premiered>1977-08-10</premiered>
                <season>1</season>
                <episode>9</episode>
        </meta>
        <link>
		<sublink>search</sublink>
                <sublink>searchsd</sublink>
        </link>
        <animated_thumbnail></animated_thumbnail>
        <thumbnail>https://www.thetvdb.com/banners/_cache/posters/77771-2.jpg</thumbnail>
        <animated_fanart></animated_fanart>
        <fanart>https://www.thetvdb.com/banners/_cache/fanart/original/77771-3.jpg</fanart>
</item>
