########################
<poster>Season 1</poster>
<thumbnail></thumbnail>
<fanart></fanart>
########################

 <item>
        <title>All in the Family S01E01 - Meet the Bunkers</title>
        <meta>
                <content>episode</content>
                <imdb></imdb>
                <tvdb>72741</tvdb>
                <tvshowtitle>All in the Family</tvshowtitle>
                <year>1971</year>
                <title>Meet the Bunkers</title>
                <premiered>1971-01-12</premiered>
                <season>1</season>
                <episode>1</episode>
        </meta>
        <link>
		<sublink>search</sublink>
                <sublink>searchsd</sublink>
        </link>
        <animated_thumbnail></animated_thumbnail>
        <thumbnail>https://www.thetvdb.com/banners/_cache/posters/72741-5.jpg</thumbnail>
        <animated_fanart></animated_fanart>
        <fanart>https://www.thetvdb.com/banners/_cache/fanart/original/72741-4.jpg</fanart>
</item>

 <item>
        <title>All in the Family S01E02 - Writing the President</title>
        <meta>
                <content>episode</content>
                <imdb></imdb>
                <tvdb>72741</tvdb>
                <tvshowtitle>All in the Family</tvshowtitle>
                <year>1971</year>
                <title>Writing the President</title>
                <premiered>1971-01-19</premiered>
                <season>1</season>
                <episode>2</episode>
        </meta>
        <link>
		<sublink>search</sublink>
                <sublink>searchsd</sublink>
        </link>
        <animated_thumbnail></animated_thumbnail>
        <thumbnail>https://www.thetvdb.com/banners/_cache/posters/72741-5.jpg</thumbnail>
        <animated_fanart></animated_fanart>
        <fanart>https://www.thetvdb.com/banners/_cache/fanart/original/72741-4.jpg</fanart>
</item>

 <item>
        <title>All in the Family S01E03 - Oh, My Aching Back</title>
        <meta>
                <content>episode</content>
                <imdb></imdb>
                <tvdb>72741</tvdb>
                <tvshowtitle>All in the Family</tvshowtitle>
                <year>1971</year>
                <title>Oh, My Aching Back</title>
                <premiered>1971-01-26</premiered>
                <season>1</season>
                <episode>3</episode>
        </meta>
        <link>
		<sublink>search</sublink>
                <sublink>searchsd</sublink>
        </link>
        <animated_thumbnail></animated_thumbnail>
        <thumbnail>https://www.thetvdb.com/banners/_cache/posters/72741-5.jpg</thumbnail>
        <animated_fanart></animated_fanart>
        <fanart>https://www.thetvdb.com/banners/_cache/fanart/original/72741-4.jpg</fanart>
</item>

 <item>
        <title>All in the Family S01E04 - Archie Gives Blood</title>
        <meta>
                <content>episode</content>
                <imdb></imdb>
                <tvdb>72741</tvdb>
                <tvshowtitle>All in the Family</tvshowtitle>
                <year>1971</year>
                <title>Archie Gives Blood</title>
                <premiered>1971-02-02</premiered>
                <season>1</season>
                <episode>4</episode>
        </meta>
        <link>
		<sublink>search</sublink>
                <sublink>searchsd</sublink>
        </link>
        <animated_thumbnail></animated_thumbnail>
        <thumbnail>https://www.thetvdb.com/banners/_cache/posters/72741-5.jpg</thumbnail>
        <animated_fanart></animated_fanart>
        <fanart>https://www.thetvdb.com/banners/_cache/fanart/original/72741-4.jpg</fanart>
</item>

 <item>
        <title>All in the Family S01E05 - Judging Books by Covers</title>
        <meta>
                <content>episode</content>
                <imdb></imdb>
                <tvdb>72741</tvdb>
                <tvshowtitle>All in the Family</tvshowtitle>
                <year>1971</year>
                <title>Judging Books by Covers</title>
                <premiered>1971-02-09</premiered>
                <season>1</season>
                <episode>5</episode>
        </meta>
        <link>
		<sublink>search</sublink>
                <sublink>searchsd</sublink>
        </link>
        <animated_thumbnail></animated_thumbnail>
        <thumbnail>https://www.thetvdb.com/banners/_cache/posters/72741-5.jpg</thumbnail>
        <animated_fanart></animated_fanart>
        <fanart>https://www.thetvdb.com/banners/_cache/fanart/original/72741-4.jpg</fanart>
</item>

 <item>
        <title>All in the Family S01E06 - Gloria's Has a Belly Full</title>
        <meta>
                <content>episode</content>
                <imdb></imdb>
                <tvdb>72741</tvdb>
                <tvshowtitle>All in the Family</tvshowtitle>
                <year>1971</year>
                <title>Gloria's Has a Belly Full</title>
                <premiered>1971-02-16</premiered>
                <season>1</season>
                <episode>6</episode>
        </meta>
        <link>
		<sublink>search</sublink>
                <sublink>searchsd</sublink>
        </link>
        <animated_thumbnail></animated_thumbnail>
        <thumbnail>https://www.thetvdb.com/banners/_cache/posters/72741-5.jpg</thumbnail>
        <animated_fanart></animated_fanart>
        <fanart>https://www.thetvdb.com/banners/_cache/fanart/original/72741-4.jpg</fanart>
</item>

 <item>
        <title>All in the Family S01E07 - Mike's Hippie Friends Come to Visit</title>
        <meta>
                <content>episode</content>
                <imdb></imdb>
                <tvdb>72741</tvdb>
                <tvshowtitle>All in the Family</tvshowtitle>
                <year>1971</year>
                <title>Mike's Hippie Friends Come to Visit</title>
                <premiered>1971-02-23</premiered>
                <season>1</season>
                <episode>7</episode>
        </meta>
        <link>
		<sublink>search</sublink>
                <sublink>searchsd</sublink>
        </link>
        <animated_thumbnail></animated_thumbnail>
        <thumbnail>https://www.thetvdb.com/banners/_cache/posters/72741-5.jpg</thumbnail>
        <animated_fanart></animated_fanart>
        <fanart>https://www.thetvdb.com/banners/_cache/fanart/original/72741-4.jpg</fanart>
</item>
 <item>
        <title>All in the Family S01E08 - Lionel Moves Into the Neighborhood</title>
        <meta>
                <content>episode</content>
                <imdb></imdb>
                <tvdb>72741</tvdb>
                <tvshowtitle>All in the Family</tvshowtitle>
                <year>1971</year>
                <title>Lionel Moves Into the Neighborhood</title>
                <premiered>1971-03-02</premiered>
                <season>1</season>
                <episode>8</episode>
        </meta>
        <link>
		<sublink>search</sublink>
                <sublink>searchsd</sublink>
        </link>
        <animated_thumbnail></animated_thumbnail>
        <thumbnail>https://www.thetvdb.com/banners/_cache/posters/72741-5.jpg</thumbnail>
        <animated_fanart></animated_fanart>
        <fanart>https://www.thetvdb.com/banners/_cache/fanart/original/72741-4.jpg</fanart>
</item>

 <item>
        <title>All in the Family S01E09 - Edith Has Jury Duty</title>
        <meta>
                <content>episode</content>
                <imdb></imdb>
                <tvdb>72741</tvdb>
                <tvshowtitle>All in the Family</tvshowtitle>
                <year>1971</year>
                <title>Edith Has Jury Duty</title>
                <premiered>1971-03-09</premiered>
                <season>1</season>
                <episode>9</episode>
        </meta>
        <link>
		<sublink>search</sublink>
                <sublink>searchsd</sublink>
        </link>
        <animated_thumbnail></animated_thumbnail>
        <thumbnail>https://www.thetvdb.com/banners/_cache/posters/72741-5.jpg</thumbnail>
        <animated_fanart></animated_fanart>
        <fanart>https://www.thetvdb.com/banners/_cache/fanart/original/72741-4.jpg</fanart>
</item>

 <item>
        <title>All in the Family S01E10 - Archie Is Worried About His Job</title>
        <meta>
                <content>episode</content>
                <imdb></imdb>
                <tvdb>72741</tvdb>
                <tvshowtitle>All in the Family</tvshowtitle>
                <year>1971</year>
                <title>Archie Is Worried About His Job</title>
                <premiered>1971-03-16</premiered>
                <season>1</season>
                <episode>10</episode>
        </meta>
        <link>
		<sublink>search</sublink>
                <sublink>searchsd</sublink>
        </link>
        <animated_thumbnail></animated_thumbnail>
        <thumbnail>https://www.thetvdb.com/banners/_cache/posters/72741-5.jpg</thumbnail>
        <animated_fanart></animated_fanart>
        <fanart>https://www.thetvdb.com/banners/_cache/fanart/original/72741-4.jpg</fanart>
</item>
 <item>
        <title>All in the Family S01E11 - Gloria Discovers Women's Lib</title>
        <meta>
                <content>episode</content>
                <imdb></imdb>
                <tvdb>72741</tvdb>
                <tvshowtitle>All in the Family</tvshowtitle>
                <year>1971</year>
                <title>Gloria Discovers Women's Lib</title>
                <premiered>1971-03-23</premiered>
                <season>1</season>
                <episode>11</episode>
        </meta>
        <link>
		<sublink>search</sublink>
                <sublink>searchsd</sublink>
        </link>
        <animated_thumbnail></animated_thumbnail>
        <thumbnail>https://www.thetvdb.com/banners/_cache/posters/72741-5.jpg</thumbnail>
        <animated_fanart></animated_fanart>
        <fanart>https://www.thetvdb.com/banners/_cache/fanart/original/72741-4.jpg</fanart>
</item>

 <item>
        <title>All in the Family S01E12 - Success Story</title>
        <meta>
                <content>episode</content>
                <imdb></imdb>
                <tvdb>72741</tvdb>
                <tvshowtitle>All in the Family</tvshowtitle>
                <year>1971</year>
                <title>Success Story</title>
                <premiered>1971-03-30</premiered>
                <season>1</season>
                <episode>12</episode>
        </meta>
        <link>
		<sublink>search</sublink>
                <sublink>searchsd</sublink>
        </link>
        <animated_thumbnail></animated_thumbnail>
        <thumbnail>https://www.thetvdb.com/banners/_cache/posters/72741-5.jpg</thumbnail>
        <animated_fanart></animated_fanart>
        <fanart>https://www.thetvdb.com/banners/_cache/fanart/original/72741-4.jpg</fanart>
</item>

 <item>
        <title>All in the Family S01E13 - The First and Last Supper</title>
        <meta>
                <content>episode</content>
                <imdb></imdb>
                <tvdb>72741</tvdb>
                <tvshowtitle>All in the Family</tvshowtitle>
                <year>1971</year>
                <title>The First and Last Supper</title>
                <premiered>1971-04-06</premiered>
                <season>1</season>
                <episode>13</episode>
        </meta>
        <link>
		<sublink>search</sublink>
                <sublink>searchsd</sublink>
        </link>
        <animated_thumbnail></animated_thumbnail>
        <thumbnail>https://www.thetvdb.com/banners/_cache/posters/72741-5.jpg</thumbnail>
        <animated_fanart></animated_fanart>
        <fanart>https://www.thetvdb.com/banners/_cache/fanart/original/72741-4.jpg</fanart>
</item>
