########################
<poster>All in the Family</poster>
<thumbnail></thumbnail>
<fanart></fanart>
#############################

<dir>
        <name>Season 1</name>
        <meta>
                <content>season</content>
                <imdb>tt0066626</imdb>
                <tvdb>72741</tvdb>
                <tvshowtitle>All in the Family</tvshowtitle>
                <year>1971</year>
                <season>1</season>
        </meta>
        <link>https://raw.githubusercontent.com/Doggmatic71/maddogg/master/plugin.video.laughtraxx/plugin.video.laughtraxx/resources/family1.xml</link>
        <thumbnail>https://www.thetvdb.com/banners/_cache/seasons/201-1.jpg</thumbnail>
</dir>

<dir>		
        <name>Season 2</name>
        <meta>
                <content>season</content>
                <imdb>tt0066626</imdb>
                <tvdb>72741</tvdb>
                <tvshowtitle>All in the Family</tvshowtitle>
                <year>1971</year>
                <season>2</season>
        </meta>
        <link></link>
        <thumbnail>https://www.thetvdb.com/banners/_cache/seasons/201-2.jpg</thumbnail>		
</dir>

<dir>		
        <name>Season 3</name>
        <meta>
                <content>season</content>
                <imdb>tt0066626</imdb>
                <tvdb>72741</tvdb>
                <tvshowtitle>All in the Family</tvshowtitle>
                <year>1971</year>
                <season>3</season>
        </meta>
        <link></link>
        <thumbnail>https://www.thetvdb.com/banners/_cache/seasons/201-3.jpg</thumbnail>		
</dir>

<dir>		
        <name>Season 4</name>
        <meta>
                <content>season</content>
                <imdb>tt0066626</imdb>
                <tvdb>72741</tvdb>
                <tvshowtitle>All in the Family</tvshowtitle>
                <year>1971</year>
                <season>4</season>
        </meta>
        <link></link>
        <thumbnail>https://www.thetvdb.com/banners/_cache/seasons/201-4.jpg</thumbnail>		
</dir>

<dir>		
        <name>Season 5</name>
        <meta>
                <content>season</content>
                <imdb>tt0066626</imdb>
                <tvdb>72741</tvdb>
                <tvshowtitle>All in the Family</tvshowtitle>
                <year>1971</year>
                <season>5</season>
        </meta>
        <link></link>
        <thumbnail>https://www.thetvdb.com/banners/_cache/seasons/72741-5.jpg</thumbnail>		
</dir>

<dir>		
        <name>Season 6</name>
        <meta>
                <content>season</content>
                <imdb>tt0066626</imdb>
                <tvdb>72741</tvdb>
                <tvshowtitle>All in the Family</tvshowtitle>
                <year>1971</year>
                <season>6</season>
        </meta>
        <link></link>
        <thumbnail>https://www.thetvdb.com/banners/_cache/seasons/72741-6-2.jpg</thumbnail>		
</dir>

<dir>		
        <name>Season 7</name>
        <meta>
                <content>season</content>
                <imdb>tt0066626</imdb>
                <tvdb>72741</tvdb>
                <tvshowtitle>All in the Family</tvshowtitle>
                <year>1971</year>
                <season>7</season>
        </meta>
        <link></link>
        <thumbnail>https://www.thetvdb.com/banners/_cache/seasons/72741-7.jpg</thumbnail>		
</dir>

<dir>		
        <name>Season 8</name>
        <meta>
                <content>season</content>
                <imdb>tt0066626</imdb>
                <tvdb>72741</tvdb>
                <tvshowtitle>All in the Family</tvshowtitle>
                <year>1971</year>
                <season>8</season>
        </meta>
        <link></link>
        <thumbnail>https://www.thetvdb.com/banners/_cache/seasons/72741-8-2.jpg</thumbnail>		
</dir>

<dir>		
        <name>Season 9</name>
        <meta>
                <content>season</content>
                <imdb>tt0066626</imdb>
                <tvdb>72741</tvdb>
                <tvshowtitle>All in the Family</tvshowtitle>
                <year>1971</year>
                <season>9</season>
        </meta>
        <link></link>
        <thumbnail>https://www.thetvdb.com/banners/_cache/seasons/72741-9.jpg</thumbnail>		
</dir>
