########################
<poster>Season 1</poster>
<thumbnail></thumbnail>
<fanart></fanart>
########################

 <item>
        <title>Fantasy Island S01E01 - Return to Fantasy Island</title>
        <meta>
                <content>episode</content>
                <imdb></imdb>
                <tvdb>77722</tvdb>
                <tvshowtitle>Fantasy Island</tvshowtitle>
                <year>1977</year>
                <title>Return to Fantasy Island</title>
                <premiered>1978-01-20</premiered>
                <season>1</season>
                <episode>1</episode>
        </meta>
        <link>
		<sublink>search</sublink>
                <sublink>searchsd</sublink>
        </link>
        <animated_thumbnail></animated_thumbnail>
        <thumbnail>https://www.thetvdb.com/banners/_cache/posters/77722-1.jpg</thumbnail>
        <animated_fanart></animated_fanart>
        <fanart>https://www.thetvdb.com/banners/_cache/fanart/original/77722-1.jpg</fanart>
</item>

 <item>
        <title>Fantasy Island S01E02 - Escape / Cinderella Girls</title>
        <meta>
                <content>episode</content>
                <imdb></imdb>
                <tvdb>77722</tvdb>
                <tvshowtitle>Fantasy Island</tvshowtitle>
                <year>1977</year>
                <title>Escape / Cinderella Girls</title>
                <premiered>1978-01-28</premiered>
                <season>1</season>
                <episode>2</episode>
        </meta>
        <link>
		<sublink>search</sublink>
                <sublink>searchsd</sublink>
        </link>
        <animated_thumbnail></animated_thumbnail>
        <thumbnail>https://www.thetvdb.com/banners/_cache/posters/77722-1.jpg</thumbnail>
        <animated_fanart></animated_fanart>
        <fanart>https://www.thetvdb.com/banners/_cache/fanart/original/77722-1.jpg</fanart>
</item>

 <item>
        <title>Fantasy Island S01E03 - Bet a Million / Mr. Irresistible</title>
        <meta>
                <content>episode</content>
                <imdb></imdb>
                <tvdb>77722</tvdb>
                <tvshowtitle>Fantasy Island</tvshowtitle>
                <year>1977</year>
                <title>Bet a Million / Mr. Irresistible</title>
                <premiered>1978-02-04</premiered>
                <season>1</season>
                <episode>3</episode>
        </meta>
        <link>
		<sublink>search</sublink>
                <sublink>searchsd</sublink>
        </link>
        <animated_thumbnail></animated_thumbnail>
        <thumbnail>https://www.thetvdb.com/banners/_cache/posters/77722-1.jpg</thumbnail>
        <animated_fanart></animated_fanart>
        <fanart>https://www.thetvdb.com/banners/_cache/fanart/original/77722-1.jpg</fanart>
</item>

 <item>
        <title>Fantasy Island S01E04 - The Prince / The Sheriff</title>
        <meta>
                <content>episode</content>
                <imdb></imdb>
                <tvdb>77722</tvdb>
                <tvshowtitle>Fantasy Island</tvshowtitle>
                <year>1977</year>
                <title>The Prince / The Sheriff</title>
                <premiered>1978-02-11</premiered>
                <season>1</season>
                <episode>4</episode>
        </meta>
        <link>
		<sublink>search</sublink>
                <sublink>searchsd</sublink>
        </link>
        <animated_thumbnail></animated_thumbnail>
        <thumbnail>https://www.thetvdb.com/banners/_cache/posters/77722-1.jpg</thumbnail>
        <animated_fanart></animated_fanart>
        <fanart>https://www.thetvdb.com/banners/_cache/fanart/original/77722-1.jpg</fanart>
</item>

 <item>
        <title>Fantasy Island S01E05 - Family Reunion / Voodoo</title>
        <meta>
                <content>episode</content>
                <imdb></imdb>
                <tvdb>77722</tvdb>
                <tvshowtitle>Fantasy Island</tvshowtitle>
                <year>1977</year>
                <title>Family Reunion / Voodoo</title>
                <premiered>1978-02-18</premiered>
                <season>1</season>
                <episode>5</episode>
        </meta>
        <link>
		<sublink>search</sublink>
                <sublink>searchsd</sublink>
        </link>
        <animated_thumbnail></animated_thumbnail>
        <thumbnail>https://www.thetvdb.com/banners/_cache/posters/77722-1.jpg</thumbnail>
        <animated_fanart></animated_fanart>
        <fanart>https://www.thetvdb.com/banners/_cache/fanart/original/77722-1.jpg</fanart>
</item>

 <item>
        <title>Fantasy Island S01E06 - Lady of the Evening / The Racer</title>
        <meta>
                <content>episode</content>
                <imdb></imdb>
                <tvdb>77722</tvdb>
                <tvshowtitle>Fantasy Island</tvshowtitle>
                <year>1977</year>
                <title>Lady of the Evening / The Racer</title>
                <premiered>1978-02-25</premiered>
                <season>1</season>
                <episode>6</episode>
        </meta>
        <link>
		<sublink>search</sublink>
                <sublink>searchsd</sublink>
        </link>
        <animated_thumbnail></animated_thumbnail>
        <thumbnail>https://www.thetvdb.com/banners/_cache/posters/77722-1.jpg</thumbnail>
        <animated_fanart></animated_fanart>
        <fanart>https://www.thetvdb.com/banners/_cache/fanart/original/77722-1.jpg</fanart>
</item>

 <item>
        <title>Fantasy Island S01E07 - Treasure Hunt / Beauty Contest</title>
        <meta>
                <content>episode</content>
                <imdb></imdb>
                <tvdb>77722</tvdb>
                <tvshowtitle>Fantasy Island</tvshowtitle>
                <year>1977</year>
                <title>Treasure Hunt / Beauty Contest</title>
                <premiered>1978-03-11</premiered>
                <season>1</season>
                <episode>7</episode>
        </meta>
        <link>
		<sublink>search</sublink>
                <sublink>searchsd</sublink>
        </link>
        <animated_thumbnail></animated_thumbnail>
        <thumbnail>https://www.thetvdb.com/banners/_cache/posters/77722-1.jpg</thumbnail>
        <animated_fanart></animated_fanart>
        <fanart>https://www.thetvdb.com/banners/_cache/fanart/original/77722-1.jpg</fanart>
</item>
 <item>
        <title>Fantasy Island S01E08 - The Funny Girl / Butch and Sundance</title>
        <meta>
                <content>episode</content>
                <imdb></imdb>
                <tvdb>77722</tvdb>
                <tvshowtitle>Fantasy Island</tvshowtitle>
                <year>1977</year>
                <title>The Funny Girl / Butch and Sundance</title>
                <premiered>1978-03-18</premiered>
                <season>1</season>
                <episode>8</episode>
        </meta>
        <link>
		<sublink>search</sublink>
                <sublink>searchsd</sublink>
        </link>
        <animated_thumbnail></animated_thumbnail>
        <thumbnail>https://www.thetvdb.com/banners/_cache/posters/77722-1.jpg</thumbnail>
        <animated_fanart></animated_fanart>
        <fanart>https://www.thetvdb.com/banners/_cache/fanart/original/77722-1.jpg</fanart>
</item>

 <item>
        <title>Fantasy Island S01E09 - Superstar / Salem</title>
        <meta>
                <content>episode</content>
                <imdb></imdb>
                <tvdb>77722</tvdb>
                <tvshowtitle>Fantasy Island</tvshowtitle>
                <year>1977</year>
                <title>Superstar / Salem</title>
                <premiered>1978-03-25</premiered>
                <season>1</season>
                <episode>9</episode>
        </meta>
        <link>
		<sublink>search</sublink>
                <sublink>searchsd</sublink>
        </link>
        <animated_thumbnail></animated_thumbnail>
        <thumbnail>https://www.thetvdb.com/banners/_cache/posters/77722-1.jpg</thumbnail>
        <animated_fanart></animated_fanart>
        <fanart>https://www.thetvdb.com/banners/_cache/fanart/original/77722-1.jpg</fanart>
</item>

 <item>
        <title>Fantasy Island S01E10 - Trouble, My Lovely / The Common Man</title>
        <meta>
                <content>episode</content>
                <imdb></imdb>
                <tvdb>77722</tvdb>
                <tvshowtitle>Fantasy Island</tvshowtitle>
                <year>1977</year>
                <title>Trouble, My Lovely / The Common Man</title>
                <premiered>1978-04-01</premiered>
                <season>1</season>
                <episode>10</episode>
        </meta>
        <link>
		<sublink>search</sublink>
                <sublink>searchsd</sublink>
        </link>
        <animated_thumbnail></animated_thumbnail>
        <thumbnail>https://www.thetvdb.com/banners/_cache/posters/77722-1.jpg</thumbnail>
        <animated_fanart></animated_fanart>
        <fanart>https://www.thetvdb.com/banners/_cache/fanart/original/77722-1.jpg</fanart>
</item>
 <item>
        <title>Fantasy Island S01E11 - The Over the Hill Caper / Poof! You're a Movie Star</title>
        <meta>
                <content>episode</content>
                <imdb></imdb>
                <tvdb>77722</tvdb>
                <tvshowtitle>Fantasy Island</tvshowtitle>
                <year>1977</year>
                <title>The Over the Hill Caper / Poof! You're a Movie Star</title>
                <premiered>1978-04-15</premiered>
                <season>1</season>
                <episode>11</episode>
        </meta>
        <link>
		<sublink>search</sublink>
                <sublink>searchsd</sublink>
        </link>
        <animated_thumbnail></animated_thumbnail>
        <thumbnail>https://www.thetvdb.com/banners/_cache/posters/77722-1.jpg</thumbnail>
        <animated_fanart></animated_fanart>
        <fanart>https://www.thetvdb.com/banners/_cache/fanart/original/77722-1.jpg</fanart>
</item>

 <item>
        <title>Fantasy Island S01E12 - Reunion / Anniversary</title>
        <meta>
                <content>episode</content>
                <imdb></imdb>
                <tvdb>77722</tvdb>
                <tvshowtitle>Fantasy Island</tvshowtitle>
                <year>1977</year>
                <title>Reunion / Anniversary</title>
                <premiered>1978-04-29</premiered>
                <season>1</season>
                <episode>12</episode>
        </meta>
        <link>
		<sublink>search</sublink>
                <sublink>searchsd</sublink>
        </link>
        <animated_thumbnail></animated_thumbnail>
        <thumbnail>https://www.thetvdb.com/banners/_cache/posters/77722-1.jpg</thumbnail>
        <animated_fanart></animated_fanart>
        <fanart>https://www.thetvdb.com/banners/_cache/fanart/original/77722-1.jpg</fanart>
</item>

 <item>
        <title>Fantasy Island S01E13 - King for a Day / Instant Family</title>
        <meta>
                <content>episode</content>
                <imdb></imdb>
                <tvdb>77722</tvdb>
                <tvshowtitle>Fantasy Island</tvshowtitle>
                <year>1977</year>
                <title>King for a Day / Instant Family</title>
                <premiered>1978-05-06</premiered>
                <season>1</season>
                <episode>13</episode>
        </meta>
        <link>
		<sublink>search</sublink>
                <sublink>searchsd</sublink>
        </link>
        <animated_thumbnail></animated_thumbnail>
        <thumbnail>https://www.thetvdb.com/banners/_cache/posters/77722-1.jpg</thumbnail>
        <animated_fanart></animated_fanart>
        <fanart>https://www.thetvdb.com/banners/_cache/fanart/original/77722-1.jpg</fanart>
</item>

 <item>
        <title>Fantasy Island S01E14 - Fool for a Client / Double Your Pleasure</title>
        <meta>
                <content>episode</content>
                <imdb></imdb>
                <tvdb>77722</tvdb>
                <tvshowtitle>Fantasy Island</tvshowtitle>
                <year>1977</year>
                <title>Fool for a Client / Double Your Pleasure</title>
                <premiered>1978-05-15</premiered>
                <season>1</season>
                <episode>14</episode>
        </meta>
        <link>
		<sublink>search</sublink>
                <sublink>searchsd</sublink>
        </link>
        <animated_thumbnail></animated_thumbnail>
        <thumbnail>https://www.thetvdb.com/banners/_cache/posters/77722-1.jpg</thumbnail>
        <animated_fanart></animated_fanart>
        <fanart>https://www.thetvdb.com/banners/_cache/fanart/original/77722-1.jpg</fanart>
</item>

 <item>
        <title>Fantasy Island S01E15 - Call Me Lucky / Torch Song</title>
        <meta>
                <content>episode</content>
                <imdb></imdb>
                <tvdb>77722</tvdb>
                <tvshowtitle>Fantasy Island</tvshowtitle>
                <year>1977</year>
                <title>Call Me Lucky / Torch Song</title>
                <premiered>1978-05-20</premiered>
                <season>1</season>
                <episode>15</episode>
        </meta>
        <link>
		<sublink>search</sublink>
                <sublink>searchsd</sublink>
        </link>
        <animated_thumbnail></animated_thumbnail>
        <thumbnail>https://www.thetvdb.com/banners/_cache/posters/77722-1.jpg</thumbnail>
        <animated_fanart></animated_fanart>
        <fanart>https://www.thetvdb.com/banners/_cache/fanart/original/77722-1.jpg</fanart>
</item>
