########################
<poster>Fantasy Island</poster>
<thumbnail></thumbnail>
<fanart></fanart>
#############################

<dir>
        <name>Season 1</name>
        <meta>
                <content>season</content>
                <imdb>tt0077008</imdb>
                <tvdb>77722</tvdb>
                <tvshowtitle>Fantasy Island</tvshowtitle>
                <year>1977</year>
                <season>1</season>
        </meta>
        <link>https://raw.githubusercontent.com/Doggmatic71/maddogg/master/plugin.video.laughtraxx/plugin.video.laughtraxx/resources/fantasy1.xml</link>
        <thumbnail>https://www.thetvdb.com/banners/_cache/seasons/77722-1.jpg</thumbnail>
</dir>

<dir>		
        <name>Season 2</name>
        <meta>
                <content>season</content>
                <imdb>tt0077008</imdb>
                <tvdb>77722</tvdb>
                <tvshowtitle>Fantasy Island</tvshowtitle>
                <year>1977</year>
                <season>2</season>
        </meta>
        <link></link>
        <thumbnail>https://www.thetvdb.com/banners/_cache/seasons/77722-2-2.jpg</thumbnail>		
</dir>

<dir>		
        <name>Season 3</name>
        <meta>
                <content>season</content>
                <imdb>tt0077008</imdb>
                <tvdb>77722</tvdb>
                <tvshowtitle>Fantasy Island</tvshowtitle>
                <year>1977</year>
                <season>3</season>
        </meta>
        <link></link>
        <thumbnail>https://www.thetvdb.com/banners/_cache/seasons/77722-3-2.jpg</thumbnail>		
</dir>

<dir>		
        <name>Season 4</name>
        <meta>
                <content>season</content>
                <imdb>tt0077008</imdb>
                <tvdb>77722</tvdb>
                <tvshowtitle>Fantasy Island</tvshowtitle>
                <year>1977</year>
                <season>4</season>
        </meta>
        <link></link>
        <thumbnail>https://www.thetvdb.com/banners/_cache/seasons/77722-4.jpg</thumbnail>		
</dir>

<dir>		
        <name>Season 5</name>
        <meta>
                <content>season</content>
                <imdb>tt0077008</imdb>
                <tvdb>77722</tvdb>
                <tvshowtitle>Fantasy Island</tvshowtitle>
                <year>1977</year>
                <season>5</season>
        </meta>
        <link></link>
        <thumbnail>https://www.thetvdb.com/banners/_cache/posters/77722-3.jpg</thumbnail>		
</dir>
