########################
<poster>Season 1</poster>
<thumbnail></thumbnail>
<fanart></fanart>
########################

 <item>
        <title>Fawlty Towers S01E01 - A Touch of Class</title>
        <meta>
                <content>episode</content>
                <imdb>tt0578584</imdb>
                <tvdb>75932</tvdb>
                <tvshowtitle>Fawlty Towers</tvshowtitle>
                <year>1975</year>
                <title>A Touch of Class</title>
                <premiered>1975-09-19</premiered>
                <season>1</season>
                <episode>1</episode>
        </meta>
        <link>
		<sublink>search</sublink>
                <sublink>searchsd</sublink>
        </link>
        <animated_thumbnail></animated_thumbnail>
        <thumbnail>https://www.thetvdb.com/banners/_cache/posters/75932-2.jpg</thumbnail>
        <animated_fanart></animated_fanart>
        <fanart>https://www.thetvdb.com/banners/_cache/fanart/original/75932-10.jpg</fanart>
</item>

 <item>
        <title>Fawlty Towers S01E02 - The Builders</title>
        <meta>
                <content>episode</content>
                <imdb>tt0578589</imdb>
                <tvdb>75932</tvdb>
                <tvshowtitle>Fawlty Towers</tvshowtitle>
                <year>1975</year>
                <title>The Builders</title>
                <premiered>1975-09-26</premiered>
                <season>1</season>
                <episode>2</episode>
        </meta>
        <link>
		<sublink>search</sublink>
                <sublink>searchsd</sublink>
        </link>
        <animated_thumbnail></animated_thumbnail>
        <thumbnail>https://www.thetvdb.com/banners/_cache/posters/75932-2.jpg</thumbnail>
        <animated_fanart></animated_fanart>
        <fanart>https://www.thetvdb.com/banners/_cache/fanart/original/75932-10.jpg</fanart>
</item>

 <item>
        <title>Fawlty Towers S01E03 - The Wedding Party</title>
        <meta>
                <content>episode</content>
                <imdb>tt0578594</imdb>
                <tvdb>75932</tvdb>
                <tvshowtitle>Fawlty Towers</tvshowtitle>
                <year>1975</year>
                <title>The Wedding Party</title>
                <premiered>1975-10-03</premiered>
                <season>1</season>
                <episode>3</episode>
        </meta>
        <link>
		<sublink>search</sublink>
                <sublink>searchsd</sublink>
        </link>
        <animated_thumbnail></animated_thumbnail>
        <thumbnail>https://www.thetvdb.com/banners/_cache/posters/75932-2.jpg</thumbnail>
        <animated_fanart></animated_fanart>
        <fanart>https://www.thetvdb.com/banners/_cache/fanart/original/75932-10.jpg</fanart>
</item>

 <item>
        <title>Fawlty Towers S01E04 - The Hotel Inspectors</title>
        <meta>
                <content>episode</content>
                <imdb>tt0578591</imdb>
                <tvdb>75932</tvdb>
                <tvshowtitle>Fawlty Towers</tvshowtitle>
                <year>1975</year>
                <title>The Hotel Inspectors</title>
                <premiered>1975-10-10</premiered>
                <season>1</season>
                <episode>4</episode>
        </meta>
        <link>
		<sublink>search</sublink>
                <sublink>searchsd</sublink>
        </link>
        <animated_thumbnail></animated_thumbnail>
        <thumbnail>https://www.thetvdb.com/banners/_cache/posters/75932-2.jpg</thumbnail>
        <animated_fanart></animated_fanart>
        <fanart>https://www.thetvdb.com/banners/_cache/fanart/original/75932-10.jpg</fanart>
</item>

 <item>
        <title>Fawlty Towers S01E05 - Gourmet Night</title>
        <meta>
                <content>episode</content>
                <imdb>tt0578587</imdb>
                <tvdb>75932</tvdb>
                <tvshowtitle>Fawlty Towers</tvshowtitle>
                <year>1975</year>
                <title>Gourmet Night</title>
                <premiered>1975-10-17</premiered>
                <season>1</season>
                <episode>5</episode>
        </meta>
        <link>
		<sublink>search</sublink>
                <sublink>searchsd</sublink>
        </link>
        <animated_thumbnail></animated_thumbnail>
        <thumbnail>https://www.thetvdb.com/banners/_cache/posters/75932-2.jpg</thumbnail>
        <animated_fanart></animated_fanart>
        <fanart>https://www.thetvdb.com/banners/_cache/fanart/original/75932-10.jpg</fanart>
</item>

 <item>
        <title>Fawlty Towers S01E06 - The Germans</title>
        <meta>
                <content>episode</content>
                <imdb>tt0578590</imdb>
                <tvdb>75932</tvdb>
                <tvshowtitle>Fawlty Towers</tvshowtitle>
                <year>1975</year>
                <title>The Germans</title>
                <premiered>1975-10-24</premiered>
                <season>1</season>
                <episode>6</episode>
        </meta>
        <link>
		<sublink>search</sublink>
                <sublink>searchsd</sublink>
        </link>
        <animated_thumbnail></animated_thumbnail>
        <thumbnail>https://www.thetvdb.com/banners/_cache/posters/75932-2.jpg</thumbnail>
        <animated_fanart></animated_fanart>
        <fanart>https://www.thetvdb.com/banners/_cache/fanart/original/75932-10.jpg</fanart>
</item>
