########################
<poster>Season 2</poster>
<thumbnail></thumbnail>
<fanart></fanart>
########################

 <item>
        <title>Fawlty Towers S02E01 - Communication Problems</title>
        <meta>
                <content>episode</content>
                <imdb>tt0578586</imdb>
                <tvdb>75932</tvdb>
                <tvshowtitle>Fawlty Towers</tvshowtitle>
                <year>1975</year>
                <title>Communication Problems</title>
                <premiered>1979-02-19</premiered>
                <season>2</season>
                <episode>1</episode>
        </meta>
        <link>
		<sublink>search</sublink>
                <sublink>searchsd</sublink>
        </link>
        <animated_thumbnail></animated_thumbnail>
        <thumbnail>https://www.thetvdb.com/banners/_cache/posters/75932-2.jpg</thumbnail>
        <animated_fanart></animated_fanart>
        <fanart>https://www.thetvdb.com/banners/_cache/fanart/original/75932-10.jpg</fanart>
</item>

 <item>
        <title>Fawlty Towers S02E02 - The Psychiatrist</title>
        <meta>
                <content>episode</content>
                <imdb>tt0578593</imdb>
                <tvdb>75932</tvdb>
                <tvshowtitle>Fawlty Towers</tvshowtitle>
                <year>1975</year>
                <title>The Psychiatrist</title>
                <premiered>1979-02-26</premiered>
                <season>2</season>
                <episode>2</episode>
        </meta>
        <link>
		<sublink>search</sublink>
                <sublink>searchsd</sublink>
        </link>
        <animated_thumbnail></animated_thumbnail>
        <thumbnail>https://www.thetvdb.com/banners/_cache/posters/75932-2.jpg</thumbnail>
        <animated_fanart></animated_fanart>
        <fanart>https://www.thetvdb.com/banners/_cache/fanart/original/75932-10.jpg</fanart>
</item>

 <item>
        <title>Fawlty Towers S02E03 - Waldorf Salad</title>
        <meta>
                <content>episode</content>
                <imdb>tt0578595</imdb>
                <tvdb>75932</tvdb>
                <tvshowtitle>Fawlty Towers</tvshowtitle>
                <year>1975</year>
                <title>Waldorf Salad</title>
                <premiered>1979-03-05</premiered>
                <season>2</season>
                <episode>3</episode>
        </meta>
        <link>
		<sublink>search</sublink>
                <sublink>searchsd</sublink>
        </link>
        <animated_thumbnail></animated_thumbnail>
        <thumbnail>https://www.thetvdb.com/banners/_cache/posters/75932-2.jpg</thumbnail>
        <animated_fanart></animated_fanart>
        <fanart>https://www.thetvdb.com/banners/_cache/fanart/original/75932-10.jpg</fanart>
</item>

 <item>
        <title>Fawlty Towers S02E04 - The Kipper and the Corpse</title>
        <meta>
                <content>episode</content>
                <imdb>tt0578592</imdb>
                <tvdb>75932</tvdb>
                <tvshowtitle>Fawlty Towers</tvshowtitle>
                <year>1975</year>
                <title>The Kipper and the Corpse</title>
                <premiered>1979-03-12</premiered>
                <season>2</season>
                <episode>4</episode>
        </meta>
        <link>
		<sublink>search</sublink>
                <sublink>searchsd</sublink>
        </link>
        <animated_thumbnail></animated_thumbnail>
        <thumbnail>https://www.thetvdb.com/banners/_cache/posters/75932-2.jpg</thumbnail>
        <animated_fanart></animated_fanart>
        <fanart>https://www.thetvdb.com/banners/_cache/fanart/original/75932-10.jpg</fanart>
</item>

 <item>
        <title>Fawlty Towers S02E05 - The Anniversary</title>
        <meta>
                <content>episode</content>
                <imdb>tt0578588</imdb>
                <tvdb>75932</tvdb>
                <tvshowtitle>Fawlty Towers</tvshowtitle>
                <year>1975</year>
                <title>The Anniversary</title>
                <premiered>1979-03-26</premiered>
                <season>2</season>
                <episode>5</episode>
        </meta>
        <link>
		<sublink>search</sublink>
                <sublink>searchsd</sublink>
        </link>
        <animated_thumbnail></animated_thumbnail>
        <thumbnail>https://www.thetvdb.com/banners/_cache/posters/75932-2.jpg</thumbnail>
        <animated_fanart></animated_fanart>
        <fanart>https://www.thetvdb.com/banners/_cache/fanart/original/75932-10.jpg</fanart>
</item>

 <item>
        <title>Fawlty Towers S02E06 - Basil the Rat</title>
        <meta>
                <content>episode</content>
                <imdb>tt0578585</imdb>
                <tvdb>75932</tvdb>
                <tvshowtitle>Fawlty Towers</tvshowtitle>
                <year>1975</year>
                <title>Basil the Rat</title>
                <premiered>1979-10-25</premiered>
                <season>2</season>
                <episode>6</episode>
        </meta>
        <link>
		<sublink>search</sublink>
                <sublink>searchsd</sublink>
        </link>
        <animated_thumbnail></animated_thumbnail>
        <thumbnail>https://www.thetvdb.com/banners/_cache/posters/75932-2.jpg</thumbnail>
        <animated_fanart></animated_fanart>
        <fanart>https://www.thetvdb.com/banners/_cache/fanart/original/75932-10.jpg</fanart>
</item>
