########################
<poster>Season 1</poster>
<thumbnail></thumbnail>
<fanart></fanart>
########################

 <item>
        <title>Good Times S01E01 - Too Old Blues</title>
        <meta>
                <content>episode</content>
                <imdb></imdb>
                <tvdb>77357</tvdb>
                <tvshowtitle>Good Times</tvshowtitle>
                <year>1974</year>
                <title>Too Old Blues</title>
                <premiered>1974-02-08</premiered>
                <season>1</season>
                <episode>1</episode>
        </meta>
        <link>
		<sublink>search</sublink>
                <sublink>searchsd</sublink>
        </link>
        <animated_thumbnail></animated_thumbnail>
        <thumbnail>https://www.thetvdb.com/banners/_cache/posters/77357-2.jpg</thumbnail>
        <animated_fanart></animated_fanart>
        <fanart>https://www.thetvdb.com/banners/_cache/fanart/original/77357-3.jpg</fanart>
</item>

 <item>
        <title>Good Times S01E02 - Black Jesus</title>
        <meta>
                <content>episode</content>
                <imdb></imdb>
                <tvdb>77357</tvdb>
                <tvshowtitle>Good Times</tvshowtitle>
                <year>1974</year>
                <title>Black Jesus</title>
                <premiered>1974-02-15</premiered>
                <season>1</season>
                <episode>2</episode>
        </meta>
        <link>
		<sublink>search</sublink>
                <sublink>searchsd</sublink>
        </link>
        <animated_thumbnail></animated_thumbnail>
        <thumbnail>https://www.thetvdb.com/banners/_cache/posters/77357-2.jpg</thumbnail>
        <animated_fanart></animated_fanart>
        <fanart>https://www.thetvdb.com/banners/_cache/fanart/original/77357-3.jpg</fanart>
</item>

 <item>
        <title>Good Times S01E03 - Getting Up the Rent</title>
        <meta>
                <content>episode</content>
                <imdb></imdb>
                <tvdb>77357</tvdb>
                <tvshowtitle>Good Times</tvshowtitle>
                <year>1974</year>
                <title>Getting Up the Rent</title>
                <premiered>1974-02-22</premiered>
                <season>1</season>
                <episode>3</episode>
        </meta>
        <link>
		<sublink>search</sublink>
                <sublink>searchsd</sublink>
        </link>
        <animated_thumbnail></animated_thumbnail>
        <thumbnail>https://www.thetvdb.com/banners/_cache/posters/77357-2.jpg</thumbnail>
        <animated_fanart></animated_fanart>
        <fanart>https://www.thetvdb.com/banners/_cache/fanart/original/77357-3.jpg</fanart>
</item>

 <item>
        <title>Good Times S01E04 - God's Business Is Good Business</title>
        <meta>
                <content>episode</content>
                <imdb></imdb>
                <tvdb>77357</tvdb>
                <tvshowtitle>Good Times</tvshowtitle>
                <year>1974</year>
                <title>God's Business Is Good Business</title>
                <premiered>1974-03-01</premiered>
                <season>1</season>
                <episode>4</episode>
        </meta>
        <link>
		<sublink>search</sublink>
                <sublink>searchsd</sublink>
        </link>
        <animated_thumbnail></animated_thumbnail>
        <thumbnail>https://www.thetvdb.com/banners/_cache/posters/77357-2.jpg</thumbnail>
        <animated_fanart></animated_fanart>
        <fanart>https://www.thetvdb.com/banners/_cache/fanart/original/77357-3.jpg</fanart>
</item>

 <item>
        <title>Good Times S01E05 - Michael Gets Suspended</title>
        <meta>
                <content>episode</content>
                <imdb></imdb>
                <tvdb>77357</tvdb>
                <tvshowtitle>Good Times</tvshowtitle>
                <year>1974</year>
                <title>Michael Gets Suspended</title>
                <premiered>1974-03-08</premiered>
                <season>1</season>
                <episode>5</episode>
        </meta>
        <link>
		<sublink>search</sublink>
                <sublink>searchsd</sublink>
        </link>
        <animated_thumbnail></animated_thumbnail>
        <thumbnail>https://www.thetvdb.com/banners/_cache/posters/77357-2.jpg</thumbnail>
        <animated_fanart></animated_fanart>
        <fanart>https://www.thetvdb.com/banners/_cache/fanart/original/77357-3.jpg</fanart>
</item>

 <item>
        <title>Good Times S01E06 - Sex and the Evans Family</title>
        <meta>
                <content>episode</content>
                <imdb></imdb>
                <tvdb>77357</tvdb>
                <tvshowtitle>Good Times</tvshowtitle>
                <year>1974</year>
                <title>Sex and the Evans Family</title>
                <premiered>1974-03-15</premiered>
                <season>1</season>
                <episode>6</episode>
        </meta>
        <link>
		<sublink>search</sublink>
                <sublink>searchsd</sublink>
        </link>
        <animated_thumbnail></animated_thumbnail>
        <thumbnail>https://www.thetvdb.com/banners/_cache/posters/77357-2.jpg</thumbnail>
        <animated_fanart></animated_fanart>
        <fanart>https://www.thetvdb.com/banners/_cache/fanart/original/77357-3.jpg</fanart>
</item>

 <item>
        <title>Good Times S01E07 - Junior Gets a Patron</title>
        <meta>
                <content>episode</content>
                <imdb></imdb>
                <tvdb>77357</tvdb>
                <tvshowtitle>Good Times</tvshowtitle>
                <year>1974</year>
                <title>Junior Gets a Patron</title>
                <premiered>1974-03-22</premiered>
                <season>1</season>
                <episode>7</episode>
        </meta>
        <link>
		<sublink>search</sublink>
                <sublink>searchsd</sublink>
        </link>
        <animated_thumbnail></animated_thumbnail>
        <thumbnail>https://www.thetvdb.com/banners/_cache/posters/77357-2.jpg</thumbnail>
        <animated_fanart></animated_fanart>
        <fanart>https://www.thetvdb.com/banners/_cache/fanart/original/77357-3.jpg</fanart>
</item>
 <item>
        <title>Good Times S01E08 - Junior the Senior</title>
        <meta>
                <content>episode</content>
                <imdb></imdb>
                <tvdb>77357</tvdb>
                <tvshowtitle>Good Times</tvshowtitle>
                <year>1974</year>
                <title>Junior the Senior</title>
                <premiered>1974-03-29</premiered>
                <season>1</season>
                <episode>8</episode>
        </meta>
        <link>
		<sublink>search</sublink>
                <sublink>searchsd</sublink>
        </link>
        <animated_thumbnail></animated_thumbnail>
        <thumbnail>https://www.thetvdb.com/banners/_cache/posters/77357-2.jpg</thumbnail>
        <animated_fanart></animated_fanart>
        <fanart>https://www.thetvdb.com/banners/_cache/fanart/original/77357-3.jpg</fanart>
</item>

 <item>
        <title>Good Times S01E09 - The Visitor</title>
        <meta>
                <content>episode</content>
                <imdb></imdb>
                <tvdb>77357</tvdb>
                <tvshowtitle>Good Times</tvshowtitle>
                <year>1974</year>
                <title>The Visitor</title>
                <premiered>1974-04-05</premiered>
                <season>1</season>
                <episode>9</episode>
        </meta>
        <link>
		<sublink>search</sublink>
                <sublink>searchsd</sublink>
        </link>
        <animated_thumbnail></animated_thumbnail>
        <thumbnail>https://www.thetvdb.com/banners/_cache/posters/77357-2.jpg</thumbnail>
        <animated_fanart></animated_fanart>
        <fanart>https://www.thetvdb.com/banners/_cache/fanart/original/77357-3.jpg</fanart>
</item>

 <item>
        <title>Good Times S01E10 - Springtime in the Ghetto</title>
        <meta>
                <content>episode</content>
                <imdb></imdb>
                <tvdb>77357</tvdb>
                <tvshowtitle>Good Times</tvshowtitle>
                <year>1974</year>
                <title>Springtime in the Ghetto</title>
                <premiered>1974-04-19</premiered>
                <season>1</season>
                <episode>10</episode>
        </meta>
        <link>
		<sublink>search</sublink>
                <sublink>searchsd</sublink>
        </link>
        <animated_thumbnail></animated_thumbnail>
        <thumbnail>https://www.thetvdb.com/banners/_cache/posters/77357-2.jpg</thumbnail>
        <animated_fanart></animated_fanart>
        <fanart>https://www.thetvdb.com/banners/_cache/fanart/original/77357-3.jpg</fanart>
</item>

 <item>
        <title>Good Times S01E11 - The TV Commercial</title>
        <meta>
                <content>episode</content>
                <imdb></imdb>
                <tvdb>77357</tvdb>
                <tvshowtitle>Good Times</tvshowtitle>
                <year>1974</year>
                <title>The TV Commercial</title>
                <premiered>1974-04-26</premiered>
                <season>1</season>
                <episode>11</episode>
        </meta>
        <link>
		<sublink>search</sublink>
                <sublink>searchsd</sublink>
        </link>
        <animated_thumbnail></animated_thumbnail>
        <thumbnail>https://www.thetvdb.com/banners/_cache/posters/77357-2.jpg</thumbnail>
        <animated_fanart></animated_fanart>
        <fanart>https://www.thetvdb.com/banners/_cache/fanart/original/77357-3.jpg</fanart>
</item>

 <item>
        <title>Good Times S01E12 - The Check Up</title>
        <meta>
                <content>episode</content>
                <imdb></imdb>
                <tvdb>77357</tvdb>
                <tvshowtitle>Good Times</tvshowtitle>
                <year>1974</year>
                <title>The Check Up</title>
                <premiered>1974-05-03</premiered>
                <season>1</season>
                <episode>12</episode>
        </meta>
        <link>
		<sublink>search</sublink>
                <sublink>searchsd</sublink>
        </link>
        <animated_thumbnail></animated_thumbnail>
        <thumbnail>https://www.thetvdb.com/banners/_cache/posters/77357-2.jpg</thumbnail>
        <animated_fanart></animated_fanart>
        <fanart>https://www.thetvdb.com/banners/_cache/fanart/original/77357-3.jpg</fanart>
</item>

 <item>
        <title>Good Times S01E13 - My Son the Lover</title>
        <meta>
                <content>episode</content>
                <imdb></imdb>
                <tvdb>77357</tvdb>
                <tvshowtitle>Good Times</tvshowtitle>
                <year>1974</year>
                <title>My Son the Lover</title>
                <premiered>1974-05-10</premiered>
                <season>1</season>
                <episode>13</episode>
        </meta>
        <link>
		<sublink>search</sublink>
                <sublink>searchsd</sublink>
        </link>
        <animated_thumbnail></animated_thumbnail>
        <thumbnail>https://www.thetvdb.com/banners/_cache/posters/77357-2.jpg</thumbnail>
        <animated_fanart></animated_fanart>
        <fanart>https://www.thetvdb.com/banners/_cache/fanart/original/77357-3.jpg</fanart>
</item>
