########################
<poster>Good Times</poster>
<thumbnail></thumbnail>
<fanart></fanart>
#############################

<dir>
        <name>Season 1</name>
        <meta>
                <content>season</content>
                <imdb>tt0070991</imdb>
                <tvdb>77357</tvdb>
                <tvshowtitle>Good Times</tvshowtitle>
                <year>1974</year>
                <season>1</season>
        </meta>
        <link>https://raw.githubusercontent.com/Doggmatic71/maddogg/master/plugin.video.laughtraxx/plugin.video.laughtraxx/resources/goodtimes1.xml</link>
        <thumbnail>https://www.thetvdb.com/banners/_cache/seasons/77357-1-2.jpg</thumbnail>
</dir>

<dir>		
        <name>Season 2</name>
        <meta>
                <content>season</content>
                <imdb>tt0070991</imdb>
                <tvdb>77357</tvdb>
                <tvshowtitle>Good Times</tvshowtitle>
                <year>1974</year>
                <season>2</season>
        </meta>
        <link></link>
        <thumbnail>https://www.thetvdb.com/banners/_cache/seasons/77357-2-2.jpg</thumbnail>		
</dir>

<dir>		
        <name>Season 3</name>
        <meta>
                <content>season</content>
                <imdb>tt0070991</imdb>
                <tvdb>77357</tvdb>
                <tvshowtitle>Good Times</tvshowtitle>
                <year>1974</year>
                <season>3</season>
        </meta>
        <link></link>
        <thumbnail>https://www.thetvdb.com/banners/_cache/seasons/77357-3-2.jpg</thumbnail>		
</dir>

<dir>		
        <name>Season 4</name>
        <meta>
                <content>season</content>
                <imdb>tt0070991</imdb>
                <tvdb>77357</tvdb>
                <tvshowtitle>Good Times</tvshowtitle>
                <year>1974</year>
                <season>4</season>
        </meta>
        <link></link>
        <thumbnail>https://www.thetvdb.com/banners/_cache/seasons/77357-4-2.jpg</thumbnail>		
</dir>

<dir>		
        <name>Season 5</name>
        <meta>
                <content>season</content>
                <imdb>tt0070991</imdb>
                <tvdb>77357</tvdb>
                <tvshowtitle>Good Times</tvshowtitle>
                <year>1974</year>
                <season>5</season>
        </meta>
        <link></link>
        <thumbnail>https://www.thetvdb.com/banners/_cache/seasons/77357-5-2.jpg</thumbnail>		
</dir>

<dir>		
        <name>Season 6</name>
        <meta>
                <content>season</content>
                <imdb>tt0070991</imdb>
                <tvdb>77357</tvdb>
                <tvshowtitle>Good Times</tvshowtitle>
                <year>1974</year>
                <season>6</season>
        </meta>
        <link></link>
        <thumbnail>https://www.thetvdb.com/banners/_cache/seasons/77357-6-2.jpg</thumbnail>		
</dir>
