########################
<poster>Season 2</poster>
<thumbnail></thumbnail>
<fanart></fanart>
########################

 <item>
        <title>The Andy Griffith Show S02E01 - Opie and the Bully</title>
        <meta>
                <content>episode</content>
                <imdb></imdb>
                <tvdb>77754</tvdb>
                <tvshowtitle>The Andy Griffith Show</tvshowtitle>
                <year>1960</year>
                <title>Opie and the Bully</title>
                <premiered>1961-10-02</premiered>
                <season>2</season>
                <episode>1</episode>
        </meta>
        <link>
		<sublink>search</sublink>
                <sublink>searchsd</sublink>
        </link>
        <animated_thumbnail></animated_thumbnail>
        <thumbnail>https://www.thetvdb.com/banners/_cache/posters/77754-3.jpg</thumbnail>
        <animated_fanart></animated_fanart>
        <fanart>https://www.thetvdb.com/banners/_cache/fanart/original/77754-11.jpg</fanart>
</item>

 <item>
        <title>The Andy Griffith Show S02E02 - Barney's Replacement</title>
        <meta>
                <content>episode</content>
                <imdb></imdb>
                <tvdb>77754</tvdb>
                <tvshowtitle>The Andy Griffith Show</tvshowtitle>
                <year>1960</year>
                <title>Barney's Replacement</title>
                <premiered>1961-10-09</premiered>
                <season>2</season>
                <episode>2</episode>
        </meta>
        <link>
		<sublink>search</sublink>
                <sublink>searchsd</sublink>
        </link>
        <animated_thumbnail></animated_thumbnail>
        <thumbnail>https://www.thetvdb.com/banners/_cache/posters/77754-3.jpg</thumbnail>
        <animated_fanart></animated_fanart>
        <fanart>https://www.thetvdb.com/banners/_cache/fanart/original/77754-11.jpg</fanart>
</item>

 <item>
        <title>The Andy Griffith Show S02E03 - Andy and the Woman Speeder</title>
        <meta>
                <content>episode</content>
                <imdb></imdb>
                <tvdb>77754</tvdb>
                <tvshowtitle>The Andy Griffith Show</tvshowtitle>
                <year>1960</year>
                <title>Andy and the Woman Speeder</title>
                <premiered>1961-10-16</premiered>
                <season>2</season>
                <episode>3</episode>
        </meta>
        <link>
		<sublink>search</sublink>
                <sublink>searchsd</sublink>
        </link>
        <animated_thumbnail></animated_thumbnail>
        <thumbnail>https://www.thetvdb.com/banners/_cache/posters/77754-3.jpg</thumbnail>
        <animated_fanart></animated_fanart>
        <fanart>https://www.thetvdb.com/banners/_cache/fanart/original/77754-11.jpg</fanart>
</item>

 <item>
        <title>The Andy Griffith Show S02E04 - Mayberry Goes Bankrupt</title>
        <meta>
                <content>episode</content>
                <imdb></imdb>
                <tvdb>77754</tvdb>
                <tvshowtitle>The Andy Griffith Show</tvshowtitle>
                <year>1960</year>
                <title>Mayberry Goes Bankrupt</title>
                <premiered>1961-10-23</premiered>
                <season>2</season>
                <episode>4</episode>
        </meta>
        <link>
		<sublink>search</sublink>
                <sublink>searchsd</sublink>
        </link>
        <animated_thumbnail></animated_thumbnail>
        <thumbnail>https://www.thetvdb.com/banners/_cache/posters/77754-3.jpg</thumbnail>
        <animated_fanart></animated_fanart>
        <fanart>https://www.thetvdb.com/banners/_cache/fanart/original/77754-11.jpg</fanart>
</item>

 <item>
        <title>The Andy Griffith Show S02E05 - Barney on the Rebound</title>
        <meta>
                <content>episode</content>
                <imdb></imdb>
                <tvdb>77754</tvdb>
                <tvshowtitle>The Andy Griffith Show</tvshowtitle>
                <year>1960</year>
                <title>Barney on the Rebound</title>
                <premiered>1961-10-30</premiered>
                <season>2</season>
                <episode>5</episode>
        </meta>
        <link>
		<sublink>search</sublink>
                <sublink>searchsd</sublink>
        </link>
        <animated_thumbnail></animated_thumbnail>
        <thumbnail>https://www.thetvdb.com/banners/_cache/posters/77754-3.jpg</thumbnail>
        <animated_fanart></animated_fanart>
        <fanart>https://www.thetvdb.com/banners/_cache/fanart/original/77754-11.jpg</fanart>
</item>

 <item>
        <title>The Andy Griffith Show S02E06 - Opie's Hobo Friend</title>
        <meta>
                <content>episode</content>
                <imdb></imdb>
                <tvdb>77754</tvdb>
                <tvshowtitle>The Andy Griffith Show</tvshowtitle>
                <year>1960</year>
                <title>Opie's Hobo Friend</title>
                <premiered>1961-11-13</premiered>
                <season>2</season>
                <episode>6</episode>
        </meta>
        <link>
		<sublink>search</sublink>
                <sublink>searchsd</sublink>
        </link>
        <animated_thumbnail></animated_thumbnail>
        <thumbnail>https://www.thetvdb.com/banners/_cache/posters/77754-3.jpg</thumbnail>
        <animated_fanart></animated_fanart>
        <fanart>https://www.thetvdb.com/banners/_cache/fanart/original/77754-11.jpg</fanart>
</item>

 <item>
        <title>The Andy Griffith Show S02E07 - Crime-Free Mayberry</title>
        <meta>
                <content>episode</content>
                <imdb></imdb>
                <tvdb>77754</tvdb>
                <tvshowtitle>The Andy Griffith Show</tvshowtitle>
                <year>1960</year>
                <title>Crime-Free Mayberry</title>
                <premiered>1961-11-20</premiered>
                <season>2</season>
                <episode>7</episode>
        </meta>
        <link>
		<sublink>search</sublink>
                <sublink>searchsd</sublink>
        </link>
        <animated_thumbnail></animated_thumbnail>
        <thumbnail>https://www.thetvdb.com/banners/_cache/posters/77754-3.jpg</thumbnail>
        <animated_fanart></animated_fanart>
        <fanart>https://www.thetvdb.com/banners/_cache/fanart/original/77754-11.jpg</fanart>
</item>
 <item>
        <title>The Andy Griffith Show S02E08 - The Perfect Female</title>
        <meta>
                <content>episode</content>
                <imdb></imdb>
                <tvdb>77754</tvdb>
                <tvshowtitle>The Andy Griffith Show</tvshowtitle>
                <year>1960</year>
                <title>The Perfect Female</title>
                <premiered>1961-11-27</premiered>
                <season>2</season>
                <episode>8</episode>
        </meta>
        <link>
		<sublink>search</sublink>
                <sublink>searchsd</sublink>
        </link>
        <animated_thumbnail></animated_thumbnail>
        <thumbnail>https://www.thetvdb.com/banners/_cache/posters/77754-3.jpg</thumbnail>
        <animated_fanart></animated_fanart>
        <fanart>https://www.thetvdb.com/banners/_cache/fanart/original/77754-11.jpg</fanart>
</item>

 <item>
        <title>The Andy Griffith Show S02E09 - Aunt Bee's Brief Encounter</title>
        <meta>
                <content>episode</content>
                <imdb></imdb>
                <tvdb>77754</tvdb>
                <tvshowtitle>The Andy Griffith Show</tvshowtitle>
                <year>1960</year>
                <title>Aunt Bee's Brief Encounter</title>
                <premiered>1961-12-04</premiered>
                <season>2</season>
                <episode>9</episode>
        </meta>
        <link>
		<sublink>search</sublink>
                <sublink>searchsd</sublink>
        </link>
        <animated_thumbnail></animated_thumbnail>
        <thumbnail>https://www.thetvdb.com/banners/_cache/posters/77754-3.jpg</thumbnail>
        <animated_fanart></animated_fanart>
        <fanart>https://www.thetvdb.com/banners/_cache/fanart/original/77754-11.jpg</fanart>
</item>

 <item>
        <title>The Andy Griffith Show S02E10 - The Clubmen</title>
        <meta>
                <content>episode</content>
                <imdb></imdb>
                <tvdb>77754</tvdb>
                <tvshowtitle>The Andy Griffith Show</tvshowtitle>
                <year>1960</year>
                <title>The Clubmen</title>
                <premiered>1961-12-11</premiered>
                <season>2</season>
                <episode>10</episode>
        </meta>
        <link>
		<sublink>search</sublink>
                <sublink>searchsd</sublink>
        </link>
        <animated_thumbnail></animated_thumbnail>
        <thumbnail>https://www.thetvdb.com/banners/_cache/posters/77754-3.jpg</thumbnail>
        <animated_fanart></animated_fanart>
        <fanart>https://www.thetvdb.com/banners/_cache/fanart/original/77754-11.jpg</fanart>
</item>
 <item>
        <title>The Andy Griffith Show S02E11 - The Pickle Story</title>
        <meta>
                <content>episode</content>
                <imdb></imdb>
                <tvdb>77754</tvdb>
                <tvshowtitle>The Andy Griffith Show</tvshowtitle>
                <year>1960</year>
                <title>The Pickle Story</title>
                <premiered>1961-12-18</premiered>
                <season>2</season>
                <episode>11</episode>
        </meta>
        <link>
		<sublink>search</sublink>
                <sublink>searchsd</sublink>
        </link>
        <animated_thumbnail></animated_thumbnail>
        <thumbnail>https://www.thetvdb.com/banners/_cache/posters/77754-3.jpg</thumbnail>
        <animated_fanart></animated_fanart>
        <fanart>https://www.thetvdb.com/banners/_cache/fanart/original/77754-11.jpg</fanart>
</item>

 <item>
        <title>The Andy Griffith Show S02E12 - Sheriff Barney</title>
        <meta>
                <content>episode</content>
                <imdb></imdb>
                <tvdb>77754</tvdb>
                <tvshowtitle>The Andy Griffith Show</tvshowtitle>
                <year>1960</year>
                <title>Sheriff Barney</title>
                <premiered>1961-12-25</premiered>
                <season>2</season>
                <episode>12</episode>
        </meta>
        <link>
		<sublink>search</sublink>
                <sublink>searchsd</sublink>
        </link>
        <animated_thumbnail></animated_thumbnail>
        <thumbnail>https://www.thetvdb.com/banners/_cache/posters/77754-3.jpg</thumbnail>
        <animated_fanart></animated_fanart>
        <fanart>https://www.thetvdb.com/banners/_cache/fanart/original/77754-11.jpg</fanart>
</item>

 <item>
        <title>The Andy Griffith Show S02E13 - The Farmer Takes a Wife</title>
        <meta>
                <content>episode</content>
                <imdb></imdb>
                <tvdb>77754</tvdb>
                <tvshowtitle>The Andy Griffith Show</tvshowtitle>
                <year>1960</year>
                <title>The Farmer Takes a Wife</title>
                <premiered>1962-01-01</premiered>
                <season>2</season>
                <episode>13</episode>
        </meta>
        <link>
		<sublink>search</sublink>
                <sublink>searchsd</sublink>
        </link>
        <animated_thumbnail></animated_thumbnail>
        <thumbnail>https://www.thetvdb.com/banners/_cache/posters/77754-3.jpg</thumbnail>
        <animated_fanart></animated_fanart>
        <fanart>https://www.thetvdb.com/banners/_cache/fanart/original/77754-11.jpg</fanart>
</item>

 <item>
        <title>The Andy Griffith Show S02E14 - Keeper of the Flame</title>
        <meta>
                <content>episode</content>
                <imdb></imdb>
                <tvdb>77754</tvdb>
                <tvshowtitle>The Andy Griffith Show</tvshowtitle>
                <year>1960</year>
                <title>Keeper of the Flame</title>
                <premiered>1962-01-08</premiered>
                <season>2</season>
                <episode>14</episode>
        </meta>
        <link>
		<sublink>search</sublink>
                <sublink>searchsd</sublink>
        </link>
        <animated_thumbnail></animated_thumbnail>
        <thumbnail>https://www.thetvdb.com/banners/_cache/posters/77754-3.jpg</thumbnail>
        <animated_fanart></animated_fanart>
        <fanart>https://www.thetvdb.com/banners/_cache/fanart/original/77754-11.jpg</fanart>
</item>

 <item>
        <title>The Andy Griffith Show S02E15 - Bailey's Bad Boy</title>
        <meta>
                <content>episode</content>
                <imdb></imdb>
                <tvdb>77754</tvdb>
                <tvshowtitle>The Andy Griffith Show</tvshowtitle>
                <year>1960</year>
                <title>Bailey's Bad Boy</title>
                <premiered>1962-01-15</premiered>
                <season>2</season>
                <episode>15</episode>
        </meta>
        <link>
		<sublink>search</sublink>
                <sublink>searchsd</sublink>
        </link>
        <animated_thumbnail></animated_thumbnail>
        <thumbnail>https://www.thetvdb.com/banners/_cache/posters/77754-3.jpg</thumbnail>
        <animated_fanart></animated_fanart>
        <fanart>https://www.thetvdb.com/banners/_cache/fanart/original/77754-11.jpg</fanart>
</item>

 <item>
        <title>The Andy Griffith Show S02E16 - The Manicurist</title>
        <meta>
                <content>episode</content>
                <imdb></imdb>
                <tvdb>77754</tvdb>
                <tvshowtitle>The Andy Griffith Show</tvshowtitle>
                <year>1960</year>
                <title>The Manicurist</title>
                <premiered>1962-01-22</premiered>
                <season>2</season>
                <episode>16</episode>
        </meta>
        <link>
		<sublink>search</sublink>
                <sublink>searchsd</sublink>
        </link>
        <animated_thumbnail></animated_thumbnail>
        <thumbnail>https://www.thetvdb.com/banners/_cache/posters/77754-3.jpg</thumbnail>
        <animated_fanart></animated_fanart>
        <fanart>https://www.thetvdb.com/banners/_cache/fanart/original/77754-11.jpg</fanart>
</item>

 <item>
        <title>The Andy Griffith Show S02E17 - The Jinx</title>
        <meta>
                <content>episode</content>
                <imdb></imdb>
                <tvdb>77754</tvdb>
                <tvshowtitle>The Andy Griffith Show</tvshowtitle>
                <year>1960</year>
                <title>The Jinx</title>
                <premiered>1962-01-29</premiered>
                <season>2</season>
                <episode>17</episode>
        </meta>
        <link>
		<sublink>search</sublink>
                <sublink>searchsd</sublink>
        </link>
        <animated_thumbnail></animated_thumbnail>
        <thumbnail>https://www.thetvdb.com/banners/_cache/posters/77754-3.jpg</thumbnail>
        <animated_fanart></animated_fanart>
        <fanart>https://www.thetvdb.com/banners/_cache/fanart/original/77754-11.jpg</fanart>
</item>

 <item>
        <title>The Andy Griffith Show S02E18 - Jailbreak</title>
        <meta>
                <content>episode</content>
                <imdb></imdb>
                <tvdb>77754</tvdb>
                <tvshowtitle>The Andy Griffith Show</tvshowtitle>
                <year>1960</year>
                <title>Jailbreak</title>
                <premiered>1962-02-05</premiered>
                <season>2</season>
                <episode>18</episode>
        </meta>
        <link>
		<sublink>search</sublink>
                <sublink>searchsd</sublink>
        </link>
        <animated_thumbnail></animated_thumbnail>
        <thumbnail>https://www.thetvdb.com/banners/_cache/posters/77754-3.jpg</thumbnail>
        <animated_fanart></animated_fanart>
        <fanart>https://www.thetvdb.com/banners/_cache/fanart/original/77754-11.jpg</fanart>
</item>

 <item>
        <title>The Andy Griffith Show S02E19 - A Medal for Opie</title>
        <meta>
                <content>episode</content>
                <imdb></imdb>
                <tvdb>77754</tvdb>
                <tvshowtitle>The Andy Griffith Show</tvshowtitle>
                <year>1960</year>
                <title>A Medal for Opie</title>
                <premiered>1962-02-12</premiered>
                <season>2</season>
                <episode>19</episode>
        </meta>
        <link>
		<sublink>search</sublink>
                <sublink>searchsd</sublink>
        </link>
        <animated_thumbnail></animated_thumbnail>
        <thumbnail>https://www.thetvdb.com/banners/_cache/posters/77754-3.jpg</thumbnail>
        <animated_fanart></animated_fanart>
        <fanart>https://www.thetvdb.com/banners/_cache/fanart/original/77754-11.jpg</fanart>
</item>

 <item>
        <title>The Andy Griffith Show S02E20 - Barney and the Choir</title>
        <meta>
                <content>episode</content>
                <imdb></imdb>
                <tvdb>77754</tvdb>
                <tvshowtitle>The Andy Griffith Show</tvshowtitle>
                <year>1960</year>
                <title>Barney and the Choir</title>
                <premiered>1962-02-19</premiered>
                <season>2</season>
                <episode>20</episode>
        </meta>
        <link>
		<sublink>search</sublink>
                <sublink>searchsd</sublink>
        </link>
        <animated_thumbnail></animated_thumbnail>
        <thumbnail>https://www.thetvdb.com/banners/_cache/posters/77754-3.jpg</thumbnail>
        <animated_fanart></animated_fanart>
        <fanart>https://www.thetvdb.com/banners/_cache/fanart/original/77754-11.jpg</fanart>
</item>

 <item>
        <title>The Andy Griffith Show S02E21 - Guest of Honor</title>
        <meta>
                <content>episode</content>
                <imdb></imdb>
                <tvdb>77754</tvdb>
                <tvshowtitle>The Andy Griffith Show</tvshowtitle>
                <year>1960</year>
                <title>Guest of Honor</title>
                <premiered>1962-02-26</premiered>
                <season>2</season>
                <episode>21</episode>
        </meta>
        <link>
		<sublink>search</sublink>
                <sublink>searchsd</sublink>
        </link>
        <animated_thumbnail></animated_thumbnail>
        <thumbnail>https://www.thetvdb.com/banners/_cache/posters/77754-3.jpg</thumbnail>
        <animated_fanart></animated_fanart>
        <fanart>https://www.thetvdb.com/banners/_cache/fanart/original/77754-11.jpg</fanart>
</item>

 <item>
        <title>The Andy Griffith Show S02E22 - The Merchant of Mayberry</title>
        <meta>
                <content>episode</content>
                <imdb></imdb>
                <tvdb>77754</tvdb>
                <tvshowtitle>The Andy Griffith Show</tvshowtitle>
                <year>1960</year>
                <title>The Merchant of Mayberry</title>
                <premiered>1962-03-05</premiered>
                <season>2</season>
                <episode>22</episode>
        </meta>
        <link>
		<sublink>search</sublink>
                <sublink>searchsd</sublink>
        </link>
        <animated_thumbnail></animated_thumbnail>
        <thumbnail>https://www.thetvdb.com/banners/_cache/posters/77754-3.jpg</thumbnail>
        <animated_fanart></animated_fanart>
        <fanart>https://www.thetvdb.com/banners/_cache/fanart/original/77754-11.jpg</fanart>
</item>

 <item>
        <title>The Andy Griffith Show S02E23 - Aunt Bee the Warden</title>
        <meta>
                <content>episode</content>
                <imdb></imdb>
                <tvdb>77754</tvdb>
                <tvshowtitle>The Andy Griffith Show</tvshowtitle>
                <year>1960</year>
                <title>Aunt Bee the Warden</title>
                <premiered>1962-03-12</premiered>
                <season>2</season>
                <episode>23</episode>
        </meta>
        <link>
		<sublink>search</sublink>
                <sublink>searchsd</sublink>
        </link>
        <animated_thumbnail></animated_thumbnail>
        <thumbnail>https://www.thetvdb.com/banners/_cache/posters/77754-3.jpg</thumbnail>
        <animated_fanart></animated_fanart>
        <fanart>https://www.thetvdb.com/banners/_cache/fanart/original/77754-11.jpg</fanart>
</item>

 <item>
        <title>The Andy Griffith Show S02E24 - The County Nurse</title>
        <meta>
                <content>episode</content>
                <imdb></imdb>
                <tvdb>77754</tvdb>
                <tvshowtitle>The Andy Griffith Show</tvshowtitle>
                <year>1960</year>
                <title>The County Nurse</title>
                <premiered>1962-03-19</premiered>
                <season>2</season>
                <episode>24</episode>
        </meta>
        <link>
		<sublink>search</sublink>
                <sublink>searchsd</sublink>
        </link>
        <animated_thumbnail></animated_thumbnail>
        <thumbnail>https://www.thetvdb.com/banners/_cache/posters/77754-3.jpg</thumbnail>
        <animated_fanart></animated_fanart>
        <fanart>https://www.thetvdb.com/banners/_cache/fanart/original/77754-11.jpg</fanart>
</item>

 <item>
        <title>The Andy Griffith Show S02E25 - Andy and Barney in the Big City</title>
        <meta>
                <content>episode</content>
                <imdb></imdb>
                <tvdb>77754</tvdb>
                <tvshowtitle>The Andy Griffith Show</tvshowtitle>
                <year>1960</year>
                <title>Andy and Barney in the Big City</title>
                <premiered>1962-03-26</premiered>
                <season>2</season>
                <episode>25</episode>
        </meta>
        <link>
		<sublink>search</sublink>
                <sublink>searchsd</sublink>
        </link>
        <animated_thumbnail></animated_thumbnail>
        <thumbnail>https://www.thetvdb.com/banners/_cache/posters/77754-3.jpg</thumbnail>
        <animated_fanart></animated_fanart>
        <fanart>https://www.thetvdb.com/banners/_cache/fanart/original/77754-11.jpg</fanart>
</item>

 <item>
        <title>The Andy Griffith Show S02E26 - Wedding Bells for Aunt Bee</title>
        <meta>
                <content>episode</content>
                <imdb></imdb>
                <tvdb>77754</tvdb>
                <tvshowtitle>The Andy Griffith Show</tvshowtitle>
                <year>1960</year>
                <title>Wedding Bells for Aunt Bee</title>
                <premiered>1962-04-02</premiered>
                <season>2</season>
                <episode>26</episode>
        </meta>
        <link>
		<sublink>search</sublink>
                <sublink>searchsd</sublink>
        </link>
        <animated_thumbnail></animated_thumbnail>
        <thumbnail>https://www.thetvdb.com/banners/_cache/posters/77754-3.jpg</thumbnail>
        <animated_fanart></animated_fanart>
        <fanart>https://www.thetvdb.com/banners/_cache/fanart/original/77754-11.jpg</fanart>
</item>

 <item>
        <title>The Andy Griffith Show S02E27 - Three's a Crowd</title>
        <meta>
                <content>episode</content>
                <imdb></imdb>
                <tvdb>77754</tvdb>
                <tvshowtitle>The Andy Griffith Show</tvshowtitle>
                <year>1960</year>
                <title>Three's a Crowd</title>
                <premiered>1962-04-09</premiered>
                <season>2</season>
                <episode>27</episode>
        </meta>
        <link>
		<sublink>search</sublink>
                <sublink>searchsd</sublink>
        </link>
        <animated_thumbnail></animated_thumbnail>
        <thumbnail>https://www.thetvdb.com/banners/_cache/posters/77754-3.jpg</thumbnail>
        <animated_fanart></animated_fanart>
        <fanart>https://www.thetvdb.com/banners/_cache/fanart/original/77754-11.jpg</fanart>
</item>

 <item>
        <title>The Andy Griffith Show S02E28 - The Bookie Barber</title>
        <meta>
                <content>episode</content>
                <imdb></imdb>
                <tvdb>77754</tvdb>
                <tvshowtitle>The Andy Griffith Show</tvshowtitle>
                <year>1960</year>
                <title>The Bookie Barber</title>
                <premiered>1962-04-16</premiered>
                <season>2</season>
                <episode>28</episode>
        </meta>
        <link>
		<sublink>search</sublink>
                <sublink>searchsd</sublink>
        </link>
        <animated_thumbnail></animated_thumbnail>
        <thumbnail>https://www.thetvdb.com/banners/_cache/posters/77754-3.jpg</thumbnail>
        <animated_fanart></animated_fanart>
        <fanart>https://www.thetvdb.com/banners/_cache/fanart/original/77754-11.jpg</fanart>
</item>

 <item>
        <title>The Andy Griffith Show S02E29 - Andy on Trial</title>
        <meta>
                <content>episode</content>
                <imdb></imdb>
                <tvdb>77754</tvdb>
                <tvshowtitle>The Andy Griffith Show</tvshowtitle>
                <year>1960</year>
                <title>Andy on Trial</title>
                <premiered>1962-04-23</premiered>
                <season>2</season>
                <episode>29</episode>
        </meta>
        <link>
		<sublink>search</sublink>
                <sublink>searchsd</sublink>
        </link>
        <animated_thumbnail></animated_thumbnail>
        <thumbnail>https://www.thetvdb.com/banners/_cache/posters/77754-3.jpg</thumbnail>
        <animated_fanart></animated_fanart>
        <fanart>https://www.thetvdb.com/banners/_cache/fanart/original/77754-11.jpg</fanart>
</item>

 <item>
        <title>The Andy Griffith Show S02E30 - Cousin Virgil</title>
        <meta>
                <content>episode</content>
                <imdb></imdb>
                <tvdb>77754</tvdb>
                <tvshowtitle>The Andy Griffith Show</tvshowtitle>
                <year>1960</year>
                <title>Cousin Virgil</title>
                <premiered>1962-04-30</premiered>
                <season>2</season>
                <episode>30</episode>
        </meta>
        <link>
		<sublink>search</sublink>
                <sublink>searchsd</sublink>
        </link>
        <animated_thumbnail></animated_thumbnail>
        <thumbnail>https://www.thetvdb.com/banners/_cache/posters/77754-3.jpg</thumbnail>
        <animated_fanart></animated_fanart>
        <fanart>https://www.thetvdb.com/banners/_cache/fanart/original/77754-11.jpg</fanart>
</item>

 <item>
        <title>The Andy Griffith Show S02E31 - Deputy Otis</title>
        <meta>
                <content>episode</content>
                <imdb></imdb>
                <tvdb>77754</tvdb>
                <tvshowtitle>The Andy Griffith Show</tvshowtitle>
                <year>1960</year>
                <title>Deputy Otis</title>
                <premiered>1962-05-07</premiered>
                <season>2</season>
                <episode>31</episode>
        </meta>
        <link>
		<sublink>search</sublink>
                <sublink>searchsd</sublink>
        </link>
        <animated_thumbnail></animated_thumbnail>
        <thumbnail>https://www.thetvdb.com/banners/_cache/posters/77754-3.jpg</thumbnail>
        <animated_fanart></animated_fanart>
        <fanart>https://www.thetvdb.com/banners/_cache/fanart/original/77754-11.jpg</fanart>
</item>
