########################
<poster>Happy Days</poster>
<thumbnail></thumbnail>
<fanart></fanart>
#############################

<dir>
        <name>Season 1</name>
        <meta>
                <content>season</content>
                <imdb>tt0070992</imdb>
                <tvdb>74475</tvdb>
                <tvshowtitle>Happy Days</tvshowtitle>
                <year>1974</year>
                <season>1</season>
        </meta>
        <link>https://raw.githubusercontent.com/Doggmatic71/maddogg/master/plugin.video.laughtraxx/plugin.video.laughtraxx/resources/happydays1.xml</link>
        <thumbnail>https://www.thetvdb.com/banners/_cache/seasons/74475-1.jpg</thumbnail>
</dir>

<dir>		
        <name>Season 2</name>
        <meta>
                <content>season</content>
                <imdb>tt0070992</imdb>
                <tvdb>74475</tvdb>
                <tvshowtitle>Happy Days</tvshowtitle>
                <year>1974</year>
                <season>2</season>
        </meta>
        <link></link>
        <thumbnail>https://www.thetvdb.com/banners/_cache/seasons/74475-2-5.jpg</thumbnail>		
</dir>

<dir>		
        <name>Season 3</name>
        <meta>
                <content>season</content>
                <imdb>tt0070992</imdb>
                <tvdb>74475</tvdb>
                <tvshowtitle>Happy Days</tvshowtitle>
                <year>1974</year>
                <season>3</season>
        </meta>
        <link></link>
        <thumbnail>https://www.thetvdb.com/banners/_cache/seasons/74475-3.jpg</thumbnail>		
</dir>

<dir>		
        <name>Season 4</name>
        <meta>
                <content>season</content>
                <imdb>tt0070992</imdb>
                <tvdb>74475</tvdb>
                <tvshowtitle>Happy Days</tvshowtitle>
                <year>1974</year>
                <season>4</season>
        </meta>
        <link></link>
        <thumbnail>https://www.thetvdb.com/banners/_cache/seasons/74475-4.jpg</thumbnail>		
</dir>

<dir>		
        <name>Season 5</name>
        <meta>
                <content>season</content>
                <imdb>tt0070992</imdb>
                <tvdb>74475</tvdb>
                <tvshowtitle>Happy Days</tvshowtitle>
                <year>1974</year>
                <season>5</season>
        </meta>
        <link></link>
        <thumbnail>https://www.thetvdb.com/banners/_cache/seasons/74475-5-3.jpg</thumbnail>		
</dir>

<dir>		
        <name>Season 6</name>
        <meta>
                <content>season</content>
                <imdb>tt0070992</imdb>
                <tvdb>74475</tvdb>
                <tvshowtitle>Happy Days</tvshowtitle>
                <year>1974</year>
                <season>6</season>
        </meta>
        <link></link>
        <thumbnail>https://www.thetvdb.com/banners/_cache/seasons/74475-6-3.jpg</thumbnail>		
</dir>

<dir>		
        <name>Season 7</name>
        <meta>
                <content>season</content>
                <imdb>tt0070992</imdb>
                <tvdb>74475</tvdb>
                <tvshowtitle>Happy Days</tvshowtitle>
                <year>1974</year>
                <season>7</season>
        </meta>
        <link></link>
        <thumbnail>https://www.thetvdb.com/banners/_cache/seasons/74475-7-3.jpg</thumbnail>		
</dir>

<dir>		
        <name>Season 8</name>
        <meta>
                <content>season</content>
                <imdb>tt0070992</imdb>
                <tvdb>74475</tvdb>
                <tvshowtitle>Happy Days</tvshowtitle>
                <year>1974</year>
                <season>8</season>
        </meta>
        <link></link>
        <thumbnail>https://www.thetvdb.com/banners/_cache/seasons/74475-8-3.jpg</thumbnail>		
</dir>

<dir>		
        <name>Season 9</name>
        <meta>
                <content>season</content>
                <imdb>tt0070992</imdb>
                <tvdb>74475</tvdb>
                <tvshowtitle>Happy Days</tvshowtitle>
                <year>1974</year>
                <season>9</season>
        </meta>
        <link></link>
        <thumbnail>https://www.thetvdb.com/banners/_cache/seasons/74475-9-3.jpg</thumbnail>		
</dir>

<dir>		
        <name>Season 10</name>
        <meta>
                <content>season</content>
                <imdb>tt0070992</imdb>
                <tvdb>74475</tvdb>
                <tvshowtitle>Happy Days</tvshowtitle>
                <year>1974</year>
                <season>10</season>
        </meta>
        <link></link>
        <thumbnail>https://www.thetvdb.com/banners/_cache/seasons/74475-10-3.jpg</thumbnail>		
</dir>

<dir>		
        <name>Season 11</name>
        <meta>
                <content>season</content>
                <imdb>tt0070992</imdb>
                <tvdb>74475</tvdb>
                <tvshowtitle>Happy Days</tvshowtitle>
                <year>1974</year>
                <season>11</season>
        </meta>
        <link></link>
        <thumbnail>https://www.thetvdb.com/banners/_cache/seasons/74475-11-3.jpg</thumbnail>		
</dir>

