########################
<poster>Season 1</poster>
<thumbnail></thumbnail>
<fanart></fanart>
########################

 <item>
        <title>What's Happening!! S01E01 - The Runaway</title>
        <meta>
                <content>episode</content>
                <imdb></imdb>
                <tvdb>73506</tvdb>
                <tvshowtitle>What's Happening!!</tvshowtitle>
                <year>1976</year>
                <title>The Runaway</title>
                <premiered>1976-08-05</premiered>
                <season>1</season>
                <episode>1</episode>
        </meta>
        <link>
		<sublink>search</sublink>
                <sublink>searchsd</sublink>
        </link>
        <animated_thumbnail></animated_thumbnail>
        <thumbnail>https://www.thetvdb.com/banners/_cache/posters/73506-2.jpg</thumbnail>
        <animated_fanart></animated_fanart>
        <fanart>https://www.thetvdb.com/banners/_cache/fanart/original/73506-2.jpg</fanart>
</item>

 <item>
        <title>What's Happening!! S01E02 - The Birthday Present</title>
        <meta>
                <content>episode</content>
                <imdb></imdb>
                <tvdb>73506</tvdb>
                <tvshowtitle>What's Happening!!</tvshowtitle>
                <year>1976</year>
                <title>The Birthday Present</title>
                <premiered>1976-08-12</premiered>
                <season>1</season>
                <episode>2</episode>
        </meta>
        <link>
		<sublink>search</sublink>
                <sublink>searchsd</sublink>
        </link>
        <animated_thumbnail></animated_thumbnail>
        <thumbnail>https://www.thetvdb.com/banners/_cache/posters/73506-2.jpg</thumbnail>
        <animated_fanart></animated_fanart>
        <fanart>https://www.thetvdb.com/banners/_cache/fanart/original/73506-2.jpg</fanart>
</item>

 <item>
        <title>What's Happening!! S01E03 - When Daddy Comes Marching Home</title>
        <meta>
                <content>episode</content>
                <imdb></imdb>
                <tvdb>73506</tvdb>
                <tvshowtitle>What's Happening!!</tvshowtitle>
                <year>1976</year>
                <title>When Daddy Comes Marching Home</title>
                <premiered>1976-08-19</premiered>
                <season>1</season>
                <episode>3</episode>
        </meta>
        <link>
		<sublink>search</sublink>
                <sublink>searchsd</sublink>
        </link>
        <animated_thumbnail></animated_thumbnail>
        <thumbnail>https://www.thetvdb.com/banners/_cache/posters/73506-2.jpg</thumbnail>
        <animated_fanart></animated_fanart>
        <fanart>https://www.thetvdb.com/banners/_cache/fanart/original/73506-2.jpg</fanart>
</item>

 <item>
        <title>What's Happening!! S01E04 - My Three Tons</title>
        <meta>
                <content>episode</content>
                <imdb></imdb>
                <tvdb>73506</tvdb>
                <tvshowtitle>What's Happening!!</tvshowtitle>
                <year>1976</year>
                <title>My Three Tons</title>
                <premiered>1976-08-26</premiered>
                <season>1</season>
                <episode>4</episode>
        </meta>
        <link>
		<sublink>search</sublink>
                <sublink>searchsd</sublink>
        </link>
        <animated_thumbnail></animated_thumbnail>
        <thumbnail>https://www.thetvdb.com/banners/_cache/posters/73506-2.jpg</thumbnail>
        <animated_fanart></animated_fanart>
        <fanart>https://www.thetvdb.com/banners/_cache/fanart/original/73506-2.jpg</fanart>
</item>

 <item>
        <title>What's Happening!! S01E05 - Saturday's Hero</title>
        <meta>
                <content>episode</content>
                <imdb></imdb>
                <tvdb>73506</tvdb>
                <tvshowtitle>What's Happening!!</tvshowtitle>
                <year>1976</year>
                <title>Saturday's Hero</title>
                <premiered>1976-11-13</premiered>
                <season>1</season>
                <episode>5</episode>
        </meta>
        <link>
		<sublink>search</sublink>
                <sublink>searchsd</sublink>
        </link>
        <animated_thumbnail></animated_thumbnail>
        <thumbnail>https://www.thetvdb.com/banners/_cache/posters/73506-2.jpg</thumbnail>
        <animated_fanart></animated_fanart>
        <fanart>https://www.thetvdb.com/banners/_cache/fanart/original/73506-2.jpg</fanart>
</item>

 <item>
        <title>What's Happening!! S01E06 - The Burger Queen</title>
        <meta>
                <content>episode</content>
                <imdb></imdb>
                <tvdb>73506</tvdb>
                <tvshowtitle>What's Happening!!</tvshowtitle>
                <year>1976</year>
                <title>The Burger Queen</title>
                <premiered>1976-11-20</premiered>
                <season>1</season>
                <episode>6</episode>
        </meta>
        <link>
		<sublink>search</sublink>
                <sublink>searchsd</sublink>
        </link>
        <animated_thumbnail></animated_thumbnail>
        <thumbnail>https://www.thetvdb.com/banners/_cache/posters/73506-2.jpg</thumbnail>
        <animated_fanart></animated_fanart>
        <fanart>https://www.thetvdb.com/banners/_cache/fanart/original/73506-2.jpg</fanart>
</item>

 <item>
        <title>What's Happening!! S01E07 - Speak for Yourself, Dwayne</title>
        <meta>
                <content>episode</content>
                <imdb></imdb>
                <tvdb>73506</tvdb>
                <tvshowtitle>What's Happening!!</tvshowtitle>
                <year>1976</year>
                <title>Speak for Yourself, Dwayne</title>
                <premiered>1976-11-27</premiered>
                <season>1</season>
                <episode>7</episode>
        </meta>
        <link>
		<sublink>search</sublink>
                <sublink>searchsd</sublink>
        </link>
        <animated_thumbnail></animated_thumbnail>
        <thumbnail>https://www.thetvdb.com/banners/_cache/posters/73506-2.jpg</thumbnail>
        <animated_fanart></animated_fanart>
        <fanart>https://www.thetvdb.com/banners/_cache/fanart/original/73506-2.jpg</fanart>
</item>
 <item>
        <title>What's Happening!! S01E08 - Shirley's Date</title>
        <meta>
                <content>episode</content>
                <imdb></imdb>
                <tvdb>73506</tvdb>
                <tvshowtitle>What's Happening!!</tvshowtitle>
                <year>1976</year>
                <title>Shirley's Date</title>
                <premiered>1976-12-04</premiered>
                <season>1</season>
                <episode>8</episode>
        </meta>
        <link>
		<sublink>search</sublink>
                <sublink>searchsd</sublink>
        </link>
        <animated_thumbnail></animated_thumbnail>
        <thumbnail>https://www.thetvdb.com/banners/_cache/posters/73506-2.jpg</thumbnail>
        <animated_fanart></animated_fanart>
        <fanart>https://www.thetvdb.com/banners/_cache/fanart/original/73506-2.jpg</fanart>
</item>

 <item>
        <title>What's Happening!! S01E09 - Christmas</title>
        <meta>
                <content>episode</content>
                <imdb></imdb>
                <tvdb>73506</tvdb>
                <tvshowtitle>What's Happening!!</tvshowtitle>
                <year>1976</year>
                <title>Christmas</title>
                <premiered>1976-12-11</premiered>
                <season>1</season>
                <episode>9</episode>
        </meta>
        <link>
		<sublink>search</sublink>
                <sublink>searchsd</sublink>
        </link>
        <animated_thumbnail></animated_thumbnail>
        <thumbnail>https://www.thetvdb.com/banners/_cache/posters/73506-2.jpg</thumbnail>
        <animated_fanart></animated_fanart>
        <fanart>https://www.thetvdb.com/banners/_cache/fanart/original/73506-2.jpg</fanart>
</item>

 <item>
        <title>What's Happening!! S01E10 - Puppy Love</title>
        <meta>
                <content>episode</content>
                <imdb></imdb>
                <tvdb>73506</tvdb>
                <tvshowtitle>What's Happening!!</tvshowtitle>
                <year>1976</year>
                <title>Puppy Love</title>
                <premiered>1976-12-30</premiered>
                <season>1</season>
                <episode>10</episode>
        </meta>
        <link>
		<sublink>search</sublink>
                <sublink>searchsd</sublink>
        </link>
        <animated_thumbnail></animated_thumbnail>
        <thumbnail>https://www.thetvdb.com/banners/_cache/posters/73506-2.jpg</thumbnail>
        <animated_fanart></animated_fanart>
        <fanart>https://www.thetvdb.com/banners/_cache/fanart/original/73506-2.jpg</fanart>
</item>
 <item>
        <title>What's Happening!! S01E11 - The Maid Did It</title>
        <meta>
                <content>episode</content>
                <imdb></imdb>
                <tvdb>73506</tvdb>
                <tvshowtitle>What's Happening!!</tvshowtitle>
                <year>1976</year>
                <title>The Maid Did It</title>
                <premiered>1977-01-06</premiered>
                <season>1</season>
                <episode>11</episode>
        </meta>
        <link>
		<sublink>search</sublink>
                <sublink>searchsd</sublink>
        </link>
        <animated_thumbnail></animated_thumbnail>
        <thumbnail>https://www.thetvdb.com/banners/_cache/posters/73506-2.jpg</thumbnail>
        <animated_fanart></animated_fanart>
        <fanart>https://www.thetvdb.com/banners/_cache/fanart/original/73506-2.jpg</fanart>
</item>

 <item>
        <title>What's Happening!! S01E12 - The Incomplete Shakespeare</title>
        <meta>
                <content>episode</content>
                <imdb></imdb>
                <tvdb>73506</tvdb>
                <tvshowtitle>What's Happening!!</tvshowtitle>
                <year>1976</year>
                <title>The Incomplete Shakespeare</title>
                <premiered>1977-01-13</premiered>
                <season>1</season>
                <episode>12</episode>
        </meta>
        <link>
		<sublink>search</sublink>
                <sublink>searchsd</sublink>
        </link>
        <animated_thumbnail></animated_thumbnail>
        <thumbnail>https://www.thetvdb.com/banners/_cache/posters/73506-2.jpg</thumbnail>
        <animated_fanart></animated_fanart>
        <fanart>https://www.thetvdb.com/banners/_cache/fanart/original/73506-2.jpg</fanart>
</item>

 <item>
        <title>What's Happening!! S01E13 - The Hospital Stay</title>
        <meta>
                <content>episode</content>
                <imdb></imdb>
                <tvdb>73506</tvdb>
                <tvshowtitle>What's Happening!!</tvshowtitle>
                <year>1976</year>
                <title>The Hospital Stay</title>
                <premiered>1977-01-20</premiered>
                <season>1</season>
                <episode>13</episode>
        </meta>
        <link>
		<sublink>search</sublink>
                <sublink>searchsd</sublink>
        </link>
        <animated_thumbnail></animated_thumbnail>
        <thumbnail>https://www.thetvdb.com/banners/_cache/posters/73506-2.jpg</thumbnail>
        <animated_fanart></animated_fanart>
        <fanart>https://www.thetvdb.com/banners/_cache/fanart/original/73506-2.jpg</fanart>
</item>

 <item>
        <title>What's Happening!! S01E14 - The Sunday Father</title>
        <meta>
                <content>episode</content>
                <imdb></imdb>
                <tvdb>73506</tvdb>
                <tvshowtitle>What's Happening!!</tvshowtitle>
                <year>1976</year>
                <title>The Sunday Father</title>
                <premiered>1977-01-27</premiered>
                <season>1</season>
                <episode>14</episode>
        </meta>
        <link>
		<sublink>search</sublink>
                <sublink>searchsd</sublink>
        </link>
        <animated_thumbnail></animated_thumbnail>
        <thumbnail>https://www.thetvdb.com/banners/_cache/posters/73506-2.jpg</thumbnail>
        <animated_fanart></animated_fanart>
        <fanart>https://www.thetvdb.com/banners/_cache/fanart/original/73506-2.jpg</fanart>
</item>

 <item>
        <title>What's Happening!! S01E15 - The Firing Squad</title>
        <meta>
                <content>episode</content>
                <imdb></imdb>
                <tvdb>73506</tvdb>
                <tvshowtitle>What's Happening!!</tvshowtitle>
                <year>1976</year>
                <title>The Firing Squad</title>
                <premiered>1977-02-10</premiered>
                <season>1</season>
                <episode>15</episode>
        </meta>
        <link>
		<sublink>search</sublink>
                <sublink>searchsd</sublink>
        </link>
        <animated_thumbnail></animated_thumbnail>
        <thumbnail>https://www.thetvdb.com/banners/_cache/posters/73506-2.jpg</thumbnail>
        <animated_fanart></animated_fanart>
        <fanart>https://www.thetvdb.com/banners/_cache/fanart/original/73506-2.jpg</fanart>
</item>

 <item>
        <title>What's Happening!! S01E16 - The Boarder</title>
        <meta>
                <content>episode</content>
                <imdb></imdb>
                <tvdb>73506</tvdb>
                <tvshowtitle>What's Happening!!</tvshowtitle>
                <year>1976</year>
                <title>The Boarder</title>
                <premiered>1977-02-17</premiered>
                <season>1</season>
                <episode>16</episode>
        </meta>
        <link>
		<sublink>search</sublink>
                <sublink>searchsd</sublink>
        </link>
        <animated_thumbnail></animated_thumbnail>
        <thumbnail>https://www.thetvdb.com/banners/_cache/posters/73506-2.jpg</thumbnail>
        <animated_fanart></animated_fanart>
        <fanart>https://www.thetvdb.com/banners/_cache/fanart/original/73506-2.jpg</fanart>
</item>

 <item>
        <title>What's Happening!! S01E17 - Dwayne's Dilemma</title>
        <meta>
                <content>episode</content>
                <imdb></imdb>
                <tvdb>73506</tvdb>
                <tvshowtitle>What's Happening!!</tvshowtitle>
                <year>1976</year>
                <title>Dwayne's Dilemma</title>
                <premiered>1977-02-24</premiered>
                <season>1</season>
                <episode>17</episode>
        </meta>
        <link>
		<sublink>search</sublink>
                <sublink>searchsd</sublink>
        </link>
        <animated_thumbnail></animated_thumbnail>
        <thumbnail>https://www.thetvdb.com/banners/_cache/posters/73506-2.jpg</thumbnail>
        <animated_fanart></animated_fanart>
        <fanart>https://www.thetvdb.com/banners/_cache/fanart/original/73506-2.jpg</fanart>
</item>

 <item>
        <title>What's Happening!! S01E18 - The Tickets</title>
        <meta>
                <content>episode</content>
                <imdb></imdb>
                <tvdb>73506</tvdb>
                <tvshowtitle>What's Happening!!</tvshowtitle>
                <year>1976</year>
                <title>The Tickets</title>
                <premiered>1977-03-03</premiered>
                <season>1</season>
                <episode>18</episode>
        </meta>
        <link>
		<sublink>search</sublink>
                <sublink>searchsd</sublink>
        </link>
        <animated_thumbnail></animated_thumbnail>
        <thumbnail>https://www.thetvdb.com/banners/_cache/posters/73506-2.jpg</thumbnail>
        <animated_fanart></animated_fanart>
        <fanart>https://www.thetvdb.com/banners/_cache/fanart/original/73506-2.jpg</fanart>
</item>

 <item>
        <title>What's Happening!! S01E19 - What's Wrong with Raj?</title>
        <meta>
                <content>episode</content>
                <imdb></imdb>
                <tvdb>73506</tvdb>
                <tvshowtitle>What's Happening!!</tvshowtitle>
                <year>1976</year>
                <title>What's Wrong with Raj?</title>
                <premiered>1977-03-10</premiered>
                <season>1</season>
                <episode>19</episode>
        </meta>
        <link>
		<sublink>search</sublink>
                <sublink>searchsd</sublink>
        </link>
        <animated_thumbnail></animated_thumbnail>
        <thumbnail>https://www.thetvdb.com/banners/_cache/posters/73506-2.jpg</thumbnail>
        <animated_fanart></animated_fanart>
        <fanart>https://www.thetvdb.com/banners/_cache/fanart/original/73506-2.jpg</fanart>
</item>

 <item>
        <title>What's Happening!! S01E20 - Nice Guys Finish Last</title>
        <meta>
                <content>episode</content>
                <imdb></imdb>
                <tvdb>73506</tvdb>
                <tvshowtitle>What's Happening!!</tvshowtitle>
                <year>1976</year>
                <title>Nice Guys Finish Last</title>
                <premiered>1977-03-24</premiered>
                <season>1</season>
                <episode>20</episode>
        </meta>
        <link>
		<sublink>search</sublink>
                <sublink>searchsd</sublink>
        </link>
        <animated_thumbnail></animated_thumbnail>
        <thumbnail>https://www.thetvdb.com/banners/_cache/posters/73506-2.jpg</thumbnail>
        <animated_fanart></animated_fanart>
        <fanart>https://www.thetvdb.com/banners/_cache/fanart/original/73506-2.jpg</fanart>
</item>

 <item>
        <title>What's Happening!! S01E21 - From Here to Maternity</title>
        <meta>
                <content>episode</content>
                <imdb></imdb>
                <tvdb>73506</tvdb>
                <tvshowtitle>What's Happening!!</tvshowtitle>
                <year>1976</year>
                <title>From Here to Maternity</title>
                <premiered>1977-03-31</premiered>
                <season>1</season>
                <episode>21</episode>
        </meta>
        <link>
		<sublink>search</sublink>
                <sublink>searchsd</sublink>
        </link>
        <animated_thumbnail></animated_thumbnail>
        <thumbnail>https://www.thetvdb.com/banners/_cache/posters/73506-2.jpg</thumbnail>
        <animated_fanart></animated_fanart>
        <fanart>https://www.thetvdb.com/banners/_cache/fanart/original/73506-2.jpg</fanart>
</item>
