########################
<poster>Season 1</poster>
<thumbnail></thumbnail>
<fanart></fanart>
########################

 <item>
        <title>Happy Days S01E01 - All the Way</title>
        <meta>
                <content>episode</content>
                <imdb></imdb>
                <tvdb>74475</tvdb>
                <tvshowtitle>Happy Days</tvshowtitle>
                <year>1974</year>
                <title>All the Way</title>
                <premiered>1974-01-15</premiered>
                <season>1</season>
                <episode>1</episode>
        </meta>
        <link>
		<sublink>search</sublink>
                <sublink>searchsd</sublink>
        </link>
        <animated_thumbnail></animated_thumbnail>
        <thumbnail>https://www.thetvdb.com/banners/_cache/posters/74475-1.jpg</thumbnail>
        <animated_fanart></animated_fanart>
        <fanart>https://www.thetvdb.com/banners/_cache/fanart/original/74475-8.jpg</fanart>
</item>

 <item>
        <title>Happy Days S01E02 - The Lemon</title>
        <meta>
                <content>episode</content>
                <imdb></imdb>
                <tvdb>74475</tvdb>
                <tvshowtitle>Happy Days</tvshowtitle>
                <year>1974</year>
                <title>The Lemon</title>
                <premiered>1974-01-22</premiered>
                <season>1</season>
                <episode>2</episode>
        </meta>
        <link>
		<sublink>search</sublink>
                <sublink>searchsd</sublink>
        </link>
        <animated_thumbnail></animated_thumbnail>
        <thumbnail>https://www.thetvdb.com/banners/_cache/posters/74475-1.jpg</thumbnail>
        <animated_fanart></animated_fanart>
        <fanart>https://www.thetvdb.com/banners/_cache/fanart/original/74475-8.jpg</fanart>
</item>

 <item>
        <title>Happy Days S01E03 - Richie's Cup Runneth Over</title>
        <meta>
                <content>episode</content>
                <imdb></imdb>
                <tvdb>74475</tvdb>
                <tvshowtitle>Happy Days</tvshowtitle>
                <year>1974</year>
                <title>Richie's Cup Runneth Over</title>
                <premiered>1974-01-29</premiered>
                <season>1</season>
                <episode>3</episode>
        </meta>
        <link>
		<sublink>search</sublink>
                <sublink>searchsd</sublink>
        </link>
        <animated_thumbnail></animated_thumbnail>
        <thumbnail>https://www.thetvdb.com/banners/_cache/posters/74475-1.jpg</thumbnail>
        <animated_fanart></animated_fanart>
        <fanart>https://www.thetvdb.com/banners/_cache/fanart/original/74475-8.jpg</fanart>
</item>

 <item>
        <title>Happy Days S01E04 - Guess Who's Coming to Visit</title>
        <meta>
                <content>episode</content>
                <imdb></imdb>
                <tvdb>74475</tvdb>
                <tvshowtitle>Happy Days</tvshowtitle>
                <year>1974</year>
                <title>Guess Who's Coming to Visit</title>
                <premiered>1974-02-05</premiered>
                <season>1</season>
                <episode>4</episode>
        </meta>
        <link>
		<sublink>search</sublink>
                <sublink>searchsd</sublink>
        </link>
        <animated_thumbnail></animated_thumbnail>
        <thumbnail>https://www.thetvdb.com/banners/_cache/posters/74475-1.jpg</thumbnail>
        <animated_fanart></animated_fanart>
        <fanart>https://www.thetvdb.com/banners/_cache/fanart/original/74475-8.jpg</fanart>
</item>

 <item>
        <title>Happy Days S01E05 - Hardware Jungle</title>
        <meta>
                <content>episode</content>
                <imdb></imdb>
                <tvdb>74475</tvdb>
                <tvshowtitle>Happy Days</tvshowtitle>
                <year>1974</year>
                <title>Hardware Jungle</title>
                <premiered>1974-02-12</premiered>
                <season>1</season>
                <episode>5</episode>
        </meta>
        <link>
		<sublink>search</sublink>
                <sublink>searchsd</sublink>
        </link>
        <animated_thumbnail></animated_thumbnail>
        <thumbnail>https://www.thetvdb.com/banners/_cache/posters/74475-1.jpg</thumbnail>
        <animated_fanart></animated_fanart>
        <fanart>https://www.thetvdb.com/banners/_cache/fanart/original/74475-8.jpg</fanart>
</item>

 <item>
        <title>Happy Days S01E06 - The Deadly Dares</title>
        <meta>
                <content>episode</content>
                <imdb></imdb>
                <tvdb>74475</tvdb>
                <tvshowtitle>Happy Days</tvshowtitle>
                <year>1974</year>
                <title>The Deadly Dares</title>
                <premiered>1974-02-19</premiered>
                <season>1</season>
                <episode>6</episode>
        </meta>
        <link>
		<sublink>search</sublink>
                <sublink>searchsd</sublink>
        </link>
        <animated_thumbnail></animated_thumbnail>
        <thumbnail>https://www.thetvdb.com/banners/_cache/posters/74475-1.jpg</thumbnail>
        <animated_fanart></animated_fanart>
        <fanart>https://www.thetvdb.com/banners/_cache/fanart/original/74475-8.jpg</fanart>
</item>

 <item>
        <title>Happy Days S01E07 - Fonzie Drops In</title>
        <meta>
                <content>episode</content>
                <imdb></imdb>
                <tvdb>74475</tvdb>
                <tvshowtitle>Happy Days</tvshowtitle>
                <year>1974</year>
                <title>Fonzie Drops In</title>
                <premiered>1974-02-26</premiered>
                <season>1</season>
                <episode>7</episode>
        </meta>
        <link>
		<sublink>search</sublink>
                <sublink>searchsd</sublink>
        </link>
        <animated_thumbnail></animated_thumbnail>
        <thumbnail>https://www.thetvdb.com/banners/_cache/posters/74475-1.jpg</thumbnail>
        <animated_fanart></animated_fanart>
        <fanart>https://www.thetvdb.com/banners/_cache/fanart/original/74475-8.jpg</fanart>
</item>
 <item>
        <title>Happy Days S01E08 - The Skin Game</title>
        <meta>
                <content>episode</content>
                <imdb></imdb>
                <tvdb>74475</tvdb>
                <tvshowtitle>Happy Days</tvshowtitle>
                <year>1974</year>
                <title>The Skin Game</title>
                <premiered>1974-03-05</premiered>
                <season>1</season>
                <episode>8</episode>
        </meta>
        <link>
		<sublink>search</sublink>
                <sublink>searchsd</sublink>
        </link>
        <animated_thumbnail></animated_thumbnail>
        <thumbnail>https://www.thetvdb.com/banners/_cache/posters/74475-1.jpg</thumbnail>
        <animated_fanart></animated_fanart>
        <fanart>https://www.thetvdb.com/banners/_cache/fanart/original/74475-8.jpg</fanart>
</item>

 <item>
        <title>Happy Days S01E09 - Breaking up is Hard to Do</title>
        <meta>
                <content>episode</content>
                <imdb></imdb>
                <tvdb>74475</tvdb>
                <tvshowtitle>Happy Days</tvshowtitle>
                <year>1974</year>
                <title>Breaking up is Hard to Do</title>
                <premiered>1974-03-12</premiered>
                <season>1</season>
                <episode>9</episode>
        </meta>
        <link>
		<sublink>search</sublink>
                <sublink>searchsd</sublink>
        </link>
        <animated_thumbnail></animated_thumbnail>
        <thumbnail>https://www.thetvdb.com/banners/_cache/posters/74475-1.jpg</thumbnail>
        <animated_fanart></animated_fanart>
        <fanart>https://www.thetvdb.com/banners/_cache/fanart/original/74475-8.jpg</fanart>
</item>

 <item>
        <title>Happy Days S01E10 - Give the Band a Hand</title>
        <meta>
                <content>episode</content>
                <imdb></imdb>
                <tvdb>74475</tvdb>
                <tvshowtitle>Happy Days</tvshowtitle>
                <year>1974</year>
                <title>Give the Band a Hand</title>
                <premiered>1974-03-26</premiered>
                <season>1</season>
                <episode>10</episode>
        </meta>
        <link>
		<sublink>search</sublink>
                <sublink>searchsd</sublink>
        </link>
        <animated_thumbnail></animated_thumbnail>
        <thumbnail>https://www.thetvdb.com/banners/_cache/posters/74475-1.jpg</thumbnail>
        <animated_fanart></animated_fanart>
        <fanart>https://www.thetvdb.com/banners/_cache/fanart/original/74475-8.jpg</fanart>
</item>
 <item>
        <title>Happy Days S01E11 - Because She's There</title>
        <meta>
                <content>episode</content>
                <imdb></imdb>
                <tvdb>74475</tvdb>
                <tvshowtitle>Happy Days</tvshowtitle>
                <year>1974</year>
                <title>Because She's There</title>
                <premiered>1974-04-02</premiered>
                <season>1</season>
                <episode>11</episode>
        </meta>
        <link>
		<sublink>search</sublink>
                <sublink>searchsd</sublink>
        </link>
        <animated_thumbnail></animated_thumbnail>
        <thumbnail>https://www.thetvdb.com/banners/_cache/posters/74475-1.jpg</thumbnail>
        <animated_fanart></animated_fanart>
        <fanart>https://www.thetvdb.com/banners/_cache/fanart/original/74475-8.jpg</fanart>
</item>

 <item>
        <title>Happy Days S01E12 - In the Name of Love</title>
        <meta>
                <content>episode</content>
                <imdb></imdb>
                <tvdb>74475</tvdb>
                <tvshowtitle>Happy Days</tvshowtitle>
                <year>1974</year>
                <title>In the Name of Love</title>
                <premiered>1974-04-09</premiered>
                <season>1</season>
                <episode>12</episode>
        </meta>
        <link>
		<sublink>search</sublink>
                <sublink>searchsd</sublink>
        </link>
        <animated_thumbnail></animated_thumbnail>
        <thumbnail>https://www.thetvdb.com/banners/_cache/posters/74475-1.jpg</thumbnail>
        <animated_fanart></animated_fanart>
        <fanart>https://www.thetvdb.com/banners/_cache/fanart/original/74475-8.jpg</fanart>
</item>

 <item>
        <title>Happy Days S01E13 - Great Expectations</title>
        <meta>
                <content>episode</content>
                <imdb></imdb>
                <tvdb>74475</tvdb>
                <tvshowtitle>Happy Days</tvshowtitle>
                <year>1974</year>
                <title>Great Expectations</title>
                <premiered>1974-04-16</premiered>
                <season>1</season>
                <episode>13</episode>
        </meta>
        <link>
		<sublink>search</sublink>
                <sublink>searchsd</sublink>
        </link>
        <animated_thumbnail></animated_thumbnail>
        <thumbnail>https://www.thetvdb.com/banners/_cache/posters/74475-1.jpg</thumbnail>
        <animated_fanart></animated_fanart>
        <fanart>https://www.thetvdb.com/banners/_cache/fanart/original/74475-8.jpg</fanart>
</item>

 <item>
        <title>Happy Days S01E14 - The Best Man</title>
        <meta>
                <content>episode</content>
                <imdb></imdb>
                <tvdb>74475</tvdb>
                <tvshowtitle>Happy Days</tvshowtitle>
                <year>1974</year>
                <title>The Best Man</title>
                <premiered>1974-04-23</premiered>
                <season>1</season>
                <episode>14</episode>
        </meta>
        <link>
		<sublink>search</sublink>
                <sublink>searchsd</sublink>
        </link>
        <animated_thumbnail></animated_thumbnail>
        <thumbnail>https://www.thetvdb.com/banners/_cache/posters/74475-1.jpg</thumbnail>
        <animated_fanart></animated_fanart>
        <fanart>https://www.thetvdb.com/banners/_cache/fanart/original/74475-8.jpg</fanart>
</item>

 <item>
        <title>Happy Days S01E15 - Knock Around the Block</title>
        <meta>
                <content>episode</content>
                <imdb></imdb>
                <tvdb>74475</tvdb>
                <tvshowtitle>Happy Days</tvshowtitle>
                <year>1974</year>
                <title>Knock Around the Block</title>
                <premiered>1974-04-30</premiered>
                <season>1</season>
                <episode>15</episode>
        </meta>
        <link>
		<sublink>search</sublink>
                <sublink>searchsd</sublink>
        </link>
        <animated_thumbnail></animated_thumbnail>
        <thumbnail>https://www.thetvdb.com/banners/_cache/posters/74475-1.jpg</thumbnail>
        <animated_fanart></animated_fanart>
        <fanart>https://www.thetvdb.com/banners/_cache/fanart/original/74475-8.jpg</fanart>
</item>

 <item>
        <title>Happy Days S01E16 - Be the First on Your Block</title>
        <meta>
                <content>episode</content>
                <imdb></imdb>
                <tvdb>74475</tvdb>
                <tvshowtitle>Happy Days</tvshowtitle>
                <year>1974</year>
                <title>Be the First on Your Block</title>
                <premiered>1974-05-07</premiered>
                <season>1</season>
                <episode>16</episode>
        </meta>
        <link>
		<sublink>search</sublink>
                <sublink>searchsd</sublink>
        </link>
        <animated_thumbnail></animated_thumbnail>
        <thumbnail>https://www.thetvdb.com/banners/_cache/posters/74475-1.jpg</thumbnail>
        <animated_fanart></animated_fanart>
        <fanart>https://www.thetvdb.com/banners/_cache/fanart/original/74475-8.jpg</fanart>
</item>
