########################
<poster>Season 1</poster>
<thumbnail></thumbnail>
<fanart></fanart>
########################

 <item>
        <title>Hogan's Heroes S01E01 - The Informer</title>
        <meta>
                <content>episode</content>
                <imdb></imdb>
                <tvdb>71635</tvdb>
                <tvshowtitle>Hogan's Heroes</tvshowtitle>
                <year>1965</year>
                <title>The Informer</title>
                <premiered>1965-09-17</premiered>
                <season>1</season>
                <episode>1</episode>
        </meta>
        <link>
		<sublink>https://streamango.com/f/tbcfttkpflaafoeq/Hogan_s_Heroes_S01E01_The_Informer_mp4</sublink>
		<sublink>search</sublink>
                <sublink>searchsd</sublink>
        </link>
        <animated_thumbnail></animated_thumbnail>
        <thumbnail>https://www.thetvdb.com/banners/_cache/episodes/71635/54456.jpg</thumbnail>
        <animated_fanart></animated_fanart>
        <fanart>https://www.thetvdb.com/banners/_cache/fanart/original/71635-2.jpg</fanart>
</item>

 <item>
        <title>Hogan's Heroes S01E02 - Hold that Tiger</title>
        <meta>
                <content>episode</content>
                <imdb></imdb>
                <tvdb>71635</tvdb>
                <tvshowtitle>Hogan's Heroes</tvshowtitle>
                <year>1965</year>
                <title>Hold that Tiger</title>
                <premiered>1965-09-24</premiered>
                <season>1</season>
                <episode>2</episode>
        </meta>
        <link>
		<sublink>https://streamango.com/f/rdnpsntktapqckqq/Hogan_s_Heroes_S01E02_Hold_That_Tiger_mp4</sublink>
		<sublink>search</sublink>
                <sublink>searchsd</sublink>
        </link>
        <animated_thumbnail></animated_thumbnail>
        <thumbnail>https://www.thetvdb.com/banners/_cache/episodes/71635/54457.jpg</thumbnail>
        <animated_fanart></animated_fanart>
        <fanart>https://www.thetvdb.com/banners/_cache/fanart/original/71635-2.jpg</fanart>
</item>

 <item>
        <title>Hogan's Heroes S01E03 - Kommandant of the Year</title>
        <meta>
                <content>episode</content>
                <imdb></imdb>
                <tvdb>71635</tvdb>
                <tvshowtitle>Hogan's Heroes</tvshowtitle>
                <year>1965</year>
                <title>Kommandant of the Year</title>
                <premiered>1965-10-01</premiered>
                <season>1</season>
                <episode>3</episode>
        </meta>
        <link>
		<sublink>https://streamango.com/f/kslfskdkossnfdfn/Hogan_s_Heroes_S01E03_-_Commandant_of_the_Year_mp4</sublink>
		<sublink>search</sublink>
                <sublink>searchsd</sublink>
        </link>
        <animated_thumbnail></animated_thumbnail>
        <thumbnail>https://www.thetvdb.com/banners/_cache/episodes/71635/54458.jpg</thumbnail>
        <animated_fanart></animated_fanart>
        <fanart>https://www.thetvdb.com/banners/_cache/fanart/original/71635-2.jpg</fanart>
</item>

 <item>
        <title>Hogan's Heroes S01E04 - The Late Inspector General</title>
        <meta>
                <content>episode</content>
                <imdb></imdb>
                <tvdb>71635</tvdb>
                <tvshowtitle>Hogan's Heroes</tvshowtitle>
                <year>1965</year>
                <title>The Late Inspector General</title>
                <premiered>1965-10-08</premiered>
                <season>1</season>
                <episode>4</episode>
        </meta>
        <link>
		<sublink>https://streamango.com/f/mmktoedoanebonlc/Hogan_s_Heroes_-_S_1_E_4_-_The_Late_Inspector_General_mp4</sublink>
		<sublink>search</sublink>
                <sublink>searchsd</sublink>
        </link>
        <animated_thumbnail></animated_thumbnail>
        <thumbnail>https://www.thetvdb.com/banners/_cache/episodes/71635/54459.jpg</thumbnail>
        <animated_fanart></animated_fanart>
        <fanart>https://www.thetvdb.com/banners/_cache/fanart/original/71635-2.jpg</fanart>
</item>

 <item>
        <title>Hogan's Heroes S01E05 - The Flight of the Valkyrie</title>
        <meta>
                <content>episode</content>
                <imdb></imdb>
                <tvdb>71635</tvdb>
                <tvshowtitle>Hogan's Heroes</tvshowtitle>
                <year>1965</year>
                <title>The Flight of the Valkyrie</title>
                <premiered>1965-10-15</premiered>
                <season>1</season>
                <episode>5</episode>
        </meta>
        <link>
		<sublink>https://streamango.com/f/cfkalsrobedtsqqt/Hogan_s_Heroes_S01E05_-_The_Flight_of_the_Valkyrie_mp4</sublink>
		<sublink>search</sublink>
                <sublink>searchsd</sublink>
        </link>
        <animated_thumbnail></animated_thumbnail>
        <thumbnail>https://www.thetvdb.com/banners/_cache/episodes/71635/54460.jpg</thumbnail>
        <animated_fanart></animated_fanart>
        <fanart>https://www.thetvdb.com/banners/_cache/fanart/original/71635-2.jpg</fanart>
</item>

 <item>
        <title>Hogan's Heroes S01E06 - The Prisoner's Prisoner</title>
        <meta>
                <content>episode</content>
                <imdb></imdb>
                <tvdb>71635</tvdb>
                <tvshowtitle>Hogan's Heroes</tvshowtitle>
                <year>1965</year>
                <title>The Prisoner's Prisoner</title>
                <premiered>1965-10-22</premiered>
                <season>1</season>
                <episode>6</episode>
        </meta>
        <link>
		<sublink>https://streamango.com/f/omofmsloclssnmqe/Hogan_s_Heroes_S01E06_-_The_Prisoner_s_Prisoner_mp4</sublink>
		<sublink>search</sublink>
                <sublink>searchsd</sublink>
        </link>
        <animated_thumbnail></animated_thumbnail>
        <thumbnail>https://www.thetvdb.com/banners/_cache/episodes/71635/54461.jpg</thumbnail>
        <animated_fanart></animated_fanart>
        <fanart>https://www.thetvdb.com/banners/_cache/fanart/original/71635-2.jpg</fanart>
</item>

 <item>
        <title>Hogan's Heroes S01E07 - German Bridge is Falling Down</title>
        <meta>
                <content>episode</content>
                <imdb></imdb>
                <tvdb>71635</tvdb>
                <tvshowtitle>Hogan's Heroes</tvshowtitle>
                <year>1965</year>
                <title>German Bridge is Falling Down</title>
                <premiered>1965-10-29</premiered>
                <season>1</season>
                <episode>7</episode>
        </meta>
        <link>
		<sublink>https://streamango.com/f/cqndtqonpemntspe/Hogan_s_Heroes_S01E07_-_German_Bridge_Is_Falling_Down_mp4</sublink>
		<sublink>search</sublink>
                <sublink>searchsd</sublink>
        </link>
        <animated_thumbnail></animated_thumbnail>
        <thumbnail>https://www.thetvdb.com/banners/_cache/episodes/71635/54462.jpg</thumbnail>
        <animated_fanart></animated_fanart>
        <fanart>https://www.thetvdb.com/banners/_cache/fanart/original/71635-2.jpg</fanart>
</item>
 <item>
        <title>Hogan's Heroes S01E08 - Movies Are Your Best Escape</title>
        <meta>
                <content>episode</content>
                <imdb></imdb>
                <tvdb>71635</tvdb>
                <tvshowtitle>Hogan's Heroes</tvshowtitle>
                <year>1965</year>
                <title>Movies Are Your Best Escape</title>
                <premiered>1965-11-05</premiered>
                <season>1</season>
                <episode>8</episode>
        </meta>
        <link>
		<sublink>https://streamango.com/f/lbslpfqncdkqfrmc/Hogan_s_Heroes_S01E08_Movies_Are_Your_Best_Escape_mp4</sublink>
		<sublink>search</sublink>
                <sublink>searchsd</sublink>
        </link>
        <animated_thumbnail></animated_thumbnail>
        <thumbnail>https://www.thetvdb.com/banners/_cache/episodes/71635/54463.jpg</thumbnail>
        <animated_fanart></animated_fanart>
        <fanart>https://www.thetvdb.com/banners/_cache/fanart/original/71635-2.jpg</fanart>
</item>

 <item>
        <title>Hogan's Heroes S01E09 - Go Light on the Heavy Water</title>
        <meta>
                <content>episode</content>
                <imdb></imdb>
                <tvdb>71635</tvdb>
                <tvshowtitle>Hogan's Heroes</tvshowtitle>
                <year>1965</year>
                <title>Go Light on the Heavy Water</title>
                <premiered>1965-11-12</premiered>
                <season>1</season>
                <episode>9</episode>
        </meta>
        <link>
		<sublink>https://streamango.com/f/fnmsoetmpdktckne/Hogan_s_Heroes_S01E09_Go_Light_on_the_Heavy_Water_mp4</sublink>
		<sublink>search</sublink>
                <sublink>searchsd</sublink>
        </link>
        <animated_thumbnail></animated_thumbnail>
        <thumbnail>https://www.thetvdb.com/banners/_cache/episodes/71635/54464.jpg</thumbnail>
        <animated_fanart></animated_fanart>
        <fanart>https://www.thetvdb.com/banners/_cache/fanart/original/71635-2.jpg</fanart>
</item>

 <item>
        <title>Hogan's Heroes S01E10 - Top Hat, White Tie and Bomb Sight</title>
        <meta>
                <content>episode</content>
                <imdb></imdb>
                <tvdb>71635</tvdb>
                <tvshowtitle>Hogan's Heroes</tvshowtitle>
                <year>1965</year>
                <title>Top Hat, White Tie and Bomb Sight</title>
                <premiered>1965-11-19</premiered>
                <season>1</season>
                <episode>10</episode>
        </meta>
        <link>
		<sublink>https://streamango.com/f/oecnnmomtftkbmos/Hogan_s_Heroes_S01E10_Top_Hat_White_Tie_and_Bomb_Sights_mp4</sublink>
		<sublink>search</sublink>
                <sublink>searchsd</sublink>
        </link>
        <animated_thumbnail></animated_thumbnail>
        <thumbnail>https://www.thetvdb.com/banners/_cache/episodes/71635/54465.jpg</thumbnail>
        <animated_fanart></animated_fanart>
        <fanart>https://www.thetvdb.com/banners/_cache/fanart/original/71635-2.jpg</fanart>
</item>
 <item>
        <title>Hogan's Heroes S01E11 - Happiness is a Warm Sergeant</title>
        <meta>
                <content>episode</content>
                <imdb></imdb>
                <tvdb>71635</tvdb>
                <tvshowtitle>Hogan's Heroes</tvshowtitle>
                <year>1965</year>
                <title>Happiness is a Warm Sergeant</title>
                <premiered>1965-11-26</premiered>
                <season>1</season>
                <episode>11</episode>
        </meta>
        <link>
		<sublink>https://streamango.com/f/fafrqkopetfbbtld/Hogan_s_Heroes_S01E11_-_Happiness_Is_a_Warm_Sergeant_mp4</sublink>
		<sublink>search</sublink>
                <sublink>searchsd</sublink>
        </link>
        <animated_thumbnail></animated_thumbnail>
        <thumbnail>https://www.thetvdb.com/banners/_cache/episodes/71635/54466.jpg</thumbnail>
        <animated_fanart></animated_fanart>
        <fanart>https://www.thetvdb.com/banners/_cache/fanart/original/71635-2.jpg</fanart>
</item>

 <item>
        <title>Hogan's Heroes S01E12 - The Scientist</title>
        <meta>
                <content>episode</content>
                <imdb></imdb>
                <tvdb>71635</tvdb>
                <tvshowtitle>Hogan's Heroes</tvshowtitle>
                <year>1965</year>
                <title>The Scientist</title>
                <premiered>1965-12-03</premiered>
                <season>1</season>
                <episode>12</episode>
        </meta>
        <link>
		<sublink>https://streamango.com/f/dcoeoocltmlfppds/Hogan_s_Heroes_S01E12_The_Scientist_mp4</sublink>
		<sublink>search</sublink>
                <sublink>searchsd</sublink>
        </link>
        <animated_thumbnail></animated_thumbnail>
        <thumbnail>https://www.thetvdb.com/banners/_cache/episodes/71635/54467.jpg</thumbnail>
        <animated_fanart></animated_fanart>
        <fanart>https://www.thetvdb.com/banners/_cache/fanart/original/71635-2.jpg</fanart>
</item>

 <item>
        <title>Hogan's Heroes S01E13 - Hogan's Hofbrau</title>
        <meta>
                <content>episode</content>
                <imdb></imdb>
                <tvdb>71635</tvdb>
                <tvshowtitle>Hogan's Heroes</tvshowtitle>
                <year>1965</year>
                <title>Hogan's Hofbrau</title>
                <premiered>1965-12-10</premiered>
                <season>1</season>
                <episode>13</episode>
        </meta>
        <link>
		<sublink>https://streamango.com/f/skospeasnncrtkoo/Hogan_Heroes_S01_E13_-_Hogan_s_Hofbrau_mp4</sublink>
		<sublink>search</sublink>
                <sublink>searchsd</sublink>
        </link>
        <animated_thumbnail></animated_thumbnail>
        <thumbnail>https://www.thetvdb.com/banners/_cache/episodes/71635/54468.jpg</thumbnail>
        <animated_fanart></animated_fanart>
        <fanart>https://www.thetvdb.com/banners/_cache/fanart/original/71635-2.jpg</fanart>
</item>

 <item>
        <title>Hogan's Heroes S01E14 - Oil for the Lamps of Hogan</title>
        <meta>
                <content>episode</content>
                <imdb></imdb>
                <tvdb>71635</tvdb>
                <tvshowtitle>Hogan's Heroes</tvshowtitle>
                <year>1965</year>
                <title>Oil for the Lamps of Hogan</title>
                <premiered>1965-12-17</premiered>
                <season>1</season>
                <episode>14</episode>
        </meta>
        <link>
		<sublink>https://streamango.com/f/rrktmtfeflfpfakn/Hogan_s_Heroes_S01E14_Oil_for_the_Lamps_of_Hogan_mp4</sublink>
		<sublink>search</sublink>
                <sublink>searchsd</sublink>
        </link>
        <animated_thumbnail></animated_thumbnail>
        <thumbnail>https://www.thetvdb.com/banners/_cache/episodes/71635/54469.jpg</thumbnail>
        <animated_fanart></animated_fanart>
        <fanart>https://www.thetvdb.com/banners/_cache/fanart/original/71635-2.jpg</fanart>
</item>

 <item>
        <title>Hogan's Heroes S01E15 - Reservations are Required</title>
        <meta>
                <content>episode</content>
                <imdb></imdb>
                <tvdb>71635</tvdb>
                <tvshowtitle>Hogan's Heroes</tvshowtitle>
                <year>1965</year>
                <title>Reservations are Required</title>
                <premiered>1965-12-24</premiered>
                <season>1</season>
                <episode>15</episode>
        </meta>
        <link>
		<sublink>https://streamango.com/f/csnnmrrodamemoff/Hogan_s_Heroes_S01E15_-_Reservations_Are_Required_mp4</sublink>
		<sublink>search</sublink>
                <sublink>searchsd</sublink>
        </link>
        <animated_thumbnail></animated_thumbnail>
        <thumbnail>https://www.thetvdb.com/banners/_cache/episodes/71635/54470.jpg</thumbnail>
        <animated_fanart></animated_fanart>
        <fanart>https://www.thetvdb.com/banners/_cache/fanart/original/71635-2.jpg</fanart>
</item>

 <item>
        <title>Hogan's Heroes S01E16 - Anchors Aweigh, Men of Stalag 13</title>
        <meta>
                <content>episode</content>
                <imdb></imdb>
                <tvdb>71635</tvdb>
                <tvshowtitle>Hogan's Heroes</tvshowtitle>
                <year>1965</year>
                <title>TAnchors Aweigh, Men of Stalag 13</title>
                <premiered>1965-12-31</premiered>
                <season>1</season>
                <episode>16</episode>
        </meta>
        <link>
		<sublink>https://streamango.com/f/nffenflfscqprqtt/Hogan_s_Heroes_S01E16_-_Anchors_Aweigh_Men_of_Stalag_13_mp4</sublink>
		<sublink>search</sublink>
                <sublink>searchsd</sublink>
        </link>
        <animated_thumbnail></animated_thumbnail>
        <thumbnail>https://www.thetvdb.com/banners/_cache/episodes/71635/54471.jpg</thumbnail>
        <animated_fanart></animated_fanart>
        <fanart>https://www.thetvdb.com/banners/_cache/fanart/original/71635-2.jpg</fanart>
</item>

 <item>
        <title>Hogan's Heroes S01E17 - Happy Birthday, Adolf</title>
        <meta>
                <content>episode</content>
                <imdb></imdb>
                <tvdb>71635</tvdb>
                <tvshowtitle>Hogan's Heroes</tvshowtitle>
                <year>1965</year>
                <title>Happy Birthday, Adolf</title>
                <premiered>1966-01-07</premiered>
                <season>1</season>
                <episode>17</episode>
        </meta>
        <link>
		<sublink>https://streamango.com/f/napbaelonplcqfeb/Hogan_s_Heroes_S01E17_Happy_Birthday_Adolf_mp4</sublink>
		<sublink>search</sublink>
                <sublink>searchsd</sublink>
        </link>
        <animated_thumbnail></animated_thumbnail>
        <thumbnail>https://www.thetvdb.com/banners/_cache/episodes/71635/54472.jpg</thumbnail>
        <animated_fanart></animated_fanart>
        <fanart>https://www.thetvdb.com/banners/_cache/fanart/original/71635-2.jpg</fanart>
</item>

 <item>
        <title>Hogan's Heroes S01E18 - The Gold Rush</title>
        <meta>
                <content>episode</content>
                <imdb></imdb>
                <tvdb>71635</tvdb>
                <tvshowtitle>Hogan's Heroes</tvshowtitle>
                <year>1965</year>
                <title>The Gold Rush</title>
                <premiered>1966-01-14</premiered>
                <season>1</season>
                <episode>18</episode>
        </meta>
        <link>
		<sublink>https://streamango.com/f/soelmecmpspfonkb/Hogan_s_Heroes_S01E18_The_Gold_Rush_mp4</sublink>
		<sublink>search</sublink>
                <sublink>searchsd</sublink>
        </link>
        <animated_thumbnail></animated_thumbnail>
        <thumbnail>https://www.thetvdb.com/banners/_cache/episodes/71635/54473.jpg</thumbnail>
        <animated_fanart></animated_fanart>
        <fanart>https://www.thetvdb.com/banners/_cache/fanart/original/71635-2.jpg</fanart>
</item>

 <item>
        <title>Hogan's Heroes S01E19 - Hello, Zolle</title>
        <meta>
                <content>episode</content>
                <imdb></imdb>
                <tvdb>71635</tvdb>
                <tvshowtitle>Hogan's Heroes</tvshowtitle>
                <year>1965</year>
                <title>Hello, Zolle</title>
                <premiered>1966-01-21</premiered>
                <season>1</season>
                <episode>19</episode>
        </meta>
        <link>
		<sublink>https://streamango.com/f/lnkettbebqspkrct/Hogan_s_Heroes_1x19_mp4</sublink>
		<sublink>search</sublink>
                <sublink>searchsd</sublink>
        </link>
        <animated_thumbnail></animated_thumbnail>
        <thumbnail>https://www.thetvdb.com/banners/_cache/episodes/71635/54474.jpg</thumbnail>
        <animated_fanart></animated_fanart>
        <fanart>https://www.thetvdb.com/banners/_cache/fanart/original/71635-2.jpg</fanart>
</item>

 <item>
        <title>Hogan's Heroes S01E20 - It Takes a Thief... Sometimes</title>
        <meta>
                <content>episode</content>
                <imdb></imdb>
                <tvdb>71635</tvdb>
                <tvshowtitle>Hogan's Heroes</tvshowtitle>
                <year>1965</year>
                <title>It Takes a Thief... Sometimes</title>
                <premiered>1966-01-28</premiered>
                <season>1</season>
                <episode>20</episode>
        </meta>
        <link>
		<sublink>https://streamango.com/f/bqqddkfctdslqrto/Hogan_s_Heroes_S01E20_It_Takes_a_Thief_Sometimes_mp4</sublink>
		<sublink>search</sublink>
                <sublink>searchsd</sublink>
        </link>
        <animated_thumbnail></animated_thumbnail>
        <thumbnail>https://www.thetvdb.com/banners/_cache/episodes/71635/54475.jpg</thumbnail>
        <animated_fanart></animated_fanart>
        <fanart>https://www.thetvdb.com/banners/_cache/fanart/original/71635-2.jpg</fanart>
</item>

 <item>
        <title>Hogan's Heroes S01E21 - The Great Impersonation</title>
        <meta>
                <content>episode</content>
                <imdb></imdb>
                <tvdb>71635</tvdb>
                <tvshowtitle>Hogan's Heroes</tvshowtitle>
                <year>1965</year>
                <title>The Great Impersonation</title>
                <premiered>1966-02-04</premiered>
                <season>1</season>
                <episode>21</episode>
        </meta>
        <link>
		<sublink>https://streamango.com/f/skppbkmecmmldoes/Hogan_s_Heroes_S01E21_-_The_Great_Impersonation_mp4</sublink>
		<sublink>search</sublink>
                <sublink>searchsd</sublink>
        </link>
        <animated_thumbnail></animated_thumbnail>
        <thumbnail>https://www.thetvdb.com/banners/_cache/episodes/71635/54476.jpg</thumbnail>
        <animated_fanart></animated_fanart>
        <fanart>https://www.thetvdb.com/banners/_cache/fanart/original/71635-2.jpg</fanart>
</item>

 <item>
        <title>Hogan's Heroes S01E22 - The Pizza Parlor</title>
        <meta>
                <content>episode</content>
                <imdb></imdb>
                <tvdb>71635</tvdb>
                <tvshowtitle>Hogan's Heroes</tvshowtitle>
                <year>1965</year>
                <title>The Pizza Parlor</title>
                <premiered>1966-02-11</premiered>
                <season>1</season>
                <episode>22</episode>
        </meta>
        <link>
		<sublink>https://streamango.com/f/stpemqnsbepstecr/Hogan_s_Heroes_-_S_1_E_22_-_The_Pizza_Parlor_mp4</sublink>
		<sublink>search</sublink>
                <sublink>searchsd</sublink>
        </link>
        <animated_thumbnail></animated_thumbnail>
        <thumbnail>https://www.thetvdb.com/banners/_cache/episodes/71635/54477.jpg</thumbnail>
        <animated_fanart></animated_fanart>
        <fanart>https://www.thetvdb.com/banners/_cache/fanart/original/71635-2.jpg</fanart>
</item>

 <item>
        <title>Hogan's Heroes S01E23 - The 43rd, a Moving Story</title>
        <meta>
                <content>episode</content>
                <imdb></imdb>
                <tvdb>71635</tvdb>
                <tvshowtitle>Hogan's Heroes</tvshowtitle>
                <year>1965</year>
                <title>The 43rd, a Moving Story</title>
                <premiered>1966-02-25</premiered>
                <season>1</season>
                <episode>23</episode>
        </meta>
        <link>
		<sublink>https://streamango.com/f/lbabcfrdmncllbbl/Hogan_s_Heroes_S01E23_-_The_43rd_A_Moving_Story_mp4</sublink>
		<sublink>search</sublink>
                <sublink>searchsd</sublink>
        </link>
        <animated_thumbnail></animated_thumbnail>
        <thumbnail>https://www.thetvdb.com/banners/_cache/episodes/71635/54478.jpg</thumbnail>
        <animated_fanart></animated_fanart>
        <fanart>https://www.thetvdb.com/banners/_cache/fanart/original/71635-2.jpg</fanart>
</item>

 <item>
        <title>Hogan's Heroes S01E24 - How to Cook a German Goose by Radar</title>
        <meta>
                <content>episode</content>
                <imdb></imdb>
                <tvdb>71635</tvdb>
                <tvshowtitle>Hogan's Heroes</tvshowtitle>
                <year>1965</year>
                <title>How to Cook a German Goose by Radar</title>
                <premiered>1966-03-04</premiered>
                <season>1</season>
                <episode>24</episode>
        </meta>
        <link>
		<sublink>https://streamango.com/f/olrafqknqokeokes/Hogan_s_Heroes_-_S_1_E_24_-_How_to_Cook_a_German_Goose_With_Radar_mp4</sublink>
		<sublink>search</sublink>
                <sublink>searchsd</sublink>
        </link>
        <animated_thumbnail></animated_thumbnail>
        <thumbnail>https://www.thetvdb.com/banners/_cache/episodes/71635/54479.jpg</thumbnail>
        <animated_fanart></animated_fanart>
        <fanart>https://www.thetvdb.com/banners/_cache/fanart/original/71635-2.jpg</fanart>
</item>

 <item>
        <title>Hogan's Heroes S01E25 - Psychic Kommandant</title>
        <meta>
                <content>episode</content>
                <imdb></imdb>
                <tvdb>71635</tvdb>
                <tvshowtitle>Hogan's Heroes</tvshowtitle>
                <year>1965</year>
                <title>Psychic Kommandant</title>
                <premiered>1966-03-11</premiered>
                <season>1</season>
                <episode>25</episode>
        </meta>
        <link>
		<sublink>https://streamango.com/f/apaponldsrkkdstd/Hogan_s_Heroes_S01E25_-_Psychic_Commandant_mp4</sublink>
		<sublink>search</sublink>
                <sublink>searchsd</sublink>
        </link>
        <animated_thumbnail></animated_thumbnail>
        <thumbnail>https://www.thetvdb.com/banners/_cache/episodes/71635/54480.jpg</thumbnail>
        <animated_fanart></animated_fanart>
        <fanart>https://www.thetvdb.com/banners/_cache/fanart/original/71635-2.jpg</fanart>
</item>

 <item>
        <title>Hogan's Heroes S01E26 - The Prince from the Phone Company</title>
        <meta>
                <content>episode</content>
                <imdb></imdb>
                <tvdb>71635</tvdb>
                <tvshowtitle>Hogan's Heroes</tvshowtitle>
                <year>1965</year>
                <title>The Prince from the Phone Company</title>
                <premiered>1966-03-18</premiered>
                <season>1</season>
                <episode>26</episode>
        </meta>
        <link>
		<sublink>https://streamango.com/f/mbsnkftdrsneempo/Hogan_s_Heroes_S01E26_The_Prince_From_the_Phone_Company_mp4</sublink>
		<sublink>search</sublink>
                <sublink>searchsd</sublink>
        </link>
        <animated_thumbnail></animated_thumbnail>
        <thumbnail>https://www.thetvdb.com/banners/_cache/episodes/71635/54481.jpg</thumbnail>
        <animated_fanart></animated_fanart>
        <fanart>https://www.thetvdb.com/banners/_cache/fanart/original/71635-2.jpg</fanart>
</item>

 <item>
        <title>Hogan's Heroes S01E27 - The Safecracker Suite</title>
        <meta>
                <content>episode</content>
                <imdb></imdb>
                <tvdb>71635</tvdb>
                <tvshowtitle>Hogan's Heroes</tvshowtitle>
                <year>1965</year>
                <title>The Safecracker Suite</title>
                <premiered>1966-03-25</premiered>
                <season>1</season>
                <episode>27</episode>
        </meta>
        <link>
		<sublink>https://streamango.com/f/pettktantfeormon/Hogan_s_Heroes_-_S_1_E_27_-_The_Safecracker_Suite_mp4</sublink>
		<sublink>search</sublink>
                <sublink>searchsd</sublink>
        </link>
        <animated_thumbnail></animated_thumbnail>
        <thumbnail>https://www.thetvdb.com/banners/_cache/episodes/71635/54482.jpg</thumbnail>
        <animated_fanart></animated_fanart>
        <fanart>https://www.thetvdb.com/banners/_cache/fanart/original/71635-2.jpg</fanart>
</item>

 <item>
        <title>Hogan's Heroes S01E28 - I Look Better in Basic Black</title>
        <meta>
                <content>episode</content>
                <imdb></imdb>
                <tvdb>71635</tvdb>
                <tvshowtitle>Hogan's Heroes</tvshowtitle>
                <year>1965</year>
                <title>I Look Better in Basic Black</title>
                <premiered>1966-04-01</premiered>
                <season>1</season>
                <episode>28</episode>
        </meta>
        <link>
		<sublink>https://streamango.com/f/mbeknbesnoaaftmm/Hogan_s_Heroes_S01E28_I_Look_Better_in_Basic_Black_mp4</sublink>
		<sublink>search</sublink>
                <sublink>searchsd</sublink>
        </link>
        <animated_thumbnail></animated_thumbnail>
        <thumbnail>https://www.thetvdb.com/banners/_cache/episodes/71635/54483.jpg</thumbnail>
        <animated_fanart></animated_fanart>
        <fanart>https://www.thetvdb.com/banners/_cache/fanart/original/71635-2.jpg</fanart>
</item>

 <item>
        <title>Hogan's Heroes S01E29 - The Assassin</title>
        <meta>
                <content>episode</content>
                <imdb></imdb>
                <tvdb>71635</tvdb>
                <tvshowtitle>Hogan's Heroes</tvshowtitle>
                <year>1965</year>
                <title>The Assassin</title>
                <premiered>1966-04-08</premiered>
                <season>1</season>
                <episode>29</episode>
        </meta>
        <link>
		<sublink>https://streamango.com/f/saldaqklrrrckbcn/Hogan_s_Heroes_S01E29_The_Assassin_mp4</sublink>
		<sublink>search</sublink>
                <sublink>searchsd</sublink>
        </link>
        <animated_thumbnail></animated_thumbnail>
        <thumbnail>https://www.thetvdb.com/banners/_cache/episodes/71635/54484.jpg</thumbnail>
        <animated_fanart></animated_fanart>
        <fanart>https://www.thetvdb.com/banners/_cache/fanart/original/71635-2.jpg</fanart>
</item>

 <item>
        <title>Hogan's Heroes S01E30 - Cupid Comes to Stalag 13</title>
        <meta>
                <content>episode</content>
                <imdb></imdb>
                <tvdb>71635</tvdb>
                <tvshowtitle>Hogan's Heroes</tvshowtitle>
                <year>1965</year>
                <title>Cupid Comes to Stalag 13</title>
                <premiered>1966-04-15</premiered>
                <season>1</season>
                <episode>30</episode>
        </meta>
        <link>
		<sublink>https://streamango.com/f/npbtntmbrrcmacor/Hogan_s_Heroes_S01E30_Cupid_Cmes_to_Stalag_13_mp4</sublink>
		<sublink>search</sublink>
                <sublink>searchsd</sublink>
        </link>
        <animated_thumbnail></animated_thumbnail>
        <thumbnail>https://www.thetvdb.com/banners/_cache/episodes/71635/54485.jpg</thumbnail>
        <animated_fanart></animated_fanart>
        <fanart>https://www.thetvdb.com/banners/_cache/fanart/original/71635-2.jpg</fanart>
</item>

 <item>
        <title>Hogan's Heroes S01E31 - The Flame Grows Higher</title>
        <meta>
                <content>episode</content>
                <imdb></imdb>
                <tvdb>71635</tvdb>
                <tvshowtitle>Hogan's Heroes</tvshowtitle>
                <year>1965</year>
                <title>The Flame Grows Higher</title>
                <premiered>1966-04-22</premiered>
                <season>1</season>
                <episode>31</episode>
        </meta>
        <link>
		<sublink>https://streamango.com/f/qsdendqnqdrnabbn/Hogan_s_Heroes_S01E31_The_Flame_Grows_Higher_mp4</sublink>
		<sublink>search</sublink>
                <sublink>searchsd</sublink>
        </link>
        <animated_thumbnail></animated_thumbnail>
        <thumbnail>https://www.thetvdb.com/banners/_cache/episodes/71635/54486.jpg</thumbnail>
        <animated_fanart></animated_fanart>
        <fanart>https://www.thetvdb.com/banners/_cache/fanart/original/71635-2.jpg</fanart>
</item>

 <item>
        <title>Hogan's Heroes S01E32 - Request Permission to Escape</title>
        <meta>
                <content>episode</content>
                <imdb></imdb>
                <tvdb>71635</tvdb>
                <tvshowtitle>Hogan's Heroes</tvshowtitle>
                <year>1965</year>
                <title>Request Permission to Escape</title>
                <premiered>1966-04-29</premiered>
                <season>1</season>
                <episode>32</episode>
        </meta>
        <link>
		<sublink>https://streamango.com/f/osaaeorpmkdoakrt/Hogan_s_Heroes_S01E32_-_Request_Permission_to_Escape_mp4</sublink>
		<sublink>search</sublink>
                <sublink>searchsd</sublink>
        </link>
        <animated_thumbnail></animated_thumbnail>
        <thumbnail>https://www.thetvdb.com/banners/_cache/episodes/71635/54487.jpg</thumbnail>
        <animated_fanart></animated_fanart>
        <fanart>https://www.thetvdb.com/banners/_cache/fanart/original/71635-2.jpg</fanart>
</item>






