########################
<poster>Season 1</poster>
<thumbnail></thumbnail>
<fanart></fanart>
########################

 <item>
        <title>The Honeymooners S01E01 - TV or Not TV</title>
        <meta>
                <content>episode</content>
                <imdb>tt0604647</imdb>
                <tvdb>73923</tvdb>
                <tvshowtitle>The Honeymooners</tvshowtitle>
                <year>1955</year>
                <title>TV or Not TV</title>
                <premiered>1955-10-01</premiered>
                <season>1</season>
                <episode>1</episode>
        </meta>
        <link>
		<sublink>search</sublink>
        <sublink>searchsd</sublink>
		<sublink>https://streamango.com/f/afnaqfkqknmdcbsp/The_Honeymooners_S01E01_TV_or_Not_TV_mp4</sublink>
		<sublink>https://streamango.com/f/bmbrloableakkadc/The_Honeymooners_S01E01_TV_or_Not_TV_mp4</sublink>
		<sublink>https://streamango.com/f/nnfpdmftncptlceb/The_Honeymooners_-_S_1_E_1_-_TV_or_Not_TV_mp4</sublink>
        </link>
        <animated_thumbnail></animated_thumbnail>
        <thumbnail>https://www.thetvdb.com/banners/_cache/posters/73923-1.jpg</thumbnail>
        <animated_fanart></animated_fanart>
        <fanart>https://www.thetvdb.com/banners/_cache/fanart/original/73923-2.jpg</fanart>
</item>

 <item>
        <title>The Honeymooners S01E02 - Funny Money</title>
        <meta>
                <content>episode</content>
                <imdb>tt0604634</imdb>
                <tvdb>73923</tvdb>
                <tvshowtitle>The Honeymooners</tvshowtitle>
                <year>1955</year>
                <title>Funny Money</title>
                <premiered>1955-10-08</premiered>
                <season>1</season>
                <episode>2</episode>
        </meta>
        <link>
		<sublink>search</sublink>
        <sublink>searchsd</sublink>
		<sublink>https://streamango.com/f/asmsdarckemmstbp/The_Honeymooners_S01E02_Funny_Money_mp4</sublink>
        </link>
        <animated_thumbnail></animated_thumbnail>
        <thumbnail>https://www.thetvdb.com/banners/_cache/posters/73923-1.jpg</thumbnail>
        <animated_fanart></animated_fanart>
        <fanart>https://www.thetvdb.com/banners/_cache/fanart/original/73923-2.jpg</fanart>
</item>

 <item>
        <title>The Honeymooners S01E03 - The Golfer</title>
        <meta>
                <content>episode</content>
                <imdb>tt0604652</imdb>
                <tvdb>73923</tvdb>
                <tvshowtitle>The Honeymooners</tvshowtitle>
                <year>1955</year>
                <title>The Golfer</title>
                <premiered>1955-10-15</premiered>
                <season>1</season>
                <episode>3</episode>
        </meta>
        <link>
		<sublink>search</sublink>
        <sublink>searchsd</sublink>
		<sublink>https://streamango.com/f/plndpqcbbdempdmp/The_Honeymooners_S01E03_The_Golfer_mp4</sublink>
		<sublink>https://streamango.com/f/tkllqroqktdcbopb/The_Honeymooners_-_S_1_E_3_-_The_Golfer_mp4</sublink>
        </link>
        <animated_thumbnail></animated_thumbnail>
        <thumbnail>https://www.thetvdb.com/banners/_cache/posters/73923-1.jpg</thumbnail>
        <animated_fanart></animated_fanart>
        <fanart>https://www.thetvdb.com/banners/_cache/fanart/original/73923-2.jpg</fanart>
</item>

 <item>
        <title>The Honeymooners S01E04 - A Woman's Work Is Never Done</title>
        <meta>
                <content>episode</content>
                <imdb>tt0604629</imdb>
                <tvdb>73923</tvdb>
                <tvshowtitle>The Honeymooners</tvshowtitle>
                <year>1955</year>
                <title>A Woman's Work Is Never Done</title>
                <premiered>1955-10-22</premiered>
                <season>1</season>
                <episode>4</episode>
        </meta>
        <link>
		<sublink>search</sublink>
        <sublink>searchsd</sublink>
		<sublink>https://streamango.com/f/dderqaakaqbtmbfn/The_Honeymooners_S01E04_A_Woman_s_Work_Is_Never_Done_mp4</sublink>
        </link>
        <animated_thumbnail></animated_thumbnail>
        <thumbnail>https://www.thetvdb.com/banners/_cache/posters/73923-1.jpg</thumbnail>
        <animated_fanart></animated_fanart>
        <fanart>https://www.thetvdb.com/banners/_cache/fanart/original/73923-2.jpg</fanart>
</item>

 <item>
        <title>The Honeymooners S01E05 - A Matter of Life and Death</title>
        <meta>
                <content>episode</content>
                <imdb>tt0604627</imdb>
                <tvdb>73923</tvdb>
                <tvshowtitle>The Honeymooners</tvshowtitle>
                <year>1955</year>
                <title>A Matter of Life and Death</title>
                <premiered>1955-10-29</premiered>
                <season>1</season>
                <episode>5</episode>
        </meta>
        <link>
		<sublink>search</sublink>
        <sublink>searchsd</sublink>
		<sublink>https://streamango.com/f/nsnreakobtbaotno/The_Honeymooners_-_S_1_E_5_-_A_Matter_of_Life_and_Death_mp4</sublink>
        </link>
        <animated_thumbnail></animated_thumbnail>
        <thumbnail>https://www.thetvdb.com/banners/_cache/posters/73923-1.jpg</thumbnail>
        <animated_fanart></animated_fanart>
        <fanart>https://www.thetvdb.com/banners/_cache/fanart/original/73923-2.jpg</fanart>
</item>

 <item>
        <title>The Honeymooners S01E06 - The Sleepwalker</title>
        <meta>
                <content>episode</content>
                <imdb>tt0604656</imdb>
                <tvdb>73923</tvdb>
                <tvshowtitle>The Honeymooners</tvshowtitle>
                <year>1955</year>
                <title>The Sleepwalker</title>
                <premiered>1955-11-05</premiered>
                <season>1</season>
                <episode>6</episode>
        </meta>
        <link>
		<sublink>search</sublink>
        <sublink>searchsd</sublink>
		<sublink>https://streamango.com/f/maqcdncsrnsntdmo/The_Honeymooners_S01E06_The_Sleepwalker_mp4</sublink>
		<sublink>https://streamango.com/f/lbrmcrtmrtannpbc/The_Honeymooners_S01E06_The_Sleepwalker_mp4</sublink>
        </link>
        <animated_thumbnail></animated_thumbnail>
        <thumbnail>https://www.thetvdb.com/banners/_cache/posters/73923-1.jpg</thumbnail>
        <animated_fanart></animated_fanart>
        <fanart>https://www.thetvdb.com/banners/_cache/fanart/original/73923-2.jpg</fanart>
</item>

 <item>
        <title>The Honeymooners S01E07 - Better Living Through TV</title>
        <meta>
                <content>episode</content>
                <imdb>tt0604631</imdb>
                <tvdb>73923</tvdb>
                <tvshowtitle>The Honeymooners</tvshowtitle>
                <year>1955</year>
                <title>Better Living Through TV</title>
                <premiered>1955-11-12</premiered>
                <season>1</season>
                <episode>7</episode>
        </meta>
        <link>
		<sublink>search</sublink>
        <sublink>searchsd</sublink>
		<sublink>https://streamango.com/f/etkcosberqcpqmme/The_Honeymooners_S01E07_Better_Living_Through_TV_mp4</sublink>
        </link>
        <animated_thumbnail></animated_thumbnail>
        <thumbnail>https://www.thetvdb.com/banners/_cache/posters/73923-1.jpg</thumbnail>
        <animated_fanart></animated_fanart>
        <fanart>https://www.thetvdb.com/banners/_cache/fanart/original/73923-2.jpg</fanart>
</item>
 <item>
        <title>The Honeymooners S01E08 - Pal o' Mine</title>
        <meta>
                <content>episode</content>
                <imdb>tt0604642</imdb>
                <tvdb>73923</tvdb>
                <tvshowtitle>The Honeymooners</tvshowtitle>
                <year>1955</year>
                <title>Pal o' Mine</title>
                <premiered>1955-11-19</premiered>
                <season>1</season>
                <episode>8</episode>
        </meta>
        <link>
		<sublink>search</sublink>
        <sublink>searchsd</sublink>
		<sublink>https://streamango.com/f/tcorldrmkcmtdsnd/The_Honeymooners_S01E08_Pal_O_Mine_mp4</sublink>
        </link>
        <animated_thumbnail></animated_thumbnail>
        <thumbnail>https://www.thetvdb.com/banners/_cache/posters/73923-1.jpg</thumbnail>
        <animated_fanart></animated_fanart>
        <fanart>https://www.thetvdb.com/banners/_cache/fanart/original/73923-2.jpg</fanart>
</item>

 <item>
        <title>The Honeymooners S01E09 - Brother Ralph</title>
        <meta>
                <content>episode</content>
                <imdb>tt0604632</imdb>
                <tvdb>73923</tvdb>
                <tvshowtitle>The Honeymooners</tvshowtitle>
                <year>1955</year>
                <title>Brother Ralph</title>
                <premiered>1955-11-26</premiered>
                <season>1</season>
                <episode>9</episode>
        </meta>
        <link>
		<sublink>search</sublink>
        <sublink>searchsd</sublink>
		<sublink>https://streamango.com/f/ncebkcctnntktelo/The_Honeymooners_S01E09_Brother_Ralph_mp4</sublink>
        </link>
        <animated_thumbnail></animated_thumbnail>
        <thumbnail>https://www.thetvdb.com/banners/_cache/posters/73923-1.jpg</thumbnail>
        <animated_fanart></animated_fanart>
        <fanart>https://www.thetvdb.com/banners/_cache/fanart/original/73923-2.jpg</fanart>
</item>

 <item>
        <title>The Honeymooners S01E10 - Hello, Mom</title>
        <meta>
                <content>episode</content>
                <imdb>tt0604636</imdb>
                <tvdb>73923</tvdb>
                <tvshowtitle>The Honeymooners</tvshowtitle>
                <year>1955</year>
                <title>Hello, Mom</title>
                <premiered>1955-12-03</premiered>
                <season>1</season>
                <episode>10</episode>
        </meta>
        <link>
		<sublink>search</sublink>
        <sublink>searchsd</sublink>
		<sublink>https://streamango.com/f/fbacbbrasqfttkek/The_Honeymooners_S01E10_Hello_Mom_mp4</sublink>
        </link>
        <animated_thumbnail></animated_thumbnail>
        <thumbnail>https://www.thetvdb.com/banners/_cache/posters/73923-1.jpg</thumbnail>
        <animated_fanart></animated_fanart>
        <fanart>https://www.thetvdb.com/banners/_cache/fanart/original/73923-2.jpg</fanart>
</item>
 <item>
        <title>The Honeymooners S01E11 - The Deciding Vote</title>
        <meta>
                <content>episode</content>
                <imdb>tt0604651</imdb>
                <tvdb>73923</tvdb>
                <tvshowtitle>The Honeymooners</tvshowtitle>
                <year>1955</year>
                <title>The Deciding Vote</title>
                <premiered>1955-12-10</premiered>
                <season>1</season>
                <episode>11</episode>
        </meta>
        <link>
		<sublink>search</sublink>
        <sublink>searchsd</sublink>
		<sublink>https://streamango.com/f/lqpcablmaelpmabb/The_Honeymooners_S01E11_The_Deciding_Vote_mp4</sublink>
		<sublink>https://streamango.com/f/carcorakqefprapq/The_Honeymooners_S01E11_The_Deciding_Vote_mp4</sublink>
        </link>
        <animated_thumbnail></animated_thumbnail>
        <thumbnail>https://www.thetvdb.com/banners/_cache/posters/73923-1.jpg</thumbnail>
        <animated_fanart></animated_fanart>
        <fanart>https://www.thetvdb.com/banners/_cache/fanart/original/73923-2.jpg</fanart>
</item>

 <item>
        <title>The Honeymooners S01E12 - Something Fishy</title>
        <meta>
                <content>episode</content>
                <imdb>tt0604646</imdb>
                <tvdb>73923</tvdb>
                <tvshowtitle>The Honeymooners</tvshowtitle>
                <year>1955</year>
                <title>Something Fishy</title>
                <premiered>1955-12-17</premiered>
                <season>1</season>
                <episode>12</episode>
        </meta>
        <link>
		<sublink>search</sublink>
        <sublink>searchsd</sublink>
		<sublink>https://streamango.com/f/eofrbprftcaqkqff/The_Honeymooners_-_S_1_E_12_-_Something_Fishy_mp4</sublink>
		<sublink>https://streamango.com/f/kcmttocspmrboqer/Something_Fishy-The_Honeymooners_mp4</sublink>
        </link>
        <animated_thumbnail></animated_thumbnail>
        <thumbnail>https://www.thetvdb.com/banners/_cache/posters/73923-1.jpg</thumbnail>
        <animated_fanart></animated_fanart>
        <fanart>https://www.thetvdb.com/banners/_cache/fanart/original/73923-2.jpg</fanart>
</item>

 <item>
        <title>The Honeymooners S01E13 - 'Twas the Night Before Christmas</title>
        <meta>
                <content>episode</content>
                <imdb>tt0604624</imdb>
                <tvdb>73923</tvdb>
                <tvshowtitle>The Honeymooners</tvshowtitle>
                <year>1955</year>
                <title>'Twas the Night Before Christmas</title>
                <premiered>1955-12-24</premiered>
                <season>1</season>
                <episode>13</episode>
        </meta>
        <link>
		<sublink>search</sublink>
        <sublink>searchsd</sublink>
		<sublink>https://streamango.com/f/ldklselsbnbrpkpq/The_Honeymooners_S01E13_Twas_the_Night_Before_Christmas_mp4</sublink>
		<sublink>https://streamango.com/f/ltpnnakqrnaoctdk/The_Honeymooners_S01E13_Twas_the_Night_Before_Christmas_mp4</sublink>
        </link>
        <animated_thumbnail></animated_thumbnail>
        <thumbnail>https://www.thetvdb.com/banners/_cache/posters/73923-1.jpg</thumbnail>
        <animated_fanart></animated_fanart>
        <fanart>https://www.thetvdb.com/banners/_cache/fanart/original/73923-2.jpg</fanart>
</item>

 <item>
        <title>The Honeymooners S01E14 - The Man from Space</title>
        <meta>
                <content>episode</content>
                <imdb>tt0604654</imdb>
                <tvdb>73923</tvdb>
                <tvshowtitle>The Honeymooners</tvshowtitle>
                <year>1955</year>
                <title>The Man from Space</title>
                <premiered>1955-12-31</premiered>
                <season>1</season>
                <episode>14</episode>
        </meta>
        <link>
		<sublink>search</sublink>
        <sublink>searchsd</sublink>
		<sublink>https://streamango.com/f/bladeffcaefsrbaf/The_Honeymooners_S01E14_The_Man_from_Space_mp4</sublink>
		<sublink>https://streamango.com/f/eanrfqoaoepsoare/The_Honeymooners_S01E14_The_Man_from_Space_mp4</sublink>
        </link>
        <animated_thumbnail></animated_thumbnail>
        <thumbnail>https://www.thetvdb.com/banners/_cache/posters/73923-1.jpg</thumbnail>
        <animated_fanart></animated_fanart>
        <fanart>https://www.thetvdb.com/banners/_cache/fanart/original/73923-2.jpg</fanart>
</item>

 <item>
        <title>The Honeymooners S01E15 - A Matter of Record</title>
        <meta>
                <content>episode</content>
                <imdb>tt0604628</imdb>
                <tvdb>73923</tvdb>
                <tvshowtitle>The Honeymooners</tvshowtitle>
                <year>1955</year>
                <title>A Matter of Record</title>
                <premiered>1956-01-07</premiered>
                <season>1</season>
                <episode>15</episode>
        </meta>
        <link>
		<sublink>search</sublink>
        <sublink>searchsd</sublink>
		<sublink>https://streamango.com/f/qmtkefmmpkfkbbal/The_Honeymooners_-_S_1_E_15_-_A_Matter_of_Record_mp4</sublink>
		<sublink>https://streamango.com/f/meombocpblbtnltc/The_Honeymooners_S01E15_A_Matter_of_Record_mp4</sublink>
        </link>
        <animated_thumbnail></animated_thumbnail>
        <thumbnail>https://www.thetvdb.com/banners/_cache/posters/73923-1.jpg</thumbnail>
        <animated_fanart></animated_fanart>
        <fanart>https://www.thetvdb.com/banners/_cache/fanart/original/73923-2.jpg</fanart>
</item>

 <item>
        <title>The Honeymooners S01E16 - Oh My Aching Back</title>
        <meta>
                <content>episode</content>
                <imdb>tt0604639</imdb>
                <tvdb>73923</tvdb>
                <tvshowtitle>The Honeymooners</tvshowtitle>
                <year>1955</year>
                <title>Oh My Aching Back</title>
                <premiered>1956-01-14</premiered>
                <season>1</season>
                <episode>16</episode>
        </meta>
        <link>
		<sublink>search</sublink>
        <sublink>searchsd</sublink>
		<sublink>https://streamango.com/f/qqsbtennardkfpml/The_Honeymooners_-_S_1_E_16_-_Oh_My_Aching_Back_mp4</sublink>
		<sublink>https://streamango.com/f/rrfopmlfqderbkpo/The_Honeymooners_S01E16_Oh_My_Aching_Back_mp4</sublink>
        </link>
        <animated_thumbnail></animated_thumbnail>
        <thumbnail>https://www.thetvdb.com/banners/_cache/posters/73923-1.jpg</thumbnail>
        <animated_fanart></animated_fanart>
        <fanart>https://www.thetvdb.com/banners/_cache/fanart/original/73923-2.jpg</fanart>
</item>

 <item>
        <title>The Honeymooners S01E17 - The Baby Sitter</title>
        <meta>
                <content>episode</content>
                <imdb>tt0604649</imdb>
                <tvdb>73923</tvdb>
                <tvshowtitle>The Honeymooners</tvshowtitle>
                <year>1955</year>
                <title>The Baby Sitter</title>
                <premiered>1956-01-21</premiered>
                <season>1</season>
                <episode>17</episode>
        </meta>
        <link>
		<sublink>search</sublink>
        <sublink>searchsd</sublink>
		<sublink>https://streamango.com/f/tbltplenonlbrrol/The_Honeymooners_S01E17_The_Babysitter_mp4</sublink>
		<sublink>https://streamango.com/f/kpcatalntapcmkfb/The_Honeymooners_S01E17_The_Babysitter_mp4</sublink>
        </link>
        <animated_thumbnail></animated_thumbnail>
        <thumbnail>https://www.thetvdb.com/banners/_cache/posters/73923-1.jpg</thumbnail>
        <animated_fanart></animated_fanart>
        <fanart>https://www.thetvdb.com/banners/_cache/fanart/original/73923-2.jpg</fanart>
</item>

 <item>
        <title>The Honeymooners S01E18 - The $99,000 Answer</title>
        <meta>
                <content>episode</content>
                <imdb>tt0604648</imdb>
                <tvdb>73923</tvdb>
                <tvshowtitle>The Honeymooners</tvshowtitle>
                <year>1955</year>
                <title>The $99,000 Answer</title>
                <premiered>1956-01-28</premiered>
                <season>1</season>
                <episode>18</episode>
        </meta>
        <link>
		<sublink>search</sublink>
        <sublink>searchsd</sublink>
		<sublink>https://streamango.com/f/cpoodarlldeqtcae/The_Honeymooners_S01E18_The_99_000_Answer_mp4</sublink>
		<sublink>https://streamango.com/f/remkatkkrcslfnso/The_Honeymooners_-_S_1_E_18_-_The_99_000_Answer_mp4</sublink>
        </link>
        <animated_thumbnail></animated_thumbnail>
        <thumbnail>https://www.thetvdb.com/banners/_cache/posters/73923-1.jpg</thumbnail>
        <animated_fanart></animated_fanart>
        <fanart>https://www.thetvdb.com/banners/_cache/fanart/original/73923-2.jpg</fanart>
</item>

 <item>
        <title>The Honeymooners S01E19 - Ralph Kramden, Inc.</title>
        <meta>
                <content>episode</content>
                <imdb>tt0604645</imdb>
                <tvdb>73923</tvdb>
                <tvshowtitle>The Honeymooners</tvshowtitle>
                <year>1955</year>
                <title>Ralph Kramden, Inc.</title>
                <premiered>1956-02-04</premiered>
                <season>1</season>
                <episode>19</episode>
        </meta>
        <link>
		<sublink>search</sublink>
        <sublink>searchsd</sublink>
		<sublink>https://streamango.com/f/kplentrftosoampl/The_Honeymooners_S01E19_Ralph_Kramden_Inc_mp4</sublink>
        </link>
        <animated_thumbnail></animated_thumbnail>
        <thumbnail>https://www.thetvdb.com/banners/_cache/posters/73923-1.jpg</thumbnail>
        <animated_fanart></animated_fanart>
        <fanart>https://www.thetvdb.com/banners/_cache/fanart/original/73923-2.jpg</fanart>
</item>

 <item>
        <title>The Honeymooners S01E20 - Young at Heart</title>
        <meta>
                <content>episode</content>
                <imdb>tt0604661</imdb>
                <tvdb>73923</tvdb>
                <tvshowtitle>The Honeymooners</tvshowtitle>
                <year>1955</year>
                <title>Young at Heart</title>
                <premiered>1956-02-11</premiered>
                <season>1</season>
                <episode>20</episode>
        </meta>
        <link>
		<sublink>search</sublink>
        <sublink>searchsd</sublink>
		<sublink>https://streamango.com/f/ccktklocpppotnfd/The_Honeymooners_S01E20_Young_at_Heart_mp4</sublink>
		<sublink>https://streamango.com/f/lbfdpqldecrlnfob/The_Honeymooners_-_S_1_E_20_-_Young_at_Heart_mp4</sublink>
        </link>
        <animated_thumbnail></animated_thumbnail>
        <thumbnail>https://www.thetvdb.com/banners/_cache/posters/73923-1.jpg</thumbnail>
        <animated_fanart></animated_fanart>
        <fanart>https://www.thetvdb.com/banners/_cache/fanart/original/73923-2.jpg</fanart>
</item>

 <item>
        <title>The Honeymooners S01E21 - A Dog's Life</title>
        <meta>
                <content>episode</content>
                <imdb>tt0604625</imdb>
                <tvdb>73923</tvdb>
                <tvshowtitle>The Honeymooners</tvshowtitle>
                <year>1955</year>
                <title>A Dog's Life</title>
                <premiered>1956-02-18</premiered>
                <season>1</season>
                <episode>21</episode>
        </meta>
        <link>
		<sublink>search</sublink>
        <sublink>searchsd</sublink>
		<sublink>https://streamango.com/f/dctfloalpmccaqmn/The_Honeymooners_-_S_1_E_21_-_A_Dog_s_Life_mp4</sublink>
		<sublink>https://streamango.com/f/rfbekorpdbkpebdm/The_Honeymooners_S01E21_A_Dog_s_Life_mp4</sublink>
        </link>
        <animated_thumbnail></animated_thumbnail>
        <thumbnail>https://www.thetvdb.com/banners/_cache/posters/73923-1.jpg</thumbnail>
        <animated_fanart></animated_fanart>
        <fanart>https://www.thetvdb.com/banners/_cache/fanart/original/73923-2.jpg</fanart>
</item>

 <item>
        <title>The Honeymooners S01E22 - Here Comes the Bride</title>
        <meta>
                <content>episode</content>
                <imdb>tt0604637</imdb>
                <tvdb>73923</tvdb>
                <tvshowtitle>The Honeymooners</tvshowtitle>
                <year>1955</year>
                <title>Here Comes the Bride</title>
                <premiered>1956-02-25</premiered>
                <season>1</season>
                <episode>22</episode>
        </meta>
        <link>
		<sublink>search</sublink>
        <sublink>searchsd</sublink>
		<sublink>https://streamango.com/f/tdqmaqporadpankc/Danger_Man_S01E22_The_Honeymooners_mp4</sublink>
		<sublink>https://streamango.com/f/lataplrlktfmlqck/Danger_Man_S01E22_The_Honeymooners_mp4</sublink>
        </link>
        <animated_thumbnail></animated_thumbnail>
        <thumbnail>https://www.thetvdb.com/banners/_cache/posters/73923-1.jpg</thumbnail>
        <animated_fanart></animated_fanart>
        <fanart>https://www.thetvdb.com/banners/_cache/fanart/original/73923-2.jpg</fanart>
</item>

 <item>
        <title>The Honeymooners S01E23 - Mama Loves Mambo</title>
        <meta>
                <content>episode</content>
                <imdb>tt0604638</imdb>
                <tvdb>73923</tvdb>
                <tvshowtitle>The Honeymooners</tvshowtitle>
                <year>1955</year>
                <title>Mama Loves Mambo</title>
                <premiered>1956-03-03</premiered>
                <season>1</season>
                <episode>23</episode>
        </meta>
        <link>
		<sublink>search</sublink>
        <sublink>searchsd</sublink>
		<sublink>https://streamango.com/f/pdkcbfsnmrbcqtmb/The_Honeymooners_S01E23_Mama_Loves_Mambo_mp4</sublink>
        </link>
        <animated_thumbnail></animated_thumbnail>
        <thumbnail>https://www.thetvdb.com/banners/_cache/posters/73923-1.jpg</thumbnail>
        <animated_fanart></animated_fanart>
        <fanart>https://www.thetvdb.com/banners/_cache/fanart/original/73923-2.jpg</fanart>
</item>

 <item>
        <title>The Honeymooners S01E24 - Please Leave the Premises</title>
        <meta>
                <content>episode</content>
                <imdb>tt0604644</imdb>
                <tvdb>73923</tvdb>
                <tvshowtitle>The Honeymooners</tvshowtitle>
                <year>1955</year>
                <title>Please Leave the Premises</title>
                <premiered>1956-03-10</premiered>
                <season>1</season>
                <episode>24</episode>
        </meta>
        <link>
		<sublink>search</sublink>
        <sublink>searchsd</sublink>
		<sublink>https://streamango.com/f/lodsclemtmrpdceb/The_Honeymooners_S01E24_Please_Leave_the_Premises_mp4</sublink>
        </link>
        <animated_thumbnail></animated_thumbnail>
        <thumbnail>https://www.thetvdb.com/banners/_cache/posters/73923-1.jpg</thumbnail>
        <animated_fanart></animated_fanart>
        <fanart>https://www.thetvdb.com/banners/_cache/fanart/original/73923-2.jpg</fanart>
</item>

 <item>
        <title>The Honeymooners S01E25 - Pardon My Glove</title>
        <meta>
                <content>episode</content>
                <imdb>tt0604643</imdb>
                <tvdb>73923</tvdb>
                <tvshowtitle>The Honeymooners</tvshowtitle>
                <year>1955</year>
                <title>Pardon My Glove</title>
                <premiered>1956-03-17</premiered>
                <season>1</season>
                <episode>25</episode>
        </meta>
        <link>
		<sublink>search</sublink>
        <sublink>searchsd</sublink>
		<sublink>https://streamango.com/f/klporollnrsbrppk/The_Honeymooners_S01E25_Pardon_My_Glove_mp4</sublink>
        </link>
        <animated_thumbnail></animated_thumbnail>
        <thumbnail>https://www.thetvdb.com/banners/_cache/posters/73923-1.jpg</thumbnail>
        <animated_fanart></animated_fanart>
        <fanart>https://www.thetvdb.com/banners/_cache/fanart/original/73923-2.jpg</fanart>
</item>

 <item>
        <title>The Honeymooners S01E26 - Young Man with a Horn</title>
        <meta>
                <content>episode</content>
                <imdb>tt0604660</imdb>
                <tvdb>73923</tvdb>
                <tvshowtitle>The Honeymooners</tvshowtitle>
                <year>1955</year>
                <title>Young Man with a Horn</title>
                <premiered>1956-03-24</premiered>
                <season>1</season>
                <episode>26</episode>
        </meta>
        <link>
		<sublink>search</sublink>
        <sublink>searchsd</sublink>
		<sublink>https://streamango.com/f/carmoqasateqbpme/The_Honeymooners_S01E26_Young_Man_with_a_Horn_mp4</sublink>
        </link>
        <animated_thumbnail></animated_thumbnail>
        <thumbnail>https://www.thetvdb.com/banners/_cache/posters/73923-1.jpg</thumbnail>
        <animated_fanart></animated_fanart>
        <fanart>https://www.thetvdb.com/banners/_cache/fanart/original/73923-2.jpg</fanart>
</item>

 <item>
        <title>The Honeymooners S01E27 - Head of the House</title>
        <meta>
                <content>episode</content>
                <imdb>tt0604635</imdb>
                <tvdb>73923</tvdb>
                <tvshowtitle>The Honeymooners</tvshowtitle>
                <year>1955</year>
                <title>Head of the House</title>
                <premiered>1956-03-31</premiered>
                <season>1</season>
                <episode>27</episode>
        </meta>
        <link>
		<sublink>search</sublink>
        <sublink>searchsd</sublink>
		<sublink>https://streamango.com/f/aoclcmtaskorrlsa/The_Honeymooners_S01E27_Head_of_the_House_mp4</sublink>
		<sublink>https://streamango.com/f/snskcpkndeedsalq/The_Honeymooners_-_S_1_E_27_-_Head_of_the_House_mp4</sublink>
        </link>
        <animated_thumbnail></animated_thumbnail>
        <thumbnail>https://www.thetvdb.com/banners/_cache/posters/73923-1.jpg</thumbnail>
        <animated_fanart></animated_fanart>
        <fanart>https://www.thetvdb.com/banners/_cache/fanart/original/73923-2.jpg</fanart>
</item>

 <item>
        <title>The Honeymooners S01E28 - The Worry Wart</title>
        <meta>
                <content>episode</content>
                <imdb>tt0604657</imdb>
                <tvdb>73923</tvdb>
                <tvshowtitle>The Honeymooners</tvshowtitle>
                <year>1955</year>
                <title>The Worry Wart</title>
                <premiered>1956-04-07</premiered>
                <season>1</season>
                <episode>28</episode>
        </meta>
        <link>
		<sublink>search</sublink>
        <sublink>searchsd</sublink>
		<sublink>https://streamango.com/f/ttmelodpcfcmlrlq/The_Honeymooners_S01E28_The_Worry_Wart_mp4</sublink>
        </link>
        <animated_thumbnail></animated_thumbnail>
        <thumbnail>https://www.thetvdb.com/banners/_cache/posters/73923-1.jpg</thumbnail>
        <animated_fanart></animated_fanart>
        <fanart>https://www.thetvdb.com/banners/_cache/fanart/original/73923-2.jpg</fanart>
</item>

 <item>
        <title>The Honeymooners S01E29 - Trapped</title>
        <meta>
                <content>episode</content>
                <imdb>tt0604658</imdb>
                <tvdb>73923</tvdb>
                <tvshowtitle>The Honeymooners</tvshowtitle>
                <year>1955</year>
                <title>Trapped</title>
                <premiered>1956-04-14</premiered>
                <season>1</season>
                <episode>29</episode>
        </meta>
        <link>
		<sublink>search</sublink>
        <sublink>searchsd</sublink>
		<sublink>https://streamango.com/f/qeckoorpfkfkaamk/The_Honeymooners_S01E29_Trapped_mp4</sublink>
        </link>
        <animated_thumbnail></animated_thumbnail>
        <thumbnail>https://www.thetvdb.com/banners/_cache/posters/73923-1.jpg</thumbnail>
        <animated_fanart></animated_fanart>
        <fanart>https://www.thetvdb.com/banners/_cache/fanart/original/73923-2.jpg</fanart>
</item>

 <item>
        <title>The Honeymooners S01E30 - The Loudspeaker</title>
        <meta>
                <content>episode</content>
                <imdb>tt0604653</imdb>
                <tvdb>73923</tvdb>
                <tvshowtitle>The Honeymooners</tvshowtitle>
                <year>1955</year>
                <title>The Loudspeaker</title>
                <premiered>1956-04-21</premiered>
                <season>1</season>
                <episode>30</episode>
        </meta>
        <link>
		<sublink>search</sublink>
        <sublink>searchsd</sublink>
		<sublink>https://streamango.com/f/qcbsddsodnlrpktl/The_Honeymooners_S01E30_The_Loudspeaker_mp4</sublink>
        </link>
        <animated_thumbnail></animated_thumbnail>
        <thumbnail>https://www.thetvdb.com/banners/_cache/posters/73923-1.jpg</thumbnail>
        <animated_fanart></animated_fanart>
        <fanart>https://www.thetvdb.com/banners/_cache/fanart/original/73923-2.jpg</fanart>
</item>

 <item>
        <title>The Honeymooners S01E31 - On Stage</title>
        <meta>
                <content>episode</content>
                <imdb>tt0604640</imdb>
                <tvdb>73923</tvdb>
                <tvshowtitle>The Honeymooners</tvshowtitle>
                <year>1955</year>
                <title>On Stage</title>
                <premiered>1956-04-28</premiered>
                <season>1</season>
                <episode>31</episode>
        </meta>
        <link>
		<sublink>search</sublink>
        <sublink>searchsd</sublink>
		<sublink>https://streamango.com/f/tpbkddbkppkmcref/The_Honeymooners_S01E31_On_Stage_mp4</sublink>
		<sublink>https://streamango.com/f/pmodkrtenmplpqpf/The_Honeymooners_S01E31_On_Stage_mp4</sublink>
        </link>
        <animated_thumbnail></animated_thumbnail>
        <thumbnail>https://www.thetvdb.com/banners/_cache/posters/73923-1.jpg</thumbnail>
        <animated_fanart></animated_fanart>
        <fanart>https://www.thetvdb.com/banners/_cache/fanart/original/73923-2.jpg</fanart>
</item>

 <item>
        <title>The Honeymooners S01E32 - Opportunity Knocks, But</title>
        <meta>
                <content>episode</content>
                <imdb>tt0604641</imdb>
                <tvdb>73923</tvdb>
                <tvshowtitle>The Honeymooners</tvshowtitle>
                <year>1955</year>
                <title>Opportunity Knocks, But</title>
                <premiered>1956-05-05</premiered>
                <season>1</season>
                <episode>32</episode>
        </meta>
        <link>
		<sublink>search</sublink>
        <sublink>searchsd</sublink>
		<sublink>https://streamango.com/f/btffclpcnorbktrc/The_Honeymooners_-_S_1_E_32_-_Opportunity_Knocks_But_mp4</sublink>
		<sublink>https://streamango.com/f/tcolfbddanleldmm/The_Honeymooners_S01E32_Opportunity_Knocks_But_mp4</sublink>
        </link>
        <animated_thumbnail></animated_thumbnail>
        <thumbnail>https://www.thetvdb.com/banners/_cache/posters/73923-1.jpg</thumbnail>
        <animated_fanart></animated_fanart>
        <fanart>https://www.thetvdb.com/banners/_cache/fanart/original/73923-2.jpg</fanart>
</item>

 <item>
        <title>The Honeymooners S01E33 - Unconventional Behavior</title>
        <meta>
                <content>episode</content>
                <imdb>tt0604659</imdb>
                <tvdb>73923</tvdb>
                <tvshowtitle>The Honeymooners</tvshowtitle>
                <year>1955</year>
                <title>Unconventional Behavior</title>
                <premiered>1956-05-12</premiered>
                <season>1</season>
                <episode>33</episode>
        </meta>
        <link>
		<sublink>search</sublink>
        <sublink>searchsd</sublink>
		<sublink>https://streamango.com/f/osplkdstecnmepnn/The_Honeymooners_S01E33_Unconventional_Behavior_mp4</sublink>
        </link>
        <animated_thumbnail></animated_thumbnail>
        <thumbnail>https://www.thetvdb.com/banners/_cache/posters/73923-1.jpg</thumbnail>
        <animated_fanart></animated_fanart>
        <fanart>https://www.thetvdb.com/banners/_cache/fanart/original/73923-2.jpg</fanart>
</item>

 <item>
        <title>The Honeymooners S01E34 - The Safety Award</title>
        <meta>
                <content>episode</content>
                <imdb>tt0604655</imdb>
                <tvdb>73923</tvdb>
                <tvshowtitle>The Honeymooners</tvshowtitle>
                <year>1955</year>
                <title>The Safety Award</title>
                <premiered>1956-05-19</premiered>
                <season>1</season>
                <episode>34</episode>
        </meta>
        <link>
		<sublink>search</sublink>
        <sublink>searchsd</sublink>
		<sublink>https://streamango.com/f/snqlesstolsnelae/The_Honeymooners_S01E34_The_Safety_Award_mp4</sublink>
        </link>
        <animated_thumbnail></animated_thumbnail>
        <thumbnail>https://www.thetvdb.com/banners/_cache/posters/73923-1.jpg</thumbnail>
        <animated_fanart></animated_fanart>
        <fanart>https://www.thetvdb.com/banners/_cache/fanart/original/73923-2.jpg</fanart>
</item>

 <item>
        <title>The Honeymooners S01E35 - Mind Your Own Business</title>
        <meta>
                <content>episode</content>
                <imdb>tt1051525</imdb>
                <tvdb>73923</tvdb>
                <tvshowtitle>The Honeymooners</tvshowtitle>
                <year>1955</year>
                <title>Mind Your Own Business</title>
                <premiered>1956-05-26</premiered>
                <season>1</season>
                <episode>35</episode>
        </meta>
        <link>
		<sublink>search</sublink>
        <sublink>searchsd</sublink>
		<sublink>https://streamango.com/f/klnkanfrkpdmdpmp/The_Honeymooners_S01E35_Mind_Your_Own_Business_mp4</sublink>
        </link>
        <animated_thumbnail></animated_thumbnail>
        <thumbnail>https://www.thetvdb.com/banners/_cache/posters/73923-1.jpg</thumbnail>
        <animated_fanart></animated_fanart>
        <fanart>https://www.thetvdb.com/banners/_cache/fanart/original/73923-2.jpg</fanart>
</item>

 <item>
        <title>The Honeymooners S01E36 - Alice and the Blonde</title>
        <meta>
                <content>episode</content>
                <imdb>tt0604630</imdb>
                <tvdb>73923</tvdb>
                <tvshowtitle>The Honeymooners</tvshowtitle>
                <year>1955</year>
                <title>Alice and the Blonde</title>
                <premiered>1956-06-02</premiered>
                <season>1</season>
                <episode>36</episode>
        </meta>
        <link>
		<sublink>search</sublink>
        <sublink>searchsd</sublink>
		<sublink>https://streamango.com/f/bblaoskqlclrmmdd/The_Honeymooners_S01E36_Alice_and_the_Blonde_mp4</sublink>
        </link>
        <animated_thumbnail></animated_thumbnail>
        <thumbnail>https://www.thetvdb.com/banners/_cache/posters/73923-1.jpg</thumbnail>
        <animated_fanart></animated_fanart>
        <fanart>https://www.thetvdb.com/banners/_cache/fanart/original/73923-2.jpg</fanart>
</item>

 <item>
        <title>The Honeymooners S01E37 - The Bensonhurst Bomber</title>
        <meta>
                <content>episode</content>
                <imdb>tt0604650</imdb>
                <tvdb>73923</tvdb>
                <tvshowtitle>The Honeymooners</tvshowtitle>
                <year>1955</year>
                <title>The Bensonhurst Bomber</title>
                <premiered>1956-09-08</premiered>
                <season>1</season>
                <episode>37</episode>
        </meta>
        <link>
		<sublink>search</sublink>
        <sublink>searchsd</sublink>
		<sublink>https://streamango.com/f/lsatbcdcldmcdbap/The_Honeymooners_S01E37_The_Bensonhurst_Bomber_mp4</sublink>
        </link>
        <animated_thumbnail></animated_thumbnail>
        <thumbnail>https://www.thetvdb.com/banners/_cache/posters/73923-1.jpg</thumbnail>
        <animated_fanart></animated_fanart>
        <fanart>https://www.thetvdb.com/banners/_cache/fanart/original/73923-2.jpg</fanart>
</item>

 <item>
        <title>The Honeymooners S01E38 - Dial J for Janitor</title>
        <meta>
                <content>episode</content>
                <imdb>tt0604633</imdb>
                <tvdb>73923</tvdb>
                <tvshowtitle>The Honeymooners</tvshowtitle>
                <year>1955</year>
                <title>Dial J for Janitor</title>
                <premiered>1956-09-15</premiered>
                <season>1</season>
                <episode>38</episode>
        </meta>
        <link>
		<sublink>search</sublink>
        <sublink>searchsd</sublink>
		<sublink>https://streamango.com/f/bmfeksdsfpmnnedl/The_Honeymooners_-_S_1_E_38_-_Dial_J_for_Janitor_mp4</sublink>
		<sublink>https://streamango.com/f/etfrmaqrndoadfqc/The_Honeymooners_S01E38_Dial_J_for_Janitor_mp4</sublink>
        </link>
        <animated_thumbnail></animated_thumbnail>
        <thumbnail>https://www.thetvdb.com/banners/_cache/posters/73923-1.jpg</thumbnail>
        <animated_fanart></animated_fanart>
        <fanart>https://www.thetvdb.com/banners/_cache/fanart/original/73923-2.jpg</fanart>
</item>

 <item>
        <title>The Honeymooners S01E39 - A Man's Pride</title>
        <meta>
                <content>episode</content>
                <imdb>tt0604626</imdb>
                <tvdb>73923</tvdb>
                <tvshowtitle>The Honeymooners</tvshowtitle>
                <year>1955</year>
                <title>A Man's Pride</title>
                <premiered>1956-09-22</premiered>
                <season>1</season>
                <episode>39</episode>
        </meta>
        <link>
		<sublink>search</sublink>
        <sublink>searchsd</sublink>
		<sublink>https://streamango.com/f/lmakneoccmtcnfpb/The_Honeymooners_S01E39_A_Man_s_Pride_mp4</sublink>
		<sublink>https://streamango.com/f/mdorefalrfqpemcd/The_Honeymooners_-_S_1_E_39_-_A_Man_s_Pride_mp4</sublink>
        </link>
        <animated_thumbnail></animated_thumbnail>
        <thumbnail>https://www.thetvdb.com/banners/_cache/posters/73923-1.jpg</thumbnail>
        <animated_fanart></animated_fanart>
        <fanart>https://www.thetvdb.com/banners/_cache/fanart/original/73923-2.jpg</fanart>
</item>
