########################
<poster>The Honeymooners</poster>
<thumbnail></thumbnail>
<fanart></fanart>
#############################

<dir>
        <name>Season 1</name>
        <meta>
                <content>season</content>
                <imdb>tt0042114</imdb>
                <tvdb>73923</tvdb>
                <tvshowtitle>The Honeymooners</tvshowtitle>
                <year>1955</year>
                <season>1</season>
        </meta>
        <link>https://raw.githubusercontent.com/Doggmatic71/maddogg/master/plugin.video.laughtraxx/plugin.video.laughtraxx/resources/honeymooners1.xml</link>
        <thumbnail>https://www.thetvdb.com/banners/_cache/seasons/73923-1-2.jpg</thumbnail>
</dir>
