########################
<poster>Season 1</poster>
<thumbnail></thumbnail>
<fanart></fanart>
########################

 <item>
        <title>I Dream of Jeannie S01E01 - The Lady in the Bottle</title>
        <meta>
                <content>episode</content>
                <imdb></imdb>
                <tvdb>77388</tvdb>
                <tvshowtitle>I Dream of Jeannie</tvshowtitle>
                <year>1965</year>
                <title>The Lady in the Bottle</title>
                <premiered>1965-09-18</premiered>
                <season>1</season>
                <episode>1</episode>
        </meta>
        <link>
		<sublink>search</sublink>
                <sublink>searchsd</sublink>
        </link>
        <animated_thumbnail></animated_thumbnail>
        <thumbnail>https://www.thetvdb.com/banners/_cache/episodes/77388/239937.jpg</thumbnail>
        <animated_fanart></animated_fanart>
        <fanart>https://www.thetvdb.com/banners/_cache/episodes/77388/239937.jpg</fanart>
</item>

 <item>
        <title>I Dream of Jeannie S01E02 - My Hero?</title>
        <meta>
                <content>episode</content>
                <imdb>tt0609119</imdb>
                <tvdb>77388</tvdb>
                <tvshowtitle>I Dream of Jeannie</tvshowtitle>
                <year>1965</year>
                <title>My Hero?</title>
                <premiered>1965-09-25</premiered>
                <season>1</season>
                <episode>2</episode>
        </meta>
        <link>
		<sublink>search</sublink>
                <sublink>searchsd</sublink>
        </link>
        <animated_thumbnail></animated_thumbnail>
        <thumbnail>https://www.thetvdb.com/banners/_cache/episodes/77388/239938.jpg</thumbnail>
        <animated_fanart></animated_fanart>
        <fanart>https://www.thetvdb.com/banners/_cache/episodes/77388/239938.jpg</fanart>
</item>

 <item>
        <title>I Dream of Jeannie S01E03 - Guess What Happened on the Way to the Moon?</title>
        <meta>
                <content>episode</content>
                <imdb></imdb>
                <tvdb>77388</tvdb>
                <tvshowtitle>I Dream of Jeannie</tvshowtitle>
                <year>1965</year>
                <title>Guess What Happened on the Way to the Moon?</title>
                <premiered>1965-10-02</premiered>
                <season>1</season>
                <episode>3</episode>
        </meta>
        <link>
		<sublink>search</sublink>
                <sublink>searchsd</sublink>
        </link>
        <animated_thumbnail></animated_thumbnail>
        <thumbnail>https://www.thetvdb.com/banners/_cache/episodes/77388/239939.jpg</thumbnail>
        <animated_fanart></animated_fanart>
        <fanart>https://www.thetvdb.com/banners/_cache/episodes/77388/239939.jpg</fanart>
</item>

 <item>
        <title>I Dream of Jeannie S01E04 - The Marriage Caper</title>
        <meta>
                <content>episode</content>
                <imdb></imdb>
                <tvdb>77388</tvdb>
                <tvshowtitle>I Dream of Jeannie</tvshowtitle>
                <year>1965</year>
                <title>The Marriage Caper</title>
                <premiered>1965-10-09</premiered>
                <season>1</season>
                <episode>4</episode>
        </meta>
        <link>
		<sublink>search</sublink>
                <sublink>searchsd</sublink>
        </link>
        <animated_thumbnail></animated_thumbnail>
        <thumbnail>https://www.thetvdb.com/banners/_cache/episodes/77388/239940.jpg</thumbnail>
        <animated_fanart></animated_fanart>
        <fanart>https://www.thetvdb.com/banners/_cache/episodes/77388/239940.jpg</fanart>
</item>

 <item>
        <title>I Dream of Jeannie S01E05 - G.I. Jeannie</title>
        <meta>
                <content>episode</content>
                <imdb></imdb>
                <tvdb>77388</tvdb>
                <tvshowtitle>I Dream of Jeannie</tvshowtitle>
                <year>1965</year>
                <title>G.I. Jeannie</title>
                <premiered>1965-10-16</premiered>
                <season>1</season>
                <episode>5</episode>
        </meta>
        <link>
		<sublink>search</sublink>
                <sublink>searchsd</sublink>
        </link>
        <animated_thumbnail></animated_thumbnail>
        <thumbnail>https://www.thetvdb.com/banners/_cache/episodes/77388/239941.jpg</thumbnail>
        <animated_fanart></animated_fanart>
        <fanart>https://www.thetvdb.com/banners/_cache/episodes/77388/239941.jpg</fanart>
</item>

 <item>
        <title>I Dream of Jeannie S01E06 - The Yacht Murder Case</title>
        <meta>
                <content>episode</content>
                <imdb>tt0609170</imdb>
                <tvdb>77388</tvdb>
                <tvshowtitle>I Dream of Jeannie</tvshowtitle>
                <year>1965</year>
                <title>The Yacht Murder Case</title>
                <premiered>1965-10-23</premiered>
                <season>1</season>
                <episode>6</episode>
        </meta>
        <link>
		<sublink>search</sublink>
                <sublink>searchsd</sublink>
        </link>
        <animated_thumbnail></animated_thumbnail>
        <thumbnail>https://www.thetvdb.com/banners/_cache/episodes/77388/239942.jpg</thumbnail>
        <animated_fanart></animated_fanart>
        <fanart>https://www.thetvdb.com/banners/_cache/episodes/77388/239942.jpg</fanart>
</item>

 <item>
        <title>I Dream of Jeannie S01E07 - Anybody Here Seen Jeannie?</title>
        <meta>
                <content>episode</content>
                <imdb>tt0609071</imdb>
                <tvdb>77388</tvdb>
                <tvshowtitle>I Dream of Jeannie</tvshowtitle>
                <year>1965</year>
                <title>Anybody Here Seen Jeannie?</title>
                <premiered>1965-10-30</premiered>
                <season>1</season>
                <episode>7</episode>
        </meta>
        <link>
		<sublink>search</sublink>
                <sublink>searchsd</sublink>
        </link>
        <animated_thumbnail></animated_thumbnail>
        <thumbnail>https://www.thetvdb.com/banners/_cache/episodes/77388/239943.jpg</thumbnail>
        <animated_fanart></animated_fanart>
        <fanart>https://www.thetvdb.com/banners/_cache/episodes/77388/239943.jpg</fanart>
</item>
 <item>
        <title>I Dream of Jeannie S01E08 - The Americanization of Jeannie</title>
        <meta>
                <content>episode</content>
                <imdb></imdb>
                <tvdb>77388</tvdb>
                <tvshowtitle>I Dream of Jeannie</tvshowtitle>
                <year>1965</year>
                <title>The Americanization of Jeannie</title>
                <premiered>1965-11-06</premiered>
                <season>1</season>
                <episode>8</episode>
        </meta>
        <link>
		<sublink>search</sublink>
                <sublink>searchsd</sublink>
        </link>
        <animated_thumbnail></animated_thumbnail>
        <thumbnail>https://www.thetvdb.com/banners/_cache/episodes/77388/239944.jpg</thumbnail>
        <animated_fanart></animated_fanart>
        <fanart>https://www.thetvdb.com/banners/_cache/episodes/77388/239944.jpg</fanart>
</item>

 <item>
        <title>I Dream of Jeannie S01E09 - The Moving Finger</title>
        <meta>
                <content>episode</content>
                <imdb></imdb>
                <tvdb>77388</tvdb>
                <tvshowtitle>I Dream of Jeannie</tvshowtitle>
                <year>1965</year>
                <title>The Moving Finger</title>
                <premiered>1965-11-13</premiered>
                <season>1</season>
                <episode>9</episode>
        </meta>
        <link>
		<sublink>search</sublink>
                <sublink>searchsd</sublink>
        </link>
        <animated_thumbnail></animated_thumbnail>
        <thumbnail>https://www.thetvdb.com/banners/_cache/episodes/77388/239945.jpg</thumbnail>
        <animated_fanart></animated_fanart>
        <fanart>https://www.thetvdb.com/banners/_cache/episodes/77388/239945.jpg</fanart>
</item>

 <item>
        <title>I Dream of Jeannie S01E10 - Djinn and Water</title>
        <meta>
                <content>episode</content>
                <imdb>tt0609078</imdb>
                <tvdb>77388</tvdb>
                <tvshowtitle>I Dream of Jeannie</tvshowtitle>
                <year>1965</year>
                <title>Djinn and Water</title>
                <premiered>1965-11-20</premiered>
                <season>1</season>
                <episode>10</episode>
        </meta>
        <link>
		<sublink>search</sublink>
                <sublink>searchsd</sublink>
        </link>
        <animated_thumbnail></animated_thumbnail>
        <thumbnail>https://www.thetvdb.com/banners/_cache/episodes/77388/239946.jpg</thumbnail>
        <animated_fanart></animated_fanart>
        <fanart>https://www.thetvdb.com/banners/_cache/episodes/77388/239946.jpg</fanart>
</item>
 <item>
        <title>I Dream of Jeannie S01E11 - Whatever Became of Baby Custer?</title>
        <meta>
                <content>episode</content>
                <imdb></imdb>
                <tvdb>77388</tvdb>
                <tvshowtitle>I Dream of Jeannie</tvshowtitle>
                <year>1965</year>
                <title>Whatever Became of Baby Custer?</title>
                <premiered>1965-11-27</premiered>
                <season>1</season>
                <episode>11</episode>
        </meta>
        <link>
		<sublink>search</sublink>
                <sublink>searchsd</sublink>
        </link>
        <animated_thumbnail></animated_thumbnail>
        <thumbnail>https://www.thetvdb.com/banners/_cache/episodes/77388/239947.jpg</thumbnail>
        <animated_fanart></animated_fanart>
        <fanart>https://www.thetvdb.com/banners/_cache/episodes/77388/239947.jpg</fanart>
</item>

 <item>
        <title>I Dream of Jeannie S01E12 - Where'd You Go-Go?</title>
        <meta>
                <content>episode</content>
                <imdb>tt0609183</imdb>
                <tvdb>77388</tvdb>
                <tvshowtitle>I Dream of Jeannie</tvshowtitle>
                <year>1965</year>
                <title>Where'd You Go-Go?</title>
                <premiered>1965-12-04</premiered>
                <season>1</season>
                <episode>12</episode>
        </meta>
        <link>
		<sublink>search</sublink>
                <sublink>searchsd</sublink>
        </link>
        <animated_thumbnail></animated_thumbnail>
        <thumbnail>https://www.thetvdb.com/banners/_cache/episodes/77388/239948.jpg</thumbnail>
        <animated_fanart></animated_fanart>
        <fanart>https://www.thetvdb.com/banners/_cache/episodes/77388/239948.jpg</fanart>
</item>

 <item>
        <title>I Dream of Jeannie S01E13 - Russian Roulette</title>
        <meta>
                <content>episode</content>
                <imdb></imdb>
                <tvdb>77388</tvdb>
                <tvshowtitle>I Dream of Jeannie</tvshowtitle>
                <year>1965</year>
                <title>Russian Roulette</title>
                <premiered>1965-12-11</premiered>
                <season>1</season>
                <episode>13</episode>
        </meta>
        <link>
		<sublink>search</sublink>
                <sublink>searchsd</sublink>
        </link>
        <animated_thumbnail></animated_thumbnail>
        <thumbnail>https://www.thetvdb.com/banners/_cache/episodes/77388/239949.jpg</thumbnail>
        <animated_fanart></animated_fanart>
        <fanart>https://www.thetvdb.com/banners/_cache/episodes/77388/239949.jpg</fanart>
</item>

 <item>
        <title>I Dream of Jeannie S01E14 - What House Across the Street?</title>
        <meta>
                <content>episode</content>
                <imdb></imdb>
                <tvdb>77388</tvdb>
                <tvshowtitle>I Dream of Jeannie</tvshowtitle>
                <year>1965</year>
                <title>What House Across the Street?</title>
                <premiered>1965-12-18</premiered>
                <season>1</season>
                <episode>14</episode>
        </meta>
        <link>
		<sublink>search</sublink>
                <sublink>searchsd</sublink>
        </link>
        <animated_thumbnail></animated_thumbnail>
        <thumbnail>https://www.thetvdb.com/banners/_cache/episodes/77388/239950.jpg</thumbnail>
        <animated_fanart></animated_fanart>
        <fanart>https://www.thetvdb.com/banners/_cache/episodes/77388/239950.jpg</fanart>
</item>

 <item>
        <title>I Dream of Jeannie S01E15 - Too Many Tonys</title>
        <meta>
                <content>episode</content>
                <imdb></imdb>
                <tvdb>77388</tvdb>
                <tvshowtitle>I Dream of Jeannie</tvshowtitle>
                <year>1965</year>
                <title>Too Many Tonys</title>
                <premiered>1965-12-25</premiered>
                <season>1</season>
                <episode>15</episode>
        </meta>
        <link>
		<sublink>search</sublink>
                <sublink>searchsd</sublink>
        </link>
        <animated_thumbnail></animated_thumbnail>
        <thumbnail>https://www.thetvdb.com/banners/_cache/episodes/77388/239951.jpg</thumbnail>
        <animated_fanart></animated_fanart>
        <fanart>https://www.thetvdb.com/banners/_cache/episodes/77388/239951.jpg</fanart>
</item>

 <item>
        <title>I Dream of Jeannie S01E16 - Get Me to Mecca on Time</title>
        <meta>
                <content>episode</content>
                <imdb></imdb>
                <tvdb>77388</tvdb>
                <tvshowtitle>I Dream of Jeannie</tvshowtitle>
                <year>1965</year>
                <title>Get Me to Mecca on Time</title>
                <premiered>1966-01-08</premiered>
                <season>1</season>
                <episode>16</episode>
        </meta>
        <link>
		<sublink>search</sublink>
                <sublink>searchsd</sublink>
        </link>
        <animated_thumbnail></animated_thumbnail>
        <thumbnail>https://www.thetvdb.com/banners/_cache/episodes/77388/239952.jpg</thumbnail>
        <animated_fanart></animated_fanart>
        <fanart>https://www.thetvdb.com/banners/_cache/episodes/77388/239952.jpg</fanart>
</item>

 <item>
        <title>I Dream of Jeannie S01E17 - The Richest Astronaut in the Whole Wide World</title>
        <meta>
                <content>episode</content>
                <imdb>tt0609149</imdb>
                <tvdb>77388</tvdb>
                <tvshowtitle>I Dream of Jeannie</tvshowtitle>
                <year>1965</year>
                <title>The Richest Astronaut in the Whole Wide World</title>
                <premiered>1966-01-15</premiered>
                <season>1</season>
                <episode>17</episode>
        </meta>
        <link>
		<sublink>search</sublink>
                <sublink>searchsd</sublink>
        </link>
        <animated_thumbnail></animated_thumbnail>
        <thumbnail>https://www.thetvdb.com/banners/_cache/episodes/77388/239953.jpg</thumbnail>
        <animated_fanart></animated_fanart>
        <fanart>https://www.thetvdb.com/banners/_cache/episodes/77388/239953.jpg</fanart>
</item>

 <item>
        <title>I Dream of Jeannie S01E18 - Is There an Extra Jeannie in the House?</title>
        <meta>
                <content>episode</content>
                <imdb></imdb>
                <tvdb>77388</tvdb>
                <tvshowtitle>I Dream of Jeannie</tvshowtitle>
                <year>1965</year>
                <title>Is There an Extra Jeannie in the House?</title>
                <premiered>1966-01-22</premiered>
                <season>1</season>
                <episode>18</episode>
        </meta>
        <link>
		<sublink>search</sublink>
                <sublink>searchsd</sublink>
        </link>
        <animated_thumbnail></animated_thumbnail>
        <thumbnail>https://www.thetvdb.com/banners/_cache/episodes/77388/239954.jpg</thumbnail>
        <animated_fanart></animated_fanart>
        <fanart>https://www.thetvdb.com/banners/_cache/episodes/77388/239954.jpg</fanart>
</item>

 <item>
        <title>I Dream of Jeannie S01E19 - Never Try to Outsmart a Genie</title>
        <meta>
                <content>episode</content>
                <imdb></imdb>
                <tvdb>77388</tvdb>
                <tvshowtitle>I Dream of Jeannie</tvshowtitle>
                <year>1965</year>
                <title>Never Try to Outsmart a Genie</title>
                <premiered>1965-09-18</premiered>
                <season>1</season>
                <episode>19</episode>
        </meta>
        <link>
		<sublink>search</sublink>
                <sublink>searchsd</sublink>
        </link>
        <animated_thumbnail></animated_thumbnail>
        <thumbnail>https://www.thetvdb.com/banners/_cache/episodes/77388/239955.jpg</thumbnail>
        <animated_fanart></animated_fanart>
        <fanart>https://www.thetvdb.com/banners/_cache/episodes/77388/239955.jpg</fanart>
</item>

 <item>
        <title>I Dream of Jeannie S01E20 - My Master, the Doctor</title>
        <meta>
                <content>episode</content>
                <imdb></imdb>
                <tvdb>77388</tvdb>
                <tvshowtitle>I Dream of Jeannie</tvshowtitle>
                <year>1965</year>
                <title>My Master, the Doctor</title>
                <premiered>1966-02-05</premiered>
                <season>1</season>
                <episode>20</episode>
        </meta>
        <link>
		<sublink>search</sublink>
                <sublink>searchsd</sublink>
        </link>
        <animated_thumbnail></animated_thumbnail>
        <thumbnail>https://www.thetvdb.com/banners/_cache/episodes/77388/239956.jpg</thumbnail>
        <animated_fanart></animated_fanart>
        <fanart>https://www.thetvdb.com/banners/_cache/episodes/77388/239956.jpg</fanart>
</item>

 <item>
        <title>I Dream of Jeannie S01E21 - Jeannie and the Kidnap Caper</title>
        <meta>
                <content>episode</content>
                <imdb></imdb>
                <tvdb>77388</tvdb>
                <tvshowtitle>I Dream of Jeannie</tvshowtitle>
                <year>1965</year>
                <title>TJeannie and the Kidnap Caper</title>
                <premiered>1966-02-12</premiered>
                <season>1</season>
                <episode>21</episode>
        </meta>
        <link>
		<sublink>search</sublink>
                <sublink>searchsd</sublink>
        </link>
        <animated_thumbnail></animated_thumbnail>
        <thumbnail>https://www.thetvdb.com/banners/_cache/episodes/77388/239957.jpg</thumbnail>
        <animated_fanart></animated_fanart>
        <fanart>https://www.thetvdb.com/banners/_cache/episodes/77388/239957.jpg</fanart>
</item>

 <item>
        <title>I Dream of Jeannie S01E22 - How Lucky Can You Get?</title>
        <meta>
                <content>episode</content>
                <imdb></imdb>
                <tvdb>77388</tvdb>
                <tvshowtitle>I Dream of Jeannie</tvshowtitle>
                <year>1965</year>
                <title>How Lucky Can You Get?</title>
                <premiered>1966-02-19</premiered>
                <season>1</season>
                <episode>22</episode>
        </meta>
        <link>
		<sublink>search</sublink>
                <sublink>searchsd</sublink>
        </link>
        <animated_thumbnail></animated_thumbnail>
        <thumbnail>https://www.thetvdb.com/banners/_cache/episodes/77388/239958.jpg</thumbnail>
        <animated_fanart></animated_fanart>
        <fanart>https://www.thetvdb.com/banners/_cache/episodes/77388/239958.jpg</fanart>
</item>

 <item>
        <title>I Dream of Jeannie S01E23 - Watch the Birdie</title>
        <meta>
                <content>episode</content>
                <imdb></imdb>
                <tvdb>77388</tvdb>
                <tvshowtitle>I Dream of Jeannie</tvshowtitle>
                <year>1965</year>
                <title>Watch the Birdie</title>
                <premiered>1966-02-26</premiered>
                <season>1</season>
                <episode>23</episode>
        </meta>
        <link>
		<sublink>search</sublink>
                <sublink>searchsd</sublink>
        </link>
        <animated_thumbnail></animated_thumbnail>
        <thumbnail>https://www.thetvdb.com/banners/_cache/episodes/77388/239959.jpg</thumbnail>
        <animated_fanart></animated_fanart>
        <fanart>https://www.thetvdb.com/banners/_cache/episodes/77388/239959.jpg</fanart>
</item>

 <item>
        <title>I Dream of Jeannie S01E24 - The Permanent House Guest</title>
        <meta>
                <content>episode</content>
                <imdb></imdb>
                <tvdb>77388</tvdb>
                <tvshowtitle>I Dream of Jeannie</tvshowtitle>
                <year>1965</year>
                <title>The Permanent House Guest</title>
                <premiered>1966-03-05</premiered>
                <season>1</season>
                <episode>24</episode>
        </meta>
        <link>
		<sublink>search</sublink>
                <sublink>searchsd</sublink>
        </link>
        <animated_thumbnail></animated_thumbnail>
        <thumbnail>https://www.thetvdb.com/banners/_cache/episodes/77388/239960.jpg</thumbnail>
        <animated_fanart></animated_fanart>
        <fanart>https://www.thetvdb.com/banners/_cache/episodes/77388/239960.jpg</fanart>
</item>

 <item>
        <title>I Dream of Jeannie S01E25 - Bigger Than a Bread Box and Better Than a Genie</title>
        <meta>
                <content>episode</content>
                <imdb></imdb>
                <tvdb>77388</tvdb>
                <tvshowtitle>I Dream of Jeannie</tvshowtitle>
                <year>1965</year>
                <title>Bigger Than a Bread Box and Better Than a Genie</title>
                <premiered>1966-03-12</premiered>
                <season>1</season>
                <episode>25</episode>
        </meta>
        <link>
		<sublink>search</sublink>
                <sublink>searchsd</sublink>
        </link>
        <animated_thumbnail></animated_thumbnail>
        <thumbnail>https://www.thetvdb.com/banners/_cache/episodes/77388/239961.jpg</thumbnail>
        <animated_fanart></animated_fanart>
        <fanart>https://www.thetvdb.com/banners/_cache/episodes/77388/239961.jpg</fanart>
</item>

 <item>
        <title>I Dream of Jeannie S01E26 - My Master, the Great Rembrandt</title>
        <meta>
                <content>episode</content>
                <imdb></imdb>
                <tvdb>77388</tvdb>
                <tvshowtitle>I Dream of Jeannie</tvshowtitle>
                <year>1965</year>
                <title>My Master, the Great Rembrandt</title>
                <premiered>1966-03-19</premiered>
                <season>1</season>
                <episode>26</episode>
        </meta>
        <link>
		<sublink>search</sublink>
                <sublink>searchsd</sublink>
        </link>
        <animated_thumbnail></animated_thumbnail>
        <thumbnail>https://www.thetvdb.com/banners/_cache/episodes/77388/239962.jpg</thumbnail>
        <animated_fanart></animated_fanart>
        <fanart>https://www.thetvdb.com/banners/_cache/episodes/77388/239962.jpg</fanart>
</item>

 <item>
        <title>I Dream of Jeannie S01E27 - My Master, the Thief</title>
        <meta>
                <content>episode</content>
                <imdb>tt0609131</imdb>
                <tvdb>77388</tvdb>
                <tvshowtitle>I Dream of Jeannie</tvshowtitle>
                <year>1965</year>
                <title>My Master, the Thief</title>
                <premiered>1966-04-02</premiered>
                <season>1</season>
                <episode>27</episode>
        </meta>
        <link>
		<sublink>search</sublink>
                <sublink>searchsd</sublink>
        </link>
        <animated_thumbnail></animated_thumbnail>
        <thumbnail>https://www.thetvdb.com/banners/_cache/episodes/77388/239963.jpg</thumbnail>
        <animated_fanart></animated_fanart>
        <fanart>https://www.thetvdb.com/banners/_cache/episodes/77388/239963.jpg</fanart>
</item>

 <item>
        <title>I Dream of Jeannie S01E28 - This is Murder</title>
        <meta>
                <content>episode</content>
                <imdb></imdb>
                <tvdb>77388</tvdb>
                <tvshowtitle>I Dream of Jeannie</tvshowtitle>
                <year>1965</year>
                <title>This is Murder</title>
                <premiered>1966-04-09</premiered>
                <season>1</season>
                <episode>28</episode>
        </meta>
        <link>
		<sublink>search</sublink>
                <sublink>searchsd</sublink>
        </link>
        <animated_thumbnail></animated_thumbnail>
        <thumbnail>https://www.thetvdb.com/banners/_cache/episodes/77388/239964.jpg</thumbnail>
        <animated_fanart></animated_fanart>
        <fanart>https://www.thetvdb.com/banners/_cache/episodes/77388/239964.jpg</fanart>
</item>

 <item>
        <title>I Dream of Jeannie S01E29 - My Master, the Magician</title>
        <meta>
                <content>episode</content>
                <imdb>tt0609125</imdb>
                <tvdb>77388</tvdb>
                <tvshowtitle>I Dream of Jeannie</tvshowtitle>
                <year>1965</year>
                <title>My Master, the Magician</title>
                <premiered>1966-04-23</premiered>
                <season>1</season>
                <episode>29</episode>
        </meta>
        <link>
		<sublink>search</sublink>
                <sublink>searchsd</sublink>
        </link>
        <animated_thumbnail></animated_thumbnail>
        <thumbnail>https://www.thetvdb.com/banners/_cache/episodes/77388/239965.jpg</thumbnail>
        <animated_fanart></animated_fanart>
        <fanart>https://www.thetvdb.com/banners/_cache/episodes/77388/239965.jpg</fanart>
</item>

 <item>
        <title>I Dream of Jeannie S01E30 - I'll Never Forget What's Her Name</title>
        <meta>
                <content>episode</content>
                <imdb>tt0786149</imdb>
                <tvdb>77388</tvdb>
                <tvshowtitle>I Dream of Jeannie</tvshowtitle>
                <year>1965</year>
                <title>I'll Never Forget What's Her Name</title>
                <premiered>1966-05-07</premiered>
                <season>1</season>
                <episode>30</episode>
        </meta>
        <link>
		<sublink>search</sublink>
                <sublink>searchsd</sublink>
        </link>
        <animated_thumbnail></animated_thumbnail>
        <thumbnail>https://www.thetvdb.com/banners/_cache/episodes/77388/239966.jpg</thumbnail>
        <animated_fanart></animated_fanart>
        <fanart>https://www.thetvdb.com/banners/_cache/episodes/77388/239966.jpg</fanart>
</item>

