########################
<poster>I Dream of Jeannie</poster>
<thumbnail></thumbnail>
<fanart></fanart>
#############################

<dir>
        <name>Season 1</name>
        <meta>
                <content>season</content>
                <imdb>tt0058815</imdb>
                <tvdb>77388</tvdb>
                <tvshowtitle>I Dream of Jeannie</tvshowtitle>
                <year>1965</year>
                <season>1</season>
        </meta>
        <link>https://raw.githubusercontent.com/Doggmatic71/maddogg/master/plugin.video.laughtraxx/plugin.video.laughtraxx/resources/jeannie1.xml</link>
        <thumbnail>https://www.thetvdb.com/banners/_cache/seasons/77388-1-5.jpg</thumbnail>
</dir>

<dir>		
        <name>Season 2</name>
        <meta>
                <content>season</content>
                <imdb>tt0058815</imdb>
                <tvdb>77388</tvdb>
                <tvshowtitle>I Dream of Jeannie</tvshowtitle>
                <year>1965</year>
                <season>2</season>
        </meta>
        <link></link>
        <thumbnail>https://www.thetvdb.com/banners/_cache/seasons/608-2.jpg</thumbnail>		
</dir>

<dir>		
        <name>Season 3</name>
        <meta>
                <content>season</content>
                <imdb>tt0058815</imdb>
                <tvdb>77388</tvdb>
                <tvshowtitle>I Dream of Jeannie</tvshowtitle>
                <year>1965</year>
                <season>3</season>
        </meta>
        <link></link>
        <thumbnail>https://www.thetvdb.com/banners/_cache/seasons/77388-3-2.jpg</thumbnail>		
</dir>

<dir>		
        <name>Season 4</name>
        <meta>
                <content>season</content>
                <imdb>tt0058815</imdb>
                <tvdb>77388</tvdb>
                <tvshowtitle>I Dream of Jeannie</tvshowtitle>
                <year>1965</year>
                <season>4</season>
        </meta>
        <link></link>
        <thumbnail>https://www.thetvdb.com/banners/_cache/seasons/77388-4-2.jpg</thumbnail>		
</dir>

<dir>		
        <name>Season 5</name>
        <meta>
                <content>season</content>
                <imdb>tt0058815</imdb>
                <tvdb>77388</tvdb>
                <tvshowtitle>I Dream of Jeannie</tvshowtitle>
                <year>1965</year>
                <season>5</season>
        </meta>
        <link></link>
        <thumbnail>https://www.thetvdb.com/banners/_cache/seasons/77388-5-2.jpg</thumbnail>		
</dir>

