########################
<poster>Season 1</poster>
<thumbnail></thumbnail>
<fanart></fanart>
########################

 <item>
        <title>The Jeffersons S01E01 - A Friend in Need</title>
        <meta>
                <content>episode</content>
                <imdb></imdb>
                <tvdb>77792</tvdb>
                <tvshowtitle>The Jeffersons</tvshowtitle>
                <year>1975</year>
                <title>A Friend in Need</title>
                <premiered>1975-01-18</premiered>
                <season>1</season>
                <episode>1</episode>
        </meta>
        <link>
		<sublink>search</sublink>
                <sublink>searchsd</sublink>
        </link>
        <animated_thumbnail></animated_thumbnail>
        <thumbnail>https://www.thetvdb.com/banners/_cache/posters/77792-1.jpg</thumbnail>
        <animated_fanart></animated_fanart>
        <fanart>https://www.thetvdb.com/banners/_cache/fanart/original/77792-4.jpg</fanart>
</item>

 <item>
        <title>The Jeffersons S01E02 - George's Family Tree</title>
        <meta>
                <content>episode</content>
                <imdb></imdb>
                <tvdb>77792</tvdb>
                <tvshowtitle>The Jeffersons</tvshowtitle>
                <year>1975</year>
                <title>George's Family Tree</title>
                <premiered>1975-01-25</premiered>
                <season>1</season>
                <episode>2</episode>
        </meta>
        <link>
		<sublink>search</sublink>
                <sublink>searchsd</sublink>
        </link>
        <animated_thumbnail></animated_thumbnail>
        <thumbnail>https://www.thetvdb.com/banners/_cache/posters/77792-1.jpg</thumbnail>
        <animated_fanart></animated_fanart>
        <fanart>https://www.thetvdb.com/banners/_cache/fanart/original/77792-4.jpg</fanart>
</item>

 <item>
        <title>The Jeffersons S01E03 - Louise Feels Useless</title>
        <meta>
                <content>episode</content>
                <imdb></imdb>
                <tvdb>77792</tvdb>
                <tvshowtitle>The Jeffersons</tvshowtitle>
                <year>1975</year>
                <title>Louise Feels Useless</title>
                <premiered>1975-02-01</premiered>
                <season>1</season>
                <episode>3</episode>
        </meta>
        <link>
		<sublink>search</sublink>
                <sublink>searchsd</sublink>
        </link>
        <animated_thumbnail></animated_thumbnail>
        <thumbnail>https://www.thetvdb.com/banners/_cache/posters/77792-1.jpg</thumbnail>
        <animated_fanart></animated_fanart>
        <fanart>https://www.thetvdb.com/banners/_cache/fanart/original/77792-4.jpg</fanart>
</item>

 <item>
        <title>The Jeffersons S01E04 - Lionel the Playboy</title>
        <meta>
                <content>episode</content>
                <imdb></imdb>
                <tvdb>77792</tvdb>
                <tvshowtitle>The Jeffersons</tvshowtitle>
                <year>1975</year>
                <title>Lionel the Playboy</title>
                <premiered>1975-02-08</premiered>
                <season>1</season>
                <episode>4</episode>
        </meta>
        <link>
		<sublink>search</sublink>
                <sublink>searchsd</sublink>
        </link>
        <animated_thumbnail></animated_thumbnail>
        <thumbnail>https://www.thetvdb.com/banners/_cache/posters/77792-1.jpg</thumbnail>
        <animated_fanart></animated_fanart>
        <fanart>https://www.thetvdb.com/banners/_cache/fanart/original/77792-4.jpg</fanart>
</item>

 <item>
        <title>The Jeffersons S01E05 - Mr. Piano Man</title>
        <meta>
                <content>episode</content>
                <imdb></imdb>
                <tvdb>77792</tvdb>
                <tvshowtitle>The Jeffersons</tvshowtitle>
                <year>1975</year>
                <title>Mr. Piano Man</title>
                <premiered>1975-02-15</premiered>
                <season>1</season>
                <episode>5</episode>
        </meta>
        <link>
		<sublink>search</sublink>
                <sublink>searchsd</sublink>
        </link>
        <animated_thumbnail></animated_thumbnail>
        <thumbnail>https://www.thetvdb.com/banners/_cache/posters/77792-1.jpg</thumbnail>
        <animated_fanart></animated_fanart>
        <fanart>https://www.thetvdb.com/banners/_cache/fanart/original/77792-4.jpg</fanart>
</item>

 <item>
        <title>The Jeffersons S01E06 - George's Skeleton</title>
        <meta>
                <content>episode</content>
                <imdb></imdb>
                <tvdb>77792</tvdb>
                <tvshowtitle>The Jeffersons</tvshowtitle>
                <year>1975</year>
                <title>George's Skeleton</title>
                <premiered>1975-02-22</premiered>
                <season>1</season>
                <episode>6</episode>
        </meta>
        <link>
		<sublink>search</sublink>
                <sublink>searchsd</sublink>
        </link>
        <animated_thumbnail></animated_thumbnail>
        <thumbnail>https://www.thetvdb.com/banners/_cache/posters/77792-1.jpg</thumbnail>
        <animated_fanart></animated_fanart>
        <fanart>https://www.thetvdb.com/banners/_cache/fanart/original/77792-4.jpg</fanart>
</item>

 <item>
        <title>The Jeffersons S01E07 - Lionel Cries Uncle</title>
        <meta>
                <content>episode</content>
                <imdb></imdb>
                <tvdb>77792</tvdb>
                <tvshowtitle>The Jeffersons</tvshowtitle>
                <year>1975</year>
                <title>Lionel Cries Uncle</title>
                <premiered>1975-03-01</premiered>
                <season>1</season>
                <episode>7</episode>
        </meta>
        <link>
		<sublink>search</sublink>
                <sublink>searchsd</sublink>
        </link>
        <animated_thumbnail></animated_thumbnail>
        <thumbnail>https://www.thetvdb.com/banners/_cache/posters/77792-1.jpg</thumbnail>
        <animated_fanart></animated_fanart>
        <fanart>https://www.thetvdb.com/banners/_cache/fanart/original/77792-4.jpg</fanart>
</item>
 <item>
        <title>The Jeffersons S01E08 - Mother Jefferson's Boyfriend</title>
        <meta>
                <content>episode</content>
                <imdb></imdb>
                <tvdb>77792</tvdb>
                <tvshowtitle>The Jeffersons</tvshowtitle>
                <year>1975</year>
                <title>Mother Jefferson's Boyfriend</title>
                <premiered>1975-03-08</premiered>
                <season>1</season>
                <episode>8</episode>
        </meta>
        <link>
		<sublink>search</sublink>
                <sublink>searchsd</sublink>
        </link>
        <animated_thumbnail></animated_thumbnail>
        <thumbnail>https://www.thetvdb.com/banners/_cache/posters/77792-1.jpg</thumbnail>
        <animated_fanart></animated_fanart>
        <fanart>https://www.thetvdb.com/banners/_cache/fanart/original/77792-4.jpg</fanart>
</item>

 <item>
        <title>The Jeffersons S01E09 - Meet the Press</title>
        <meta>
                <content>episode</content>
                <imdb></imdb>
                <tvdb>77792</tvdb>
                <tvshowtitle>The Jeffersons</tvshowtitle>
                <year>1975</year>
                <title>Meet the Press</title>
                <premiered>1975-03-15</premiered>
                <season>1</season>
                <episode>9</episode>
        </meta>
        <link>
		<sublink>search</sublink>
                <sublink>searchsd</sublink>
        </link>
        <animated_thumbnail></animated_thumbnail>
        <thumbnail>https://www.thetvdb.com/banners/_cache/posters/77792-1.jpg</thumbnail>
        <animated_fanart></animated_fanart>
        <fanart>https://www.thetvdb.com/banners/_cache/fanart/original/77792-4.jpg</fanart>
</item>

 <item>
        <title>The Jeffersons S01E10 - Rich Man's Disease</title>
        <meta>
                <content>episode</content>
                <imdb></imdb>
                <tvdb>77792</tvdb>
                <tvshowtitle>The Jeffersons</tvshowtitle>
                <year>1975</year>
                <title>Rich Man's Disease</title>
                <premiered>1975-03-22</premiered>
                <season>1</season>
                <episode>10</episode>
        </meta>
        <link>
		<sublink>search</sublink>
                <sublink>searchsd</sublink>
        </link>
        <animated_thumbnail></animated_thumbnail>
        <thumbnail>https://www.thetvdb.com/banners/_cache/posters/77792-1.jpg</thumbnail>
        <animated_fanart></animated_fanart>
        <fanart>https://www.thetvdb.com/banners/_cache/fanart/original/77792-4.jpg</fanart>
</item>

 <item>
        <title>The Jeffersons S01E11 - Former Neighbors</title>
        <meta>
                <content>episode</content>
                <imdb></imdb>
                <tvdb>77792</tvdb>
                <tvshowtitle>The Jeffersons</tvshowtitle>
                <year>1975</year>
                <title>Former Neighbors</title>
                <premiered>1975-03-29</premiered>
                <season>1</season>
                <episode>11</episode>
        </meta>
        <link>
		<sublink>search</sublink>
                <sublink>searchsd</sublink>
        </link>
        <animated_thumbnail></animated_thumbnail>
        <thumbnail>https://www.thetvdb.com/banners/_cache/posters/77792-1.jpg</thumbnail>
        <animated_fanart></animated_fanart>
        <fanart>https://www.thetvdb.com/banners/_cache/fanart/original/77792-4.jpg</fanart>
</item>

 <item>
        <title>The Jeffersons S01E12 - Like Father, Like Son?</title>
        <meta>
                <content>episode</content>
                <imdb></imdb>
                <tvdb>77792</tvdb>
                <tvshowtitle>The Jeffersons</tvshowtitle>
                <year>1975</year>
                <title>Like Father, Like Son?</title>
                <premiered>1975-04-05</premiered>
                <season>1</season>
                <episode>12</episode>
        </meta>
        <link>
		<sublink>search</sublink>
                <sublink>searchsd</sublink>
        </link>
        <animated_thumbnail></animated_thumbnail>
        <thumbnail>https://www.thetvdb.com/banners/_cache/posters/77792-1.jpg</thumbnail>
        <animated_fanart></animated_fanart>
        <fanart>https://www.thetvdb.com/banners/_cache/fanart/original/77792-4.jpg</fanart>
</item>

 <item>
        <title>The Jeffersons S01E13 - Jenny's Low</title>
        <meta>
                <content>episode</content>
                <imdb></imdb>
                <tvdb>77792</tvdb>
                <tvshowtitle>The Jeffersons</tvshowtitle>
                <year>1975</year>
                <title>Jenny's Low</title>
                <premiered>1975-04-12</premiered>
                <season>1</season>
                <episode>13</episode>
        </meta>
        <link>
		<sublink>search</sublink>
                <sublink>searchsd</sublink>
        </link>
        <animated_thumbnail></animated_thumbnail>
        <thumbnail>https://www.thetvdb.com/banners/_cache/posters/77792-1.jpg</thumbnail>
        <animated_fanart></animated_fanart>
        <fanart>https://www.thetvdb.com/banners/_cache/fanart/original/77792-4.jpg</fanart>
</item>
