########################
<poster>The Jeffersons</poster>
<thumbnail></thumbnail>
<fanart></fanart>
#############################

<dir>
        <name>Season 1</name>
        <meta>
                <content>season</content>
                <imdb>tt0072519</imdb>
                <tvdb>77792</tvdb>
                <tvshowtitle>The Jeffersons</tvshowtitle>
                <year>1975</year>
                <season>1</season>
        </meta>
        <link>https://raw.githubusercontent.com/Doggmatic71/maddogg/master/plugin.video.laughtraxx/plugin.video.laughtraxx/resources/jeffersons1.xml</link>
        <thumbnail>https://www.thetvdb.com/banners/_cache/seasons/77792-1-2.jpg</thumbnail>
</dir>

<dir>		
        <name>Season 2</name>
        <meta>
                <content>season</content>
                <imdb>tt0072519</imdb>
                <tvdb>77792</tvdb>
                <tvshowtitle>The Jeffersons</tvshowtitle>
                <year>1975</year>
                <season>2</season>
        </meta>
        <link></link>
        <thumbnail>https://www.thetvdb.com/banners/_cache/seasons/77792-2.jpg</thumbnail>		
</dir>

<dir>		
        <name>Season 3</name>
        <meta>
                <content>season</content>
                <imdb>tt0072519</imdb>
                <tvdb>77792</tvdb>
                <tvshowtitle>The Jeffersons</tvshowtitle>
                <year>1975</year>
                <season>3</season>
        </meta>
        <link></link>
        <thumbnail>https://www.thetvdb.com/banners/_cache/seasons/77792-3-2.jpg</thumbnail>		
</dir>

<dir>		
        <name>Season 4</name>
        <meta>
                <content>season</content>
                <imdb>tt0072519</imdb>
                <tvdb>77792</tvdb>
                <tvshowtitle>The Jeffersons</tvshowtitle>
                <year>1975</year>
                <season>4</season>
        </meta>
        <link></link>
        <thumbnail>https://www.thetvdb.com/banners/_cache/seasons/77792-4-2.jpg</thumbnail>		
</dir>

<dir>		
        <name>Season 5</name>
        <meta>
                <content>season</content>
                <imdb>tt0072519</imdb>
                <tvdb>77792</tvdb>
                <tvshowtitle>The Jeffersons</tvshowtitle>
                <year>1975</year>
                <season>5</season>
        </meta>
        <link></link>
        <thumbnail>https://www.thetvdb.com/banners/_cache/seasons/77792-5.jpg</thumbnail>		
</dir>

<dir>		
        <name>Season 6</name>
        <meta>
                <content>season</content>
                <imdb>tt0072519</imdb>
                <tvdb>77792</tvdb>
                <tvshowtitle>The Jeffersons</tvshowtitle>
                <year>1975</year>
                <season>6</season>
        </meta>
        <link></link>
        <thumbnail>https://www.thetvdb.com/banners/_cache/seasons/77792-6-2.jpg</thumbnail>		
</dir>

<dir>		
        <name>Season 7</name>
        <meta>
                <content>season</content>
                <imdb>tt0072519</imdb>
                <tvdb>77792</tvdb>
                <tvshowtitle>The Jeffersons</tvshowtitle>
                <year>1975</year>
                <season>7</season>
        </meta>
        <link></link>
        <thumbnail>https://www.thetvdb.com/banners/_cache/seasons/77792-7-2.jpg</thumbnail>		
</dir>

<dir>		
        <name>Season 8</name>
        <meta>
                <content>season</content>
                <imdb>tt0072519</imdb>
                <tvdb>77792</tvdb>
                <tvshowtitle>The Jeffersons</tvshowtitle>
                <year>1975</year>
                <season>8</season>
        </meta>
        <link></link>
        <thumbnail>https://www.thetvdb.com/banners/_cache/seasons/77792-8-2.jpg</thumbnail>		
</dir>

<dir>		
        <name>Season 9</name>
        <meta>
                <content>season</content>
                <imdb>tt0072519</imdb>
                <tvdb>77792</tvdb>
                <tvshowtitle>The Jeffersons</tvshowtitle>
                <year>1975</year>
                <season>9</season>
        </meta>
        <link></link>
        <thumbnail>https://www.thetvdb.com/banners/_cache/seasons/77792-9-2.jpg</thumbnail>		
</dir>

<dir>		
        <name>Season 10</name>
        <meta>
                <content>season</content>
                <imdb>tt0072519</imdb>
                <tvdb>77792</tvdb>
                <tvshowtitle>The Jeffersons</tvshowtitle>
                <year>1975</year>
                <season>10</season>
        </meta>
        <link></link>
        <thumbnail>https://www.thetvdb.com/banners/_cache/seasons/77792-10-2.jpg</thumbnail>		
</dir>

<dir>		
        <name>Season 11</name>
        <meta>
                <content>season</content>
                <imdb>tt0072519</imdb>
                <tvdb>77792</tvdb>
                <tvshowtitle>The Jeffersons</tvshowtitle>
                <year>1975</year>
                <season>11</season>
        </meta>
        <link></link>
        <thumbnail>https://www.thetvdb.com/banners/_cache/seasons/77792-11-3.jpg</thumbnail>		
</dir>
