########################
<poster>Petticoat Junction</poster>
<thumbnail></thumbnail>
<fanart></fanart>
#############################

<dir>
        <name>Season 1</name>
        <meta>
                <content>season</content>
                <imdb>tt0056780</imdb>
                <tvdb>71569</tvdb>
                <tvshowtitle>Petticoat Junction</tvshowtitle>
                <year>1963</year>
                <season>1</season>
        </meta>
        <link>https://raw.githubusercontent.com/Doggmatic71/maddogg/master/plugin.video.laughtraxx/plugin.video.laughtraxx/resources/junction1.xml</link>
        <thumbnail>https://www.thetvdb.com/banners/_cache/seasons/71569-1-3.jpg</thumbnail>
</dir>

<dir>
        <name>Season 2</name>
        <meta>
                <content>season</content>
                <imdb>tt0056780</imdb>
                <tvdb>71569</tvdb>
                <tvshowtitle>Petticoat Junction</tvshowtitle>
                <year>1963</year>
                <season>2</season>
        </meta>
        <link></link>
        <thumbnail>https://www.thetvdb.com/banners/_cache/seasons/71569-2.jpg</thumbnail>
</dir>

<dir>
        <name>Season 3</name>
        <meta>
                <content>season</content>
                <imdb>tt0056780</imdb>
                <tvdb>71569</tvdb>
                <tvshowtitle>Petticoat Junction</tvshowtitle>
                <year>1963</year>
                <season>3</season>
        </meta>
        <link></link>
        <thumbnail>https://www.thetvdb.com/banners/_cache/seasons/71569-3-2.jpg</thumbnail>
</dir>

<dir>
        <name>Season 4</name>
        <meta>
                <content>season</content>
                <imdb>tt0056780</imdb>
                <tvdb>71569</tvdb>
                <tvshowtitle>Petticoat Junction</tvshowtitle>
                <year>1963</year>
                <season>4</season>
        </meta>
        <link></link>
        <thumbnail>https://www.thetvdb.com/banners/_cache/seasons/71569-4-2.jpg</thumbnail>
</dir>

<dir>
        <name>Season 5</name>
        <meta>
                <content>season</content>
                <imdb>tt0056780</imdb>
                <tvdb>71569</tvdb>
                <tvshowtitle>Petticoat Junction</tvshowtitle>
                <year>1963</year>
                <season>5</season>
        </meta>
        <link></link>
        <thumbnail>https://www.thetvdb.com/banners/_cache/seasons/71569-5-2.jpg</thumbnail>
</dir>

<dir>
        <name>Season 6</name>
        <meta>
                <content>season</content>
                <imdb>tt0056780</imdb>
                <tvdb>71569</tvdb>
                <tvshowtitle>Petticoat Junction</tvshowtitle>
                <year>1963</year>
                <season>6</season>
        </meta>
        <link></link>
        <thumbnail>https://www.thetvdb.com/banners/_cache/seasons/71569-6.jpg</thumbnail>
</dir>

<dir>
        <name>Season 7</name>
        <meta>
                <content>season</content>
                <imdb>tt0056780</imdb>
                <tvdb>71569</tvdb>
                <tvshowtitle>Petticoat Junction</tvshowtitle>
                <year>1963</year>
                <season>7</season>
        </meta>
        <link></link>
        <thumbnail>https://www.thetvdb.com/banners/_cache/seasons/71569-7-2.jpg</thumbnail>
</dir>
