########################
<poster>Season 1</poster>
<thumbnail></thumbnail>
<fanart></fanart>
########################

 <item>
        <title>Petticoat Junction S01E01 - Spur Line to Shady Rest</title>
        <meta>
                <content>episode</content>
                <imdb>tt0673989</imdb>
                <tvdb>71569</tvdb>
                <tvshowtitle>Petticoat Junction</tvshowtitle>
                <year>1963</year>
                <title>Spur Line to Shady Rest</title>
                <premiered>1963-09-24</premiered>
                <season>1</season>
                <episode>1</episode>
        </meta>
        <link>
		<sublink>search</sublink>
                <sublink>searchsd</sublink>
        </link>
        <animated_thumbnail></animated_thumbnail>
        <thumbnail>https://www.thetvdb.com/banners/_cache/posters/71569-2.jpg</thumbnail>
        <animated_fanart></animated_fanart>
        <fanart>https://www.thetvdb.com/banners/_cache/fanart/original/71569-2.jpg</fanart>
</item>

 <item>
        <title>Petticoat Junction S01E02 - Quick, Hide the Railroad</title>
        <meta>
                <content>episode</content>
                <imdb>tt0825125</imdb>
                <tvdb>71569</tvdb>
                <tvshowtitle>Petticoat Junction</tvshowtitle>
                <year>1963</year>
                <title>Quick, Hide the Railroad</title>
                <premiered>1963-10-01</premiered>
                <season>1</season>
                <episode>2</episode>
        </meta>
        <link>
		<sublink>search</sublink>
                <sublink>searchsd</sublink>
        </link>
        <animated_thumbnail></animated_thumbnail>
        <thumbnail>https://www.thetvdb.com/banners/_cache/posters/71569-2.jpg</thumbnail>
        <animated_fanart></animated_fanart>
        <fanart>https://www.thetvdb.com/banners/_cache/fanart/original/71569-2.jpg</fanart>
</item>

 <item>
        <title>Petticoat Junction S01E03 - The President Who Came to Dinner</title>
        <meta>
                <content>episode</content>
                <imdb>tt0674031</imdb>
                <tvdb>71569</tvdb>
                <tvshowtitle>Petticoat Junction</tvshowtitle>
                <year>1963</year>
                <title>The President Who Came to Dinner</title>
                <premiered>1963-10-08</premiered>
                <season>1</season>
                <episode>3</episode>
        </meta>
        <link>
		<sublink>search</sublink>
                <sublink>searchsd</sublink>
        </link>
        <animated_thumbnail></animated_thumbnail>
        <thumbnail>https://www.thetvdb.com/banners/_cache/posters/71569-2.jpg</thumbnail>
        <animated_fanart></animated_fanart>
        <fanart>https://www.thetvdb.com/banners/_cache/fanart/original/71569-2.jpg</fanart>
</item>

 <item>
        <title>Petticoat Junction S01E04 - Is There a Doctor in the Roundhouse?</title>
        <meta>
                <content>episode</content>
                <imdb>tt0673944</imdb>
                <tvdb>71569</tvdb>
                <tvshowtitle>Petticoat Junction</tvshowtitle>
                <year>1963</year>
                <title>Is There a Doctor in the Roundhouse?</title>
                <premiered>1963-10-15</premiered>
                <season>1</season>
                <episode>4</episode>
        </meta>
        <link>
		<sublink>search</sublink>
                <sublink>searchsd</sublink>
        </link>
        <animated_thumbnail></animated_thumbnail>
        <thumbnail>https://www.thetvdb.com/banners/_cache/posters/71569-2.jpg</thumbnail>
        <animated_fanart></animated_fanart>
        <fanart>https://www.thetvdb.com/banners/_cache/fanart/original/71569-2.jpg</fanart>
</item>

 <item>
        <title>Petticoat Junction S01E05 - The Courtship of Floyd Smoot</title>
        <meta>
                <content>episode</content>
                <imdb>tt0825126</imdb>
                <tvdb>71569</tvdb>
                <tvshowtitle>Petticoat Junction</tvshowtitle>
                <year>1963</year>
                <title>The Courtship of Floyd Smoot</title>
                <premiered>1963-10-22</premiered>
                <season>1</season>
                <episode>5</episode>
        </meta>
        <link>
		<sublink>search</sublink>
                <sublink>searchsd</sublink>
        </link>
        <animated_thumbnail></animated_thumbnail>
        <thumbnail>https://www.thetvdb.com/banners/_cache/posters/71569-2.jpg</thumbnail>
        <animated_fanart></animated_fanart>
        <fanart>https://www.thetvdb.com/banners/_cache/fanart/original/71569-2.jpg</fanart>
</item>

 <item>
        <title>Petticoat Junction S01E06 - Please Buy My Violets</title>
        <meta>
                <content>episode</content>
                <imdb>tt0673980</imdb>
                <tvdb>71569</tvdb>
                <tvshowtitle>Petticoat Junction</tvshowtitle>
                <year>1963</year>
                <title>Please Buy My Violets</title>
                <premiered>1963-10-29</premiered>
                <season>1</season>
                <episode>6</episode>
        </meta>
        <link>
		<sublink>search</sublink>
                <sublink>searchsd</sublink>
        </link>
        <animated_thumbnail></animated_thumbnail>
        <thumbnail>https://www.thetvdb.com/banners/_cache/posters/71569-2.jpg</thumbnail>
        <animated_fanart></animated_fanart>
        <fanart>https://www.thetvdb.com/banners/_cache/fanart/original/71569-2.jpg</fanart>
</item>

 <item>
        <title>Petticoat Junction S01E07 - The Ringer</title>
        <meta>
                <content>episode</content>
                <imdb>tt0674032</imdb>
                <tvdb>71569</tvdb>
                <tvshowtitle>Petticoat Junction</tvshowtitle>
                <year>1963</year>
                <title>The Ringer</title>
                <premiered>1963-11-05</premiered>
                <season>1</season>
                <episode>7</episode>
        </meta>
        <link>
		<sublink>search</sublink>
                <sublink>searchsd</sublink>
        </link>
        <animated_thumbnail></animated_thumbnail>
        <thumbnail>https://www.thetvdb.com/banners/_cache/posters/71569-2.jpg</thumbnail>
        <animated_fanart></animated_fanart>
        <fanart>https://www.thetvdb.com/banners/_cache/fanart/original/71569-2.jpg</fanart>
</item>
 <item>
        <title>Petticoat Junction S01E08 - Kate's Recipe for Hot Rhubarb</title>
        <meta>
                <content>episode</content>
                <imdb>tt0673963</imdb>
                <tvdb>71569</tvdb>
                <tvshowtitle>Petticoat Junction</tvshowtitle>
                <year>1963</year>
                <title>Kate's Recipe for Hot Rhubarb</title>
                <premiered>1963-11-12</premiered>
                <season>1</season>
                <episode>8</episode>
        </meta>
        <link>
		<sublink>search</sublink>
                <sublink>searchsd</sublink>
        </link>
        <animated_thumbnail></animated_thumbnail>
        <thumbnail>https://www.thetvdb.com/banners/_cache/posters/71569-2.jpg</thumbnail>
        <animated_fanart></animated_fanart>
        <fanart>https://www.thetvdb.com/banners/_cache/fanart/original/71569-2.jpg</fanart>
</item>

 <item>
        <title>Petticoat Junction S01E09 - The Little Train Robbery</title>
        <meta>
                <content>episode</content>
                <imdb>tt0674026</imdb>
                <tvdb>71569</tvdb>
                <tvshowtitle>Petticoat Junction</tvshowtitle>
                <year>1963</year>
                <title>The Little Train Robbery</title>
                <premiered>1963-11-19</premiered>
                <season>1</season>
                <episode>9</episode>
        </meta>
        <link>
		<sublink>search</sublink>
                <sublink>searchsd</sublink>
        </link>
        <animated_thumbnail></animated_thumbnail>
        <thumbnail>https://www.thetvdb.com/banners/_cache/posters/71569-2.jpg</thumbnail>
        <animated_fanart></animated_fanart>
        <fanart>https://www.thetvdb.com/banners/_cache/fanart/original/71569-2.jpg</fanart>
</item>

 <item>
        <title>Petticoat Junction S01E10 - Bedloe Strikes Again</title>
        <meta>
                <content>episode</content>
                <imdb>tt0673891</imdb>
                <tvdb>71569</tvdb>
                <tvshowtitle>Petticoat Junction</tvshowtitle>
                <year>1963</year>
                <title>Bedloe Strikes Again</title>
                <premiered>1963-11-26</premiered>
                <season>1</season>
                <episode>10</episode>
        </meta>
        <link>
		<sublink>search</sublink>
                <sublink>searchsd</sublink>
        </link>
        <animated_thumbnail></animated_thumbnail>
        <thumbnail>https://www.thetvdb.com/banners/_cache/posters/71569-2.jpg</thumbnail>
        <animated_fanart></animated_fanart>
        <fanart>https://www.thetvdb.com/banners/_cache/fanart/original/71569-2.jpg</fanart>
</item>
 <item>
        <title>Petticoat Junction S01E11 - Uncle Joe's Replacement</title>
        <meta>
                <content>episode</content>
                <imdb>tt0674053</imdb>
                <tvdb>71569</tvdb>
                <tvshowtitle>Petticoat Junction</tvshowtitle>
                <year>1963</year>
                <title>Uncle Joe's Replacement</title>
                <premiered>1963-12-03</premiered>
                <season>1</season>
                <episode>11</episode>
        </meta>
        <link>
		<sublink>search</sublink>
                <sublink>searchsd</sublink>
        </link>
        <animated_thumbnail></animated_thumbnail>
        <thumbnail>https://www.thetvdb.com/banners/_cache/posters/71569-2.jpg</thumbnail>
        <animated_fanart></animated_fanart>
        <fanart>https://www.thetvdb.com/banners/_cache/fanart/original/71569-2.jpg</fanart>
</item>

 <item>
        <title>Petticoat Junction S01E12 - Honeymoon Hotel</title>
        <meta>
                <content>episode</content>
                <imdb>tt0673934</imdb>
                <tvdb>71569</tvdb>
                <tvshowtitle>Petticoat Junction</tvshowtitle>
                <year>1963</year>
                <title>Honeymoon Hotel</title>
                <premiered>1963-12-10</premiered>
                <season>1</season>
                <episode>12</episode>
        </meta>
        <link>
		<sublink>search</sublink>
                <sublink>searchsd</sublink>
        </link>
        <animated_thumbnail></animated_thumbnail>
        <thumbnail>https://www.thetvdb.com/banners/_cache/posters/71569-2.jpg</thumbnail>
        <animated_fanart></animated_fanart>
        <fanart>https://www.thetvdb.com/banners/_cache/fanart/original/71569-2.jpg</fanart>
</item>

 <item>
        <title>Petticoat Junction S01E13 - A Night at the Hooterville Hilton</title>
        <meta>
                <content>episode</content>
                <imdb>tt0673883</imdb>
                <tvdb>71569</tvdb>
                <tvshowtitle>Petticoat Junction</tvshowtitle>
                <year>1963</year>
                <title>A Night at the Hooterville Hilton</title>
                <premiered>1963-12-17</premiered>
                <season>1</season>
                <episode>13</episode>
        </meta>
        <link>
		<sublink>search</sublink>
                <sublink>searchsd</sublink>
        </link>
        <animated_thumbnail></animated_thumbnail>
        <thumbnail>https://www.thetvdb.com/banners/_cache/posters/71569-2.jpg</thumbnail>
        <animated_fanart></animated_fanart>
        <fanart>https://www.thetvdb.com/banners/_cache/fanart/original/71569-2.jpg</fanart>
</item>

 <item>
        <title>Petticoat Junction S01E14 - Cannonball Christmas</title>
        <meta>
                <content>episode</content>
                <imdb>tt0673915</imdb>
                <tvdb>71569</tvdb>
                <tvshowtitle>Petticoat Junction</tvshowtitle>
                <year>1963</year>
                <title>Cannonball Christmas</title>
                <premiered>1963-12-24</premiered>
                <season>1</season>
                <episode>14</episode>
        </meta>
        <link>
		<sublink>search</sublink>
                <sublink>searchsd</sublink>
        </link>
        <animated_thumbnail></animated_thumbnail>
        <thumbnail>https://www.thetvdb.com/banners/_cache/posters/71569-2.jpg</thumbnail>
        <animated_fanart></animated_fanart>
        <fanart>https://www.thetvdb.com/banners/_cache/fanart/original/71569-2.jpg</fanart>
</item>

 <item>
        <title>Petticoat Junction S01E15 - Herbie Gets Drafted</title>
        <meta>
                <content>episode</content>
                <imdb>tt0827387</imdb>
                <tvdb>71569</tvdb>
                <tvshowtitle>Petticoat Junction</tvshowtitle>
                <year>1963</year>
                <title>Herbie Gets Drafted</title>
                <premiered>1963-12-31</premiered>
                <season>1</season>
                <episode>15</episode>
        </meta>
        <link>
		<sublink>search</sublink>
                <sublink>searchsd</sublink>
        </link>
        <animated_thumbnail></animated_thumbnail>
        <thumbnail>https://www.thetvdb.com/banners/_cache/posters/71569-2.jpg</thumbnail>
        <animated_fanart></animated_fanart>
        <fanart>https://www.thetvdb.com/banners/_cache/fanart/original/71569-2.jpg</fanart>
</item>

 <item>
        <title>Petticoat Junction S01E16 - Bobbie Jo and the Beatnik</title>
        <meta>
                <content>episode</content>
                <imdb>tt0673910</imdb>
                <tvdb>71569</tvdb>
                <tvshowtitle>Petticoat Junction</tvshowtitle>
                <year>1963</year>
                <title>Bobbie Jo and the Beatnik</title>
                <premiered>1964-01-07</premiered>
                <season>1</season>
                <episode>16</episode>
        </meta>
        <link>
		<sublink>search</sublink>
                <sublink>searchsd</sublink>
        </link>
        <animated_thumbnail></animated_thumbnail>
        <thumbnail>https://www.thetvdb.com/banners/_cache/posters/71569-2.jpg</thumbnail>
        <animated_fanart></animated_fanart>
        <fanart>https://www.thetvdb.com/banners/_cache/fanart/original/71569-2.jpg</fanart>
</item>

 <item>
        <title>Petticoat Junction S01E17 - My Daughter the Doctor</title>
        <meta>
                <content>episode</content>
                <imdb>tt0673974</imdb>
                <tvdb>71569</tvdb>
                <tvshowtitle>Petticoat Junction</tvshowtitle>
                <year>1963</year>
                <title>My Daughter the Doctor</title>
                <premiered>1964-01-14</premiered>
                <season>1</season>
                <episode>17</episode>
        </meta>
        <link>
		<sublink>search</sublink>
                <sublink>searchsd</sublink>
        </link>
        <animated_thumbnail></animated_thumbnail>
        <thumbnail>https://www.thetvdb.com/banners/_cache/posters/71569-2.jpg</thumbnail>
        <animated_fanart></animated_fanart>
        <fanart>https://www.thetvdb.com/banners/_cache/fanart/original/71569-2.jpg</fanart>
</item>

 <item>
        <title>Petticoat Junction S01E18 - Hooterville vs. Hollywood</title>
        <meta>
                <content>episode</content>
                <imdb>tt0673937</imdb>
                <tvdb>71569</tvdb>
                <tvshowtitle>Petticoat Junction</tvshowtitle>
                <year>1963</year>
                <title>Hooterville vs. Hollywood</title>
                <premiered>1964-01-21</premiered>
                <season>1</season>
                <episode>18</episode>
        </meta>
        <link>
		<sublink>search</sublink>
                <sublink>searchsd</sublink>
        </link>
        <animated_thumbnail></animated_thumbnail>
        <thumbnail>https://www.thetvdb.com/banners/_cache/posters/71569-2.jpg</thumbnail>
        <animated_fanart></animated_fanart>
        <fanart>https://www.thetvdb.com/banners/_cache/fanart/original/71569-2.jpg</fanart>
</item>

 <item>
        <title>Petticoat Junction S01E19 - Visit from a Big Star</title>
        <meta>
                <content>episode</content>
                <imdb>tt0674054</imdb>
                <tvdb>71569</tvdb>
                <tvshowtitle>Petticoat Junction</tvshowtitle>
                <year>1963</year>
                <title>Visit from a Big Star</title>
                <premiered>1964-01-28</premiered>
                <season>1</season>
                <episode>19</episode>
        </meta>
        <link>
		<sublink>search</sublink>
                <sublink>searchsd</sublink>
        </link>
        <animated_thumbnail></animated_thumbnail>
        <thumbnail>https://www.thetvdb.com/banners/_cache/posters/71569-2.jpg</thumbnail>
        <animated_fanart></animated_fanart>
        <fanart>https://www.thetvdb.com/banners/_cache/fanart/original/71569-2.jpg</fanart>
</item>

 <item>
        <title>Petticoat Junction S01E20 - Last Chance Farm</title>
        <meta>
                <content>episode</content>
                <imdb>tt0673965</imdb>
                <tvdb>71569</tvdb>
                <tvshowtitle>Petticoat Junction</tvshowtitle>
                <year>1963</year>
                <title>Last Chance Farm</title>
                <premiered>1964-02-04</premiered>
                <season>1</season>
                <episode>20</episode>
        </meta>
        <link>
		<sublink>search</sublink>
                <sublink>searchsd</sublink>
        </link>
        <animated_thumbnail></animated_thumbnail>
        <thumbnail>https://www.thetvdb.com/banners/_cache/posters/71569-2.jpg</thumbnail>
        <animated_fanart></animated_fanart>
        <fanart>https://www.thetvdb.com/banners/_cache/fanart/original/71569-2.jpg</fanart>
</item>

 <item>
        <title>Petticoat Junction S01E21 - The Very Old Antique</title>
        <meta>
                <content>episode</content>
                <imdb>tt0674041</imdb>
                <tvdb>71569</tvdb>
                <tvshowtitle>Petticoat Junction</tvshowtitle>
                <year>1963</year>
                <title>The Very Old Antique</title>
                <premiered>1964-02-11</premiered>
                <season>1</season>
                <episode>21</episode>
        </meta>
        <link>
		<sublink>search</sublink>
                <sublink>searchsd</sublink>
        </link>
        <animated_thumbnail></animated_thumbnail>
        <thumbnail>https://www.thetvdb.com/banners/_cache/posters/71569-2.jpg</thumbnail>
        <animated_fanart></animated_fanart>
        <fanart>https://www.thetvdb.com/banners/_cache/fanart/original/71569-2.jpg</fanart>
</item>

 <item>
        <title>Petticoat Junction S01E22 - The Art Game</title>
        <meta>
                <content>episode</content>
                <imdb>tt0673997</imdb>
                <tvdb>71569</tvdb>
                <tvshowtitle>Petticoat Junction</tvshowtitle>
                <year>1963</year>
                <title>The Art Game</title>
                <premiered>1964-02-18</premiered>
                <season>1</season>
                <episode>22</episode>
        </meta>
        <link>
		<sublink>search</sublink>
                <sublink>searchsd</sublink>
        </link>
        <animated_thumbnail></animated_thumbnail>
        <thumbnail>https://www.thetvdb.com/banners/_cache/posters/71569-2.jpg</thumbnail>
        <animated_fanart></animated_fanart>
        <fanart>https://www.thetvdb.com/banners/_cache/fanart/original/71569-2.jpg</fanart>
</item>

 <item>
        <title>Petticoat Junction S01E23 - Betty Jo's First Love</title>
        <meta>
                <content>episode</content>
                <imdb>tt0673902</imdb>
                <tvdb>71569</tvdb>
                <tvshowtitle>Petticoat Junction</tvshowtitle>
                <year>1963</year>
                <title>Betty Jo's First Love</title>
                <premiered>1964-02-25</premiered>
                <season>1</season>
                <episode>23</episode>
        </meta>
        <link>
		<sublink>search</sublink>
                <sublink>searchsd</sublink>
        </link>
        <animated_thumbnail></animated_thumbnail>
        <thumbnail>https://www.thetvdb.com/banners/_cache/posters/71569-2.jpg</thumbnail>
        <animated_fanart></animated_fanart>
        <fanart>https://www.thetvdb.com/banners/_cache/fanart/original/71569-2.jpg</fanart>
</item>

 <item>
        <title>Petticoat Junction S01E24 - Behind All Silver, There's a Cloud Lining</title>
        <meta>
                <content>episode</content>
                <imdb>tt0673896</imdb>
                <tvdb>71569</tvdb>
                <tvshowtitle>Petticoat Junction</tvshowtitle>
                <year>1963</year>
                <title>Behind All Silver, There's a Cloud Lining</title>
                <premiered>1964-03-03</premiered>
                <season>1</season>
                <episode>24</episode>
        </meta>
        <link>
		<sublink>search</sublink>
                <sublink>searchsd</sublink>
        </link>
        <animated_thumbnail></animated_thumbnail>
        <thumbnail>https://www.thetvdb.com/banners/_cache/posters/71569-2.jpg</thumbnail>
        <animated_fanart></animated_fanart>
        <fanart>https://www.thetvdb.com/banners/_cache/fanart/original/71569-2.jpg</fanart>
</item>

 <item>
        <title>Petticoat Junction S01E25 - The Talent Contest</title>
        <meta>
                <content>episode</content>
                <imdb>tt0674036</imdb>
                <tvdb>71569</tvdb>
                <tvshowtitle>Petticoat Junction</tvshowtitle>
                <year>1963</year>
                <title>The Talent Contest</title>
                <premiered>1964-03-10</premiered>
                <season>1</season>
                <episode>25</episode>
        </meta>
        <link>
		<sublink>search</sublink>
                <sublink>searchsd</sublink>
        </link>
        <animated_thumbnail></animated_thumbnail>
        <thumbnail>https://www.thetvdb.com/banners/_cache/posters/71569-2.jpg</thumbnail>
        <animated_fanart></animated_fanart>
        <fanart>https://www.thetvdb.com/banners/_cache/fanart/original/71569-2.jpg</fanart>
</item>

 <item>
        <title>Petticoat Junction S01E26 - Kate and the Manpower Problem</title>
        <meta>
                <content>episode</content>
                <imdb>tt0673955</imdb>
                <tvdb>71569</tvdb>
                <tvshowtitle>Petticoat Junction</tvshowtitle>
                <year>1963</year>
                <title>Kate and the Manpower Problem</title>
                <premiered>1964-03-17</premiered>
                <season>1</season>
                <episode>26</episode>
        </meta>
        <link>
		<sublink>search</sublink>
                <sublink>searchsd</sublink>
        </link>
        <animated_thumbnail></animated_thumbnail>
        <thumbnail>https://www.thetvdb.com/banners/_cache/posters/71569-2.jpg</thumbnail>
        <animated_fanart></animated_fanart>
        <fanart>https://www.thetvdb.com/banners/_cache/fanart/original/71569-2.jpg</fanart>
</item>

 <item>
        <title>Petticoat Junction S01E27 - The Ladybugs</title>
        <meta>
                <content>episode</content>
                <imdb>tt0674025</imdb>
                <tvdb>71569</tvdb>
                <tvshowtitle>Petticoat Junction</tvshowtitle>
                <year>1963</year>
                <title>The Ladybugs</title>
                <premiered>1964-03-24</premiered>
                <season>1</season>
                <episode>27</episode>
        </meta>
        <link>
		<sublink>search</sublink>
                <sublink>searchsd</sublink>
        </link>
        <animated_thumbnail></animated_thumbnail>
        <thumbnail>https://www.thetvdb.com/banners/_cache/posters/71569-2.jpg</thumbnail>
        <animated_fanart></animated_fanart>
        <fanart>https://www.thetvdb.com/banners/_cache/fanart/original/71569-2.jpg</fanart>
</item>

 <item>
        <title>Petticoat Junction S01E28 - The Hooterville Flivverball</title>
        <meta>
                <content>episode</content>
                <imdb>tt0674022</imdb>
                <tvdb>71569</tvdb>
                <tvshowtitle>Petticoat Junction</tvshowtitle>
                <year>1963</year>
                <title>The Hooterville Flivverball</title>
                <premiered>1964-03-31</premiered>
                <season>1</season>
                <episode>28</episode>
        </meta>
        <link>
		<sublink>search</sublink>
                <sublink>searchsd</sublink>
        </link>
        <animated_thumbnail></animated_thumbnail>
        <thumbnail>https://www.thetvdb.com/banners/_cache/posters/71569-2.jpg</thumbnail>
        <animated_fanart></animated_fanart>
        <fanart>https://www.thetvdb.com/banners/_cache/fanart/original/71569-2.jpg</fanart>
</item>

 <item>
        <title>Petticoat Junction S01E29 - Kate the Stockholder</title>
        <meta>
                <content>episode</content>
                <imdb>tt0673956</imdb>
                <tvdb>71569</tvdb>
                <tvshowtitle>Petticoat Junction</tvshowtitle>
                <year>1963</year>
                <title>Kate the Stockholder</title>
                <premiered>1964-04-07</premiered>
                <season>1</season>
                <episode>29</episode>
        </meta>
        <link>
		<sublink>search</sublink>
                <sublink>searchsd</sublink>
        </link>
        <animated_thumbnail></animated_thumbnail>
        <thumbnail>https://www.thetvdb.com/banners/_cache/posters/71569-2.jpg</thumbnail>
        <animated_fanart></animated_fanart>
        <fanart>https://www.thetvdb.com/banners/_cache/fanart/original/71569-2.jpg</fanart>
</item>

 <item>
        <title>Petticoat Junction S01E30 - Kate and the Dowager</title>
        <meta>
                <content>episode</content>
                <imdb>tt0673954</imdb>
                <tvdb>71569</tvdb>
                <tvshowtitle>Petticoat Junction</tvshowtitle>
                <year>1963</year>
                <title>Kate and the Dowager</title>
                <premiered>1964-04-14</premiered>
                <season>1</season>
                <episode>30</episode>
        </meta>
        <link>
		<sublink>search</sublink>
                <sublink>searchsd</sublink>
        </link>
        <animated_thumbnail></animated_thumbnail>
        <thumbnail>https://www.thetvdb.com/banners/_cache/posters/71569-2.jpg</thumbnail>
        <animated_fanart></animated_fanart>
        <fanart>https://www.thetvdb.com/banners/_cache/fanart/original/71569-2.jpg</fanart>
</item>

 <item>
        <title>Petticoat Junction S01E31 - Charley Abandons the Cannonball</title>
        <meta>
                <content>episode</content>
                <imdb>tt0673919</imdb>
                <tvdb>71569</tvdb>
                <tvshowtitle>Petticoat Junction</tvshowtitle>
                <year>1963</year>
                <title>Charley Abandons the Cannonball</title>
                <premiered>1964-04-21</premiered>
                <season>1</season>
                <episode>31</episode>
        </meta>
        <link>
		<sublink>search</sublink>
                <sublink>searchsd</sublink>
        </link>
        <animated_thumbnail></animated_thumbnail>
        <thumbnail>https://www.thetvdb.com/banners/_cache/posters/71569-2.jpg</thumbnail>
        <animated_fanart></animated_fanart>
        <fanart>https://www.thetvdb.com/banners/_cache/fanart/original/71569-2.jpg</fanart>
</item>

 <item>
        <title>Petticoat Junction S01E32 - Dog Days at Shady Rest</title>
        <meta>
                <content>episode</content>
                <imdb>tt0673921</imdb>
                <tvdb>71569</tvdb>
                <tvshowtitle>Petticoat Junction</tvshowtitle>
                <year>1963</year>
                <title>Dog Days at Shady Rest</title>
                <premiered>1964-04-28</premiered>
                <season>1</season>
                <episode>32</episode>
        </meta>
        <link>
		<sublink>search</sublink>
                <sublink>searchsd</sublink>
        </link>
        <animated_thumbnail></animated_thumbnail>
        <thumbnail>https://www.thetvdb.com/banners/_cache/posters/71569-2.jpg</thumbnail>
        <animated_fanart></animated_fanart>
        <fanart>https://www.thetvdb.com/banners/_cache/fanart/original/71569-2.jpg</fanart>
</item>

 <item>
        <title>Petticoat Junction S01E33 - A Millionaire for Kate</title>
        <meta>
                <content>episode</content>
                <imdb>tt0673881</imdb>
                <tvdb>71569</tvdb>
                <tvshowtitle>Petticoat Junction</tvshowtitle>
                <year>1963</year>
                <title>A Millionaire for Kate</title>
                <premiered>1964-05-05</premiered>
                <season>1</season>
                <episode>33</episode>
        </meta>
        <link>
		<sublink>search</sublink>
                <sublink>searchsd</sublink>
        </link>
        <animated_thumbnail></animated_thumbnail>
        <thumbnail>https://www.thetvdb.com/banners/_cache/posters/71569-2.jpg</thumbnail>
        <animated_fanart></animated_fanart>
        <fanart>https://www.thetvdb.com/banners/_cache/fanart/original/71569-2.jpg</fanart>
</item>

 <item>
        <title>Petticoat Junction S01E34 - Bedloe and Son</title>
        <meta>
                <content>episode</content>
                <imdb>tt0673892</imdb>
                <tvdb>71569</tvdb>
                <tvshowtitle>Petticoat Junction</tvshowtitle>
                <year>1963</year>
                <title>Bedloe and Son</title>
                <premiered>1964-05-12</premiered>
                <season>1</season>
                <episode>34</episode>
        </meta>
        <link>
		<sublink>search</sublink>
                <sublink>searchsd</sublink>
        </link>
        <animated_thumbnail></animated_thumbnail>
        <thumbnail>https://www.thetvdb.com/banners/_cache/posters/71569-2.jpg</thumbnail>
        <animated_fanart></animated_fanart>
        <fanart>https://www.thetvdb.com/banners/_cache/fanart/original/71569-2.jpg</fanart>
</item>

 <item>
        <title>Petticoat Junction S01E35 - Local Girl Makes Good</title>
        <meta>
                <content>episode</content>
                <imdb>tt0673967</imdb>
                <tvdb>71569</tvdb>
                <tvshowtitle>Petticoat Junction</tvshowtitle>
                <year>1963</year>
                <title>Local Girl Makes Good</title>
                <premiered>1964-05-19</premiered>
                <season>1</season>
                <episode>35</episode>
        </meta>
        <link>
		<sublink>search</sublink>
                <sublink>searchsd</sublink>
        </link>
        <animated_thumbnail></animated_thumbnail>
        <thumbnail>https://www.thetvdb.com/banners/_cache/posters/71569-2.jpg</thumbnail>
        <animated_fanart></animated_fanart>
        <fanart>https://www.thetvdb.com/banners/_cache/fanart/original/71569-2.jpg</fanart>
</item>

 <item>
        <title>Petticoat Junction S01E36 - Cave Woman</title>
        <meta>
                <content>episode</content>
                <imdb>tt0673918</imdb>
                <tvdb>71569</tvdb>
                <tvshowtitle>Petticoat Junction</tvshowtitle>
                <year>1963</year>
                <title>Cave Woman</title>
                <premiered>1964-05-26</premiered>
                <season>1</season>
                <episode>36</episode>
        </meta>
        <link>
		<sublink>search</sublink>
                <sublink>searchsd</sublink>
        </link>
        <animated_thumbnail></animated_thumbnail>
        <thumbnail>https://www.thetvdb.com/banners/_cache/posters/71569-2.jpg</thumbnail>
        <animated_fanart></animated_fanart>
        <fanart>https://www.thetvdb.com/banners/_cache/fanart/original/71569-2.jpg</fanart>
</item>

 <item>
        <title>Petticoat Junction S01E37 - Kate Flat on Her Back</title>
        <meta>
                <content>episode</content>
                <imdb>tt0673952</imdb>
                <tvdb>71569</tvdb>
                <tvshowtitle>Petticoat Junction</tvshowtitle>
                <year>1963</year>
                <title>Kate Flat on Her Back</title>
                <premiered>1964-06-02</premiered>
                <season>1</season>
                <episode>37</episode>
        </meta>
        <link>
		<sublink>search</sublink>
                <sublink>searchsd</sublink>
        </link>
        <animated_thumbnail></animated_thumbnail>
        <thumbnail>https://www.thetvdb.com/banners/_cache/posters/71569-2.jpg</thumbnail>
        <animated_fanart></animated_fanart>
        <fanart>https://www.thetvdb.com/banners/_cache/fanart/original/71569-2.jpg</fanart>
</item>

 <item>
        <title>Petticoat Junction S01E38 - The Genghis Keane Story</title>
        <meta>
                <content>episode</content>
                <imdb>tt0674014</imdb>
                <tvdb>71569</tvdb>
                <tvshowtitle>Petticoat Junction</tvshowtitle>
                <year>1963</year>
                <title>The Genghis Keane Story</title>
                <premiered>1964-06-09</premiered>
                <season>1</season>
                <episode>38</episode>
        </meta>
        <link>
		<sublink>search</sublink>
                <sublink>searchsd</sublink>
        </link>
        <animated_thumbnail></animated_thumbnail>
        <thumbnail>https://www.thetvdb.com/banners/_cache/posters/71569-2.jpg</thumbnail>
        <animated_fanart></animated_fanart>
        <fanart>https://www.thetvdb.com/banners/_cache/fanart/original/71569-2.jpg</fanart>
</item>

