########################
<poster>Welcome Back, Kotter</poster>
<thumbnail></thumbnail>
<fanart></fanart>
#############################

<dir>
        <name>Season 1</name>
        <meta>
                <content>season</content>
                <imdb>tt0072582</imdb>
                <tvdb>78572</tvdb>
                <tvshowtitle>Welcome Back, Kotter</tvshowtitle>
                <year>1975</year>
                <season>1</season>
        </meta>
        <link>https://raw.githubusercontent.com/Doggmatic71/maddogg/master/plugin.video.laughtraxx/plugin.video.laughtraxx/resources/kotter1.xml</link>
        <thumbnail>https://www.thetvdb.com/banners/_cache/seasons/78572-1-3.jpg</thumbnail>
</dir>

<dir>		
        <name>Season 2</name>
        <meta>
                <content>season</content>
                <imdb>tt0072582</imdb>
                <tvdb>78572</tvdb>
                <tvshowtitle>Welcome Back, Kotter</tvshowtitle>
                <year>1975</year>
                <season>2</season>
        </meta>
        <link></link>
        <thumbnail>https://www.thetvdb.com/banners/_cache/seasons/78572-2-2.jpg</thumbnail>		
</dir>

<dir>		
        <name>Season 3</name>
        <meta>
                <content>season</content>
                <imdb>tt0072582</imdb>
                <tvdb>78572</tvdb>
                <tvshowtitle>Welcome Back, Kotter</tvshowtitle>
                <year>1975</year>
                <season>3</season>
        </meta>
        <link></link>
        <thumbnail>https://www.thetvdb.com/banners/_cache/seasons/78572-3-2.jpg</thumbnail>		
</dir>

<dir>		
        <name>Season 4</name>
        <meta>
                <content>season</content>
                <imdb>tt0072582</imdb>
                <tvdb>78572</tvdb>
                <tvshowtitle>Welcome Back, Kotter</tvshowtitle>
                <year>1975</year>
                <season>4</season>
        </meta>
        <link></link>
        <thumbnail>https://www.thetvdb.com/banners/_cache/seasons/78572-4-2.jpg</thumbnail>		
</dir>
