########################
<poster>Season 1</poster>
<thumbnail></thumbnail>
<fanart></fanart>
########################

 <item>
        <title>Welcome Back, Kotter S01E01 - The Great Debate</title>
        <meta>
                <content>episode</content>
                <imdb></imdb>
                <tvdb>78572</tvdb>
                <tvshowtitle>Welcome Back, Kotter</tvshowtitle>
                <year>1975</year>
                <title>The Great Debate</title>
                <premiered>1975-09-09</premiered>
                <season>1</season>
                <episode>1</episode>
        </meta>
        <link>
		<sublink>search</sublink>
                <sublink>searchsd</sublink>
        </link>
        <animated_thumbnail></animated_thumbnail>
        <thumbnail>https://www.thetvdb.com/banners/_cache/posters/78572-1.jpg</thumbnail>
        <animated_fanart></animated_fanart>
        <fanart>https://www.thetvdb.com/banners/_cache/fanart/original/78572-7.jpg</fanart>
</item>

 <item>
        <title>Welcome Back, Kotter S01E02 - Basket Case</title>
        <meta>
                <content>episode</content>
                <imdb></imdb>
                <tvdb>78572</tvdb>
                <tvshowtitle>Welcome Back, Kotter</tvshowtitle>
                <year>1975</year>
                <title>Basket Case</title>
                <premiered>1975-09-16</premiered>
                <season>1</season>
                <episode>2</episode>
        </meta>
        <link>
		<sublink>search</sublink>
                <sublink>searchsd</sublink>
        </link>
        <animated_thumbnail></animated_thumbnail>
        <thumbnail>https://www.thetvdb.com/banners/_cache/posters/78572-1.jpg</thumbnail>
        <animated_fanart></animated_fanart>
        <fanart>https://www.thetvdb.com/banners/_cache/fanart/original/78572-7.jpg</fanart>
</item>

 <item>
        <title>Welcome Back, Kotter S01E03 - Welcome Back (pilot)</title>
        <meta>
                <content>episode</content>
                <imdb></imdb>
                <tvdb>78572</tvdb>
                <tvshowtitle>Welcome Back, Kotter</tvshowtitle>
                <year>1975</year>
                <title>Welcome Back (pilot)</title>
                <premiered>1975-09-23</premiered>
                <season>1</season>
                <episode>3</episode>
        </meta>
        <link>
		<sublink>search</sublink>
                <sublink>searchsd</sublink>
        </link>
        <animated_thumbnail></animated_thumbnail>
        <thumbnail>https://www.thetvdb.com/banners/_cache/posters/78572-1.jpg</thumbnail>
        <animated_fanart></animated_fanart>
        <fanart>https://www.thetvdb.com/banners/_cache/fanart/original/78572-7.jpg</fanart>
</item>

 <item>
        <title>Welcome Back, Kotter S01E04 - Whodunit?</title>
        <meta>
                <content>episode</content>
                <imdb></imdb>
                <tvdb>78572</tvdb>
                <tvshowtitle>Welcome Back, Kotter</tvshowtitle>
                <year>1975</year>
                <title>Whodunit?</title>
                <premiered>1975-09-30</premiered>
                <season>1</season>
                <episode>4</episode>
        </meta>
        <link>
		<sublink>search</sublink>
                <sublink>searchsd</sublink>
        </link>
        <animated_thumbnail></animated_thumbnail>
        <thumbnail>https://www.thetvdb.com/banners/_cache/posters/78572-1.jpg</thumbnail>
        <animated_fanart></animated_fanart>
        <fanart>https://www.thetvdb.com/banners/_cache/fanart/original/78572-7.jpg</fanart>
</item>

 <item>
        <title>Welcome Back, Kotter S01E05 - The Election</title>
        <meta>
                <content>episode</content>
                <imdb></imdb>
                <tvdb>78572</tvdb>
                <tvshowtitle>Welcome Back, Kotter</tvshowtitle>
                <year>1975</year>
                <title>The Election</title>
                <premiered>1975-10-07</premiered>
                <season>1</season>
                <episode>5</episode>
        </meta>
        <link>
		<sublink>search</sublink>
                <sublink>searchsd</sublink>
        </link>
        <animated_thumbnail></animated_thumbnail>
        <thumbnail>https://www.thetvdb.com/banners/_cache/posters/78572-1.jpg</thumbnail>
        <animated_fanart></animated_fanart>
        <fanart>https://www.thetvdb.com/banners/_cache/fanart/original/78572-7.jpg</fanart>
</item>

 <item>
        <title>Welcome Back, Kotter S01E06 - No More Mister Nice Guy</title>
        <meta>
                <content>episode</content>
                <imdb></imdb>
                <tvdb>78572</tvdb>
                <tvshowtitle>Welcome Back, Kotter</tvshowtitle>
                <year>1975</year>
                <title>No More Mister Nice Guy</title>
                <premiered>1975-10-14</premiered>
                <season>1</season>
                <episode>6</episode>
        </meta>
        <link>
		<sublink>search</sublink>
                <sublink>searchsd</sublink>
        </link>
        <animated_thumbnail></animated_thumbnail>
        <thumbnail>https://www.thetvdb.com/banners/_cache/posters/78572-1.jpg</thumbnail>
        <animated_fanart></animated_fanart>
        <fanart>https://www.thetvdb.com/banners/_cache/fanart/original/78572-7.jpg</fanart>
</item>

 <item>
        <title>Welcome Back, Kotter S01E07 - Classroom Marriage</title>
        <meta>
                <content>episode</content>
                <imdb></imdb>
                <tvdb>78572</tvdb>
                <tvshowtitle>Welcome Back, Kotter</tvshowtitle>
                <year>1975</year>
                <title>Classroom Marriage</title>
                <premiered>1975-10-21</premiered>
                <season>1</season>
                <episode>7</episode>
        </meta>
        <link>
		<sublink>search</sublink>
                <sublink>searchsd</sublink>
        </link>
        <animated_thumbnail></animated_thumbnail>
        <thumbnail>https://www.thetvdb.com/banners/_cache/posters/78572-1.jpg</thumbnail>
        <animated_fanart></animated_fanart>
        <fanart>https://www.thetvdb.com/banners/_cache/fanart/original/78572-7.jpg</fanart>
</item>

 <item>
        <title>Welcome Back, Kotter S01E08 - One of Our Sweathogs Is Missing</title>
        <meta>
                <content>episode</content>
                <imdb></imdb>
                <tvdb>78572</tvdb>
                <tvshowtitle>Welcome Back, Kotter</tvshowtitle>
                <year>1975</year>
                <title>One of Our Sweathogs Is Missing</title>
                <premiered>1975-10-28</premiered>
                <season>1</season>
                <episode>8</episode>
        </meta>
        <link>
		<sublink>search</sublink>
                <sublink>searchsd</sublink>
        </link>
        <animated_thumbnail></animated_thumbnail>
        <thumbnail>https://www.thetvdb.com/banners/_cache/posters/78572-1.jpg</thumbnail>
        <animated_fanart></animated_fanart>
        <fanart>https://www.thetvdb.com/banners/_cache/fanart/original/78572-7.jpg</fanart>
</item>

 <item>
        <title>Welcome Back, Kotter S01E09 - Mr. Kotter, Teacher</title>
        <meta>
                <content>episode</content>
                <imdb></imdb>
                <tvdb>78572</tvdb>
                <tvshowtitle>Welcome Back, Kotter</tvshowtitle>
                <year>1975</year>
                <title>Mr. Kotter, Teacher</title>
                <premiered>1975-11-04</premiered>
                <season>1</season>
                <episode>9</episode>
        </meta>
        <link>
		<sublink>search</sublink>
                <sublink>searchsd</sublink>
        </link>
        <animated_thumbnail></animated_thumbnail>
        <thumbnail>https://www.thetvdb.com/banners/_cache/posters/78572-1.jpg</thumbnail>
        <animated_fanart></animated_fanart>
        <fanart>https://www.thetvdb.com/banners/_cache/fanart/original/78572-7.jpg</fanart>
</item>

 <item>
        <title>Welcome Back, Kotter S01E10 - The Reunion</title>
        <meta>
                <content>episode</content>
                <imdb></imdb>
                <tvdb>78572</tvdb>
                <tvshowtitle>Welcome Back, Kotter</tvshowtitle>
                <year>1975</year>
                <title>The Reunion</title>
                <premiered>1975-11-18</premiered>
                <season>1</season>
                <episode>10</episode>
        </meta>
        <link>
		<sublink>search</sublink>
                <sublink>searchsd</sublink>
        </link>
        <animated_thumbnail></animated_thumbnail>
        <thumbnail>https://www.thetvdb.com/banners/_cache/posters/78572-1.jpg</thumbnail>
        <animated_fanart></animated_fanart>
        <fanart>https://www.thetvdb.com/banners/_cache/fanart/original/78572-7.jpg</fanart>
</item>

 <item>
        <title>Welcome Back, Kotter S01E11 - Barbarino's Girl</title>
        <meta>
                <content>episode</content>
                <imdb></imdb>
                <tvdb>78572</tvdb>
                <tvshowtitle>Welcome Back, Kotter</tvshowtitle>
                <year>1975</year>
                <title>Barbarino's Girl</title>
                <premiered>1975-11-25</premiered>
                <season>1</season>
                <episode>11</episode>
        </meta>
        <link>
		<sublink>search</sublink>
                <sublink>searchsd</sublink>
        </link>
        <animated_thumbnail></animated_thumbnail>
        <thumbnail>https://www.thetvdb.com/banners/_cache/posters/78572-1.jpg</thumbnail>
        <animated_fanart></animated_fanart>
        <fanart>https://www.thetvdb.com/banners/_cache/fanart/original/78572-7.jpg</fanart>
</item>

 <item>
        <title>Welcome Back, Kotter S01E12 - California Dreamin'</title>
        <meta>
                <content>episode</content>
                <imdb></imdb>
                <tvdb>78572</tvdb>
                <tvshowtitle>Welcome Back, Kotter</tvshowtitle>
                <year>1975</year>
                <title>California Dreamin'</title>
                <premiered>1975-12-02</premiered>
                <season>1</season>
                <episode>12</episode>
        </meta>
        <link>
		<sublink>search</sublink>
                <sublink>searchsd</sublink>
        </link>
        <animated_thumbnail></animated_thumbnail>
        <thumbnail>https://www.thetvdb.com/banners/_cache/posters/78572-1.jpg</thumbnail>
        <animated_fanart></animated_fanart>
        <fanart>https://www.thetvdb.com/banners/_cache/fanart/original/78572-7.jpg</fanart>
</item>

 <item>
        <title>Welcome Back, Kotter S01E13 - Arrividerci, Arnold</title>
        <meta>
                <content>episode</content>
                <imdb></imdb>
                <tvdb>78572</tvdb>
                <tvshowtitle>Welcome Back, Kotter</tvshowtitle>
                <year>1975</year>
                <title>Arrividerci, Arnold</title>
                <premiered>1975-12-16</premiered>
                <season>1</season>
                <episode>13</episode>
        </meta>
        <link>
		<sublink>search</sublink>
                <sublink>searchsd</sublink>
        </link>
        <animated_thumbnail></animated_thumbnail>
        <thumbnail>https://www.thetvdb.com/banners/_cache/posters/78572-1.jpg</thumbnail>
        <animated_fanart></animated_fanart>
        <fanart>https://www.thetvdb.com/banners/_cache/fanart/original/78572-7.jpg</fanart>
</item>

 <item>
        <title>Welcome Back, Kotter S01E14 - The Longest Weekend</title>
        <meta>
                <content>episode</content>
                <imdb></imdb>
                <tvdb>78572</tvdb>
                <tvshowtitle>Welcome Back, Kotter</tvshowtitle>
                <year>1975</year>
                <title>The Longest Weekend</title>
                <premiered>1976-01-06</premiered>
                <season>1</season>
                <episode>14</episode>
        </meta>
        <link>
		<sublink>search</sublink>
                <sublink>searchsd</sublink>
        </link>
        <animated_thumbnail></animated_thumbnail>
        <thumbnail>https://www.thetvdb.com/banners/_cache/posters/78572-1.jpg</thumbnail>
        <animated_fanart></animated_fanart>
        <fanart>https://www.thetvdb.com/banners/_cache/fanart/original/78572-7.jpg</fanart>
</item>

 <item>
        <title>Welcome Back, Kotter S01E15 - The Sit-In</title>
        <meta>
                <content>episode</content>
                <imdb></imdb>
                <tvdb>78572</tvdb>
                <tvshowtitle>Welcome Back, Kotter</tvshowtitle>
                <year>1975</year>
                <title>The Sit-In</title>
                <premiered>1976-01-13</premiered>
                <season>1</season>
                <episode>15</episode>
        </meta>
        <link>
		<sublink>search</sublink>
                <sublink>searchsd</sublink>
        </link>
        <animated_thumbnail></animated_thumbnail>
        <thumbnail>https://www.thetvdb.com/banners/_cache/posters/78572-1.jpg</thumbnail>
        <animated_fanart></animated_fanart>
        <fanart>https://www.thetvdb.com/banners/_cache/fanart/original/78572-7.jpg</fanart>
</item>

 <item>
        <title>Welcome Back, Kotter S01E16 - Follow the Leader (Part 1)</title>
        <meta>
                <content>episode</content>
                <imdb></imdb>
                <tvdb>78572</tvdb>
                <tvshowtitle>Welcome Back, Kotter</tvshowtitle>
                <year>1975</year>
                <title>Follow the Leader (Part 1)</title>
                <premiered>1976-01-20</premiered>
                <season>1</season>
                <episode>16</episode>
        </meta>
        <link>
		<sublink>search</sublink>
                <sublink>searchsd</sublink>
        </link>
        <animated_thumbnail></animated_thumbnail>
        <thumbnail>https://www.thetvdb.com/banners/_cache/posters/78572-1.jpg</thumbnail>
        <animated_fanart></animated_fanart>
        <fanart>https://www.thetvdb.com/banners/_cache/fanart/original/78572-7.jpg</fanart>
</item>

 <item>
        <title>Welcome Back, Kotter S01E17 - Follow the Leader (Part 2)</title>
        <meta>
                <content>episode</content>
                <imdb></imdb>
                <tvdb>78572</tvdb>
                <tvshowtitle>Welcome Back, Kotter</tvshowtitle>
                <year>1975</year>
                <title>Follow the Leader (Part 2)</title>
                <premiered>1976-01-22</premiered>
                <season>1</season>
                <episode>17</episode>
        </meta>
        <link>
		<sublink>search</sublink>
                <sublink>searchsd</sublink>
        </link>
        <animated_thumbnail></animated_thumbnail>
        <thumbnail>https://www.thetvdb.com/banners/_cache/posters/78572-1.jpg</thumbnail>
        <animated_fanart></animated_fanart>
        <fanart>https://www.thetvdb.com/banners/_cache/fanart/original/78572-7.jpg</fanart>
</item>

 <item>
        <title>Welcome Back, Kotter S01E18 - Dr. Epstein, I Presume</title>
        <meta>
                <content>episode</content>
                <imdb></imdb>
                <tvdb>78572</tvdb>
                <tvshowtitle>Welcome Back, Kotter</tvshowtitle>
                <year>1975</year>
                <title>Dr. Epstein, I Presume</title>
                <premiered>1976-01-29</premiered>
                <season>1</season>
                <episode>18</episode>
        </meta>
        <link>
		<sublink>search</sublink>
                <sublink>searchsd</sublink>
        </link>
        <animated_thumbnail></animated_thumbnail>
        <thumbnail>https://www.thetvdb.com/banners/_cache/posters/78572-1.jpg</thumbnail>
        <animated_fanart></animated_fanart>
        <fanart>https://www.thetvdb.com/banners/_cache/fanart/original/78572-7.jpg</fanart>
</item>

 <item>
        <title>Welcome Back, Kotter S01E19 - One Flu Over the Cuckoo's Nest</title>
        <meta>
                <content>episode</content>
                <imdb></imdb>
                <tvdb>78572</tvdb>
                <tvshowtitle>Welcome Back, Kotter</tvshowtitle>
                <year>1975</year>
                <title>One Flu Over the Cuckoo's Nest</title>
                <premiered>1976-02-05</premiered>
                <season>1</season>
                <episode>19</episode>
        </meta>
        <link>
		<sublink>search</sublink>
                <sublink>searchsd</sublink>
        </link>
        <animated_thumbnail></animated_thumbnail>
        <thumbnail>https://www.thetvdb.com/banners/_cache/posters/78572-1.jpg</thumbnail>
        <animated_fanart></animated_fanart>
        <fanart>https://www.thetvdb.com/banners/_cache/fanart/original/78572-7.jpg</fanart>
</item>

 <item>
        <title>Welcome Back, Kotter S01E20 - The Telethon</title>
        <meta>
                <content>episode</content>
                <imdb></imdb>
                <tvdb>78572</tvdb>
                <tvshowtitle>Welcome Back, Kotter</tvshowtitle>
                <year>1975</year>
                <title>The Telethon</title>
                <premiered>1976-02-12</premiered>
                <season>1</season>
                <episode>20</episode>
        </meta>
        <link>
		<sublink>search</sublink>
                <sublink>searchsd</sublink>
        </link>
        <animated_thumbnail></animated_thumbnail>
        <thumbnail>https://www.thetvdb.com/banners/_cache/posters/78572-1.jpg</thumbnail>
        <animated_fanart></animated_fanart>
        <fanart>https://www.thetvdb.com/banners/_cache/fanart/original/78572-7.jpg</fanart>
</item>

 <item>
        <title>Welcome Back, Kotter S01E21 - Kotter Makes Good</title>
        <meta>
                <content>episode</content>
                <imdb></imdb>
                <tvdb>78572</tvdb>
                <tvshowtitle>Welcome Back, Kotter</tvshowtitle>
                <year>1975</year>
                <title>Kotter Makes Good</title>
                <premiered>1976-02-19</premiered>
                <season>1</season>
                <episode>21</episode>
        </meta>
        <link>
		<sublink>search</sublink>
                <sublink>searchsd</sublink>
        </link>
        <animated_thumbnail></animated_thumbnail>
        <thumbnail>https://www.thetvdb.com/banners/_cache/posters/78572-1.jpg</thumbnail>
        <animated_fanart></animated_fanart>
        <fanart>https://www.thetvdb.com/banners/_cache/fanart/original/78572-7.jpg</fanart>
</item>

 <item>
        <title>Welcome Back, Kotter S01E22 - Father Vinnie</title>
        <meta>
                <content>episode</content>
                <imdb></imdb>
                <tvdb>78572</tvdb>
                <tvshowtitle>Welcome Back, Kotter</tvshowtitle>
                <year>1975</year>
                <title>Father Vinnie</title>
                <premiered>1976-02-26</premiered>
                <season>1</season>
                <episode>22</episode>
        </meta>
        <link>
		<sublink>search</sublink>
                <sublink>searchsd</sublink>
        </link>
        <animated_thumbnail></animated_thumbnail>
        <thumbnail>https://www.thetvdb.com/banners/_cache/posters/78572-1.jpg</thumbnail>
        <animated_fanart></animated_fanart>
        <fanart>https://www.thetvdb.com/banners/_cache/fanart/original/78572-7.jpg</fanart>
</item>
