########################
<poster>Season 1</poster>
<thumbnail></thumbnail>
<fanart></fanart>
########################

 <item>
        <title>Laverne & Shirley S01E01 - The Society Party</title>
        <meta>
                <content>episode</content>
                <imdb></imdb>
                <tvdb>78017</tvdb>
                <tvshowtitle>Laverne & Shirley</tvshowtitle>
                <year>1976</year>
                <title>The Society Party</title>
                <premiered>1976-01-27</premiered>
                <season>1</season>
                <episode>1</episode>
        </meta>
        <link>
		<sublink>search</sublink>
                <sublink>searchsd</sublink>
        </link>
        <animated_thumbnail></animated_thumbnail>
        <thumbnail>https://www.thetvdb.com/banners/_cache/posters/78017-2.jpg</thumbnail>
        <animated_fanart></animated_fanart>
        <fanart>https://www.thetvdb.com/banners/_cache/fanart/original/78017-4.jpg</fanart>
</item>

 <item>
        <title>Laverne & Shirley S01E02 - The Bachelor Party</title>
        <meta>
                <content>episode</content>
                <imdb></imdb>
                <tvdb>78017</tvdb>
                <tvshowtitle>Laverne & Shirley</tvshowtitle>
                <year>1976</year>
                <title>The Bachelor Party</title>
                <premiered>1976-02-03</premiered>
                <season>1</season>
                <episode>2</episode>
        </meta>
        <link>
		<sublink>search</sublink>
                <sublink>searchsd</sublink>
        </link>
        <animated_thumbnail></animated_thumbnail>
        <thumbnail>https://www.thetvdb.com/banners/_cache/posters/78017-2.jpg</thumbnail>
        <animated_fanart></animated_fanart>
        <fanart>https://www.thetvdb.com/banners/_cache/fanart/original/78017-4.jpg</fanart>
</item>

 <item>
        <title>Laverne & Shirley S01E03 - Bowling for Razzberries</title>
        <meta>
                <content>episode</content>
                <imdb></imdb>
                <tvdb>78017</tvdb>
                <tvshowtitle>Laverne & Shirley</tvshowtitle>
                <year>1976</year>
                <title>Bowling for Razzberries</title>
                <premiered>1976-02-10</premiered>
                <season>1</season>
                <episode>3</episode>
        </meta>
        <link>
		<sublink>search</sublink>
                <sublink>searchsd</sublink>
        </link>
        <animated_thumbnail></animated_thumbnail>
        <thumbnail>https://www.thetvdb.com/banners/_cache/posters/78017-2.jpg</thumbnail>
        <animated_fanart></animated_fanart>
        <fanart>https://www.thetvdb.com/banners/_cache/fanart/original/78017-4.jpg</fanart>
</item>

 <item>
        <title>Laverne & Shirley S01E04 - A Nun's Story</title>
        <meta>
                <content>episode</content>
                <imdb></imdb>
                <tvdb>78017</tvdb>
                <tvshowtitle>Laverne & Shirley</tvshowtitle>
                <year>1976</year>
                <title>A Nun's Story</title>
                <premiered>1976-02-24</premiered>
                <season>1</season>
                <episode>4</episode>
        </meta>
        <link>
		<sublink>search</sublink>
                <sublink>searchsd</sublink>
        </link>
        <animated_thumbnail></animated_thumbnail>
        <thumbnail>https://www.thetvdb.com/banners/_cache/posters/78017-2.jpg</thumbnail>
        <animated_fanart></animated_fanart>
        <fanart>https://www.thetvdb.com/banners/_cache/fanart/original/78017-4.jpg</fanart>
</item>

 <item>
        <title>Laverne & Shirley S01E05 - Falter at the Altar</title>
        <meta>
                <content>episode</content>
                <imdb></imdb>
                <tvdb>78017</tvdb>
                <tvshowtitle>Laverne & Shirley</tvshowtitle>
                <year>1976</year>
                <title>Falter at the Altar</title>
                <premiered>1976-03-02</premiered>
                <season>1</season>
                <episode>5</episode>
        </meta>
        <link>
		<sublink>search</sublink>
                <sublink>searchsd</sublink>
        </link>
        <animated_thumbnail></animated_thumbnail>
        <thumbnail>https://www.thetvdb.com/banners/_cache/posters/78017-2.jpg</thumbnail>
        <animated_fanart></animated_fanart>
        <fanart>https://www.thetvdb.com/banners/_cache/fanart/original/78017-4.jpg</fanart>
</item>

 <item>
        <title>Laverne & Shirley S01E06 - Dog Day Blind Dates</title>
        <meta>
                <content>episode</content>
                <imdb></imdb>
                <tvdb>78017</tvdb>
                <tvshowtitle>Laverne & Shirley</tvshowtitle>
                <year>1976</year>
                <title>Dog Day Blind Dates</title>
                <premiered>1976-03-09</premiered>
                <season>1</season>
                <episode>6</episode>
        </meta>
        <link>
		<sublink>search</sublink>
                <sublink>searchsd</sublink>
        </link>
        <animated_thumbnail></animated_thumbnail>
        <thumbnail>https://www.thetvdb.com/banners/_cache/posters/78017-2.jpg</thumbnail>
        <animated_fanart></animated_fanart>
        <fanart>https://www.thetvdb.com/banners/_cache/fanart/original/78017-4.jpg</fanart>
</item>

 <item>
        <title>Laverne & Shirley S01E07 - Once Upon a Rumor</title>
        <meta>
                <content>episode</content>
                <imdb></imdb>
                <tvdb>78017</tvdb>
                <tvshowtitle>Laverne & Shirley</tvshowtitle>
                <year>1976</year>
                <title>Once Upon a Rumor</title>
                <premiered>1976-03-16</premiered>
                <season>1</season>
                <episode>7</episode>
        </meta>
        <link>
		<sublink>search</sublink>
                <sublink>searchsd</sublink>
        </link>
        <animated_thumbnail></animated_thumbnail>
        <thumbnail>https://www.thetvdb.com/banners/_cache/posters/78017-2.jpg</thumbnail>
        <animated_fanart></animated_fanart>
        <fanart>https://www.thetvdb.com/banners/_cache/fanart/original/78017-4.jpg</fanart>
</item>
 <item>
        <title>Laverne & Shirley S01E08 - One Flew Over Milwaukee</title>
        <meta>
                <content>episode</content>
                <imdb></imdb>
                <tvdb>78017</tvdb>
                <tvshowtitle>Laverne & Shirley</tvshowtitle>
                <year>1976</year>
                <title>One Flew Over Milwaukee</title>
                <premiered>1976-03-23</premiered>
                <season>1</season>
                <episode>8</episode>
        </meta>
        <link>
		<sublink>search</sublink>
                <sublink>searchsd</sublink>
        </link>
        <animated_thumbnail></animated_thumbnail>
        <thumbnail>https://www.thetvdb.com/banners/_cache/posters/78017-2.jpg</thumbnail>
        <animated_fanart></animated_fanart>
        <fanart>https://www.thetvdb.com/banners/_cache/fanart/original/78017-4.jpg</fanart>
</item>

 <item>
        <title>Laverne & Shirley S01E09 - Dating Slump</title>
        <meta>
                <content>episode</content>
                <imdb></imdb>
                <tvdb>78017</tvdb>
                <tvshowtitle>Laverne & Shirley</tvshowtitle>
                <year>1976</year>
                <title>Dating Slump</title>
                <premiered>1976-03-30</premiered>
                <season>1</season>
                <episode>9</episode>
        </meta>
        <link>
		<sublink>search</sublink>
                <sublink>searchsd</sublink>
        </link>
        <animated_thumbnail></animated_thumbnail>
        <thumbnail>https://www.thetvdb.com/banners/_cache/posters/78017-2.jpg</thumbnail>
        <animated_fanart></animated_fanart>
        <fanart>https://www.thetvdb.com/banners/_cache/fanart/original/78017-4.jpg</fanart>
</item>

 <item>
        <title>Laverne & Shirley S01E10 - It's the Water</title>
        <meta>
                <content>episode</content>
                <imdb></imdb>
                <tvdb>78017</tvdb>
                <tvshowtitle>Laverne & Shirley</tvshowtitle>
                <year>1976</year>
                <title>It's the Water</title>
                <premiered>1976-04-06</premiered>
                <season>1</season>
                <episode>10</episode>
        </meta>
        <link>
		<sublink>search</sublink>
                <sublink>searchsd</sublink>
        </link>
        <animated_thumbnail></animated_thumbnail>
        <thumbnail>https://www.thetvdb.com/banners/_cache/posters/78017-2.jpg</thumbnail>
        <animated_fanart></animated_fanart>
        <fanart>https://www.thetvdb.com/banners/_cache/fanart/original/78017-4.jpg</fanart>
</item>

 <item>
        <title>Laverne & Shirley S01E11 - Fakeout at the Stakeout</title>
        <meta>
                <content>episode</content>
                <imdb></imdb>
                <tvdb>78017</tvdb>
                <tvshowtitle>Laverne & Shirley</tvshowtitle>
                <year>1976</year>
                <title>Fakeout at the Stakeout</title>
                <premiered>1976-04-13</premiered>
                <season>1</season>
                <episode>11</episode>
        </meta>
        <link>
		<sublink>search</sublink>
                <sublink>searchsd</sublink>
        </link>
        <animated_thumbnail></animated_thumbnail>
        <thumbnail>https://www.thetvdb.com/banners/_cache/posters/78017-2.jpg</thumbnail>
        <animated_fanart></animated_fanart>
        <fanart>https://www.thetvdb.com/banners/_cache/fanart/original/78017-4.jpg</fanart>
</item>

 <item>
        <title>Laverne & Shirley S01E12 - Hi, Neighbor</title>
        <meta>
                <content>episode</content>
                <imdb></imdb>
                <tvdb>78017</tvdb>
                <tvshowtitle>Laverne & Shirley</tvshowtitle>
                <year>1976</year>
                <title>Hi, Neighbor</title>
                <premiered>1976-04-27</premiered>
                <season>1</season>
                <episode>12</episode>
        </meta>
        <link>
		<sublink>search</sublink>
                <sublink>searchsd</sublink>
        </link>
        <animated_thumbnail></animated_thumbnail>
        <thumbnail>https://www.thetvdb.com/banners/_cache/posters/78017-2.jpg</thumbnail>
        <animated_fanart></animated_fanart>
        <fanart>https://www.thetvdb.com/banners/_cache/fanart/original/78017-4.jpg</fanart>
</item>

 <item>
        <title>Laverne & Shirley S01E13 - How Do You Say 'Are You Dead' in German?</title>
        <meta>
                <content>episode</content>
                <imdb></imdb>
                <tvdb>78017</tvdb>
                <tvshowtitle>Laverne & Shirley</tvshowtitle>
                <year>1976</year>
                <title>How Do You Say 'Are You Dead' in German?</title>
                <premiered>1976-05-04</premiered>
                <season>1</season>
                <episode>13</episode>
        </meta>
        <link>
		<sublink>search</sublink>
                <sublink>searchsd</sublink>
        </link>
        <animated_thumbnail></animated_thumbnail>
        <thumbnail>https://www.thetvdb.com/banners/_cache/posters/78017-2.jpg</thumbnail>
        <animated_fanart></animated_fanart>
        <fanart>https://www.thetvdb.com/banners/_cache/fanart/original/78017-4.jpg</fanart>
</item>

 <item>
        <title>Laverne & Shirley S01E14 - From Suds to Stardom</title>
        <meta>
                <content>episode</content>
                <imdb></imdb>
                <tvdb>78017</tvdb>
                <tvshowtitle>Laverne & Shirley</tvshowtitle>
                <year>1976</year>
                <title>From Suds to Stardom</title>
                <premiered>1976-05-11</premiered>
                <season>1</season>
                <episode>14</episode>
        </meta>
        <link>
		<sublink>search</sublink>
                <sublink>searchsd</sublink>
        </link>
        <animated_thumbnail></animated_thumbnail>
        <thumbnail>https://www.thetvdb.com/banners/_cache/posters/78017-2.jpg</thumbnail>
        <animated_fanart></animated_fanart>
        <fanart>https://www.thetvdb.com/banners/_cache/fanart/original/78017-4.jpg</fanart>
</item>

 <item>
        <title>Laverne & Shirley S01E15 - Mother Knows Worst</title>
        <meta>
                <content>episode</content>
                <imdb></imdb>
                <tvdb>78017</tvdb>
                <tvshowtitle>Laverne & Shirley</tvshowtitle>
                <year>1976</year>
                <title>Mother Knows Worst</title>
                <premiered>1976-05-18</premiered>
                <season>1</season>
                <episode>15</episode>
        </meta>
        <link>
		<sublink>search</sublink>
                <sublink>searchsd</sublink>
        </link>
        <animated_thumbnail></animated_thumbnail>
        <thumbnail>https://www.thetvdb.com/banners/_cache/posters/78017-2.jpg</thumbnail>
        <animated_fanart></animated_fanart>
        <fanart>https://www.thetvdb.com/banners/_cache/fanart/original/78017-4.jpg</fanart>
</item>