########################
<poster>Laverne & Shirley</poster>
<thumbnail></thumbnail>
<fanart></fanart>
#############################

<dir>
        <name>Season 1</name>
        <meta>
                <content>season</content>
                <imdb>tt0074016</imdb>
                <tvdb>78017</tvdb>
                <tvshowtitle>Laverne & Shirley</tvshowtitle>
                <year>1976</year>
                <season>1</season>
        </meta>
        <link>https://raw.githubusercontent.com/Doggmatic71/maddogg/master/plugin.video.laughtraxx/plugin.video.laughtraxx/resources/laverne1.xml</link>
        <thumbnail>https://www.thetvdb.com/banners/_cache/seasons/78017-1-2.jpg</thumbnail>
</dir>

<dir>		
        <name>Season 2</name>
        <meta>
                <content>season</content>
                <imdb>tt0074016</imdb>
                <tvdb>78017</tvdb>
                <tvshowtitle>Laverne & Shirley</tvshowtitle>
                <year>1976</year>
                <season>2</season>
        </meta>
        <link></link>
        <thumbnail>https://www.thetvdb.com/banners/_cache/seasons/78017-2-2.jpg</thumbnail>		
</dir>

<dir>		
        <name>Season 3</name>
        <meta>
                <content>season</content>
                <imdb>tt0074016</imdb>
                <tvdb>78017</tvdb>
                <tvshowtitle>Laverne & Shirley</tvshowtitle>
                <year>1976</year>
                <season>3</season>
        </meta>
        <link></link>
        <thumbnail>https://www.thetvdb.com/banners/_cache/seasons/78017-3-2.jpg</thumbnail>		
</dir>

<dir>		
        <name>Season 4</name>
        <meta>
                <content>season</content>
                <imdb>tt0074016</imdb>
                <tvdb>78017</tvdb>
                <tvshowtitle>Laverne & Shirley</tvshowtitle>
                <year>1976</year>
                <season>4</season>
        </meta>
        <link></link>
        <thumbnail>https://www.thetvdb.com/banners/_cache/seasons/78017-4-2.jpg</thumbnail>		
</dir>

<dir>		
        <name>Season 5</name>
        <meta>
                <content>season</content>
                <imdb>tt0074016</imdb>
                <tvdb>78017</tvdb>
                <tvshowtitle>Laverne & Shirley</tvshowtitle>
                <year>1976</year>
                <season>5</season>
        </meta>
        <link></link>
        <thumbnail>https://www.thetvdb.com/banners/_cache/seasons/78017-5-2.jpg</thumbnail>		
</dir>

<dir>		
        <name>Season 6</name>
        <meta>
                <content>season</content>
                <imdb>tt0074016</imdb>
                <tvdb>78017</tvdb>
                <tvshowtitle>Laverne & Shirley</tvshowtitle>
                <year>1976</year>
                <season>6</season>
        </meta>
        <link></link>
        <thumbnail>https://www.thetvdb.com/banners/_cache/seasons/78017-6-2.jpg</thumbnail>		
</dir>
