########################
<poster>Lost in Space</poster>
<thumbnail></thumbnail>
<fanart></fanart>
#############################

<dir>
        <name>Season 1</name>
        <meta>
                <content>season</content>
                <imdb>tt0058824</imdb>
                <tvdb>72923</tvdb>
                <tvshowtitle>Lost in Space</tvshowtitle>
                <year>1965</year>
                <season>1</season>
        </meta>
        <link>https://raw.githubusercontent.com/Doggmatic71/maddogg/master/plugin.video.laughtraxx/plugin.video.laughtraxx/resources/lost1.xml</link>
        <thumbnail>https://www.thetvdb.com/banners/_cache/seasons/72923-1-2.jpg</thumbnail>
</dir>

<dir>		
        <name>Season 2</name>
        <meta>
                <content>season</content>
                <imdb>tt0058824</imdb>
                <tvdb>72923</tvdb>
                <tvshowtitle>Lost in Space</tvshowtitle>
                <year>1965</year>
                <season>2</season>
        </meta>
        <link></link>
        <thumbnail>https://www.thetvdb.com/banners/_cache/seasons/72923-2-3.jpg</thumbnail>		
</dir>

<dir>		
        <name>Season 3</name>
        <meta>
                <content>season</content>
                <imdb>tt0058824</imdb>
                <tvdb>72923</tvdb>
                <tvshowtitle>Lost in Space</tvshowtitle>
                <year>1965</year>
                <season>2</season>
        </meta>
        <link></link>
        <thumbnail>https://www.thetvdb.com/banners/_cache/seasons/72923-3-3.jpg</thumbnail>		
</dir>


