########################
<poster>I Love Lucy</poster>
<thumbnail></thumbnail>
<fanart></fanart>
#############################

<dir>
        <name>Season 1</name>
        <meta>
                <content>season</content>
                <imdb>tt0043208</imdb>
                <tvdb>70584</tvdb>
                <tvshowtitle>I Love Lucy</tvshowtitle>
                <year>1952</year>
                <season>1</season>
        </meta>
        <link>https://raw.githubusercontent.com/Doggmatic71/maddogg/master/plugin.video.laughtraxx/plugin.video.laughtraxx/resources/lucy1.xml</link>
        <thumbnail>https://www.thetvdb.com/banners/_cache/seasons/70584-1-2.jpg</thumbnail>
</dir>

<dir>		
        <name>Season 2</name>
        <meta>
                <content>season</content>
                <imdb>tt0043208</imdb>
                <tvdb>70584</tvdb>
                <tvshowtitle>I Love Lucy</tvshowtitle>
                <year>1952</year>
                <season>2</season>
        </meta>
        <link></link>
        <thumbnail>https://www.thetvdb.com/banners/_cache/seasons/70584-2-2.jpg</thumbnail>		
</dir>

<dir>		
        <name>Season 3</name>
        <meta>
                <content>season</content>
                <imdb>tt0043208</imdb>
                <tvdb>70584</tvdb>
                <tvshowtitle>I Love Lucy</tvshowtitle>
                <year>1952</year>
                <season>3</season>
        </meta>
        <link></link>
        <thumbnail>https://www.thetvdb.com/banners/_cache/seasons/1038-3.jpg</thumbnail>		
</dir>

<dir>		
        <name>Season 4</name>
        <meta>
                <content>season</content>
                <imdb>tt0043208</imdb>
                <tvdb>70584</tvdb>
                <tvshowtitle>I Love Lucy</tvshowtitle>
                <year>1952</year>
                <season>4</season>
        </meta>
        <link></link>
        <thumbnail>https://www.thetvdb.com/banners/_cache/seasons/1038-4.jpg</thumbnail>		
</dir>

<dir>		
        <name>Season 5</name>
        <meta>
                <content>season</content>
                <imdb>tt0043208</imdb>
                <tvdb>70584</tvdb>
                <tvshowtitle>I Love Lucy</tvshowtitle>
                <year>1952</year>
                <season>5</season>
        </meta>
        <link></link>
        <thumbnail>https://www.thetvdb.com/banners/_cache/seasons/1038-5.jpg</thumbnail>		
</dir>

<dir>		
        <name>Season 6</name>
        <meta>
                <content>season</content>
                <imdb>tt0043208</imdb>
                <tvdb>70584</tvdb>
                <tvshowtitle>I Love Lucy</tvshowtitle>
                <year>1952</year>
                <season>6</season>
        </meta>
        <link></link>
        <thumbnail>https://www.thetvdb.com/banners/_cache/seasons/1038-6.jpg</thumbnail>		
</dir>

<dir>		
        <name>Seasons 7-9</name>
        <meta>
                <content>season</content>
                <imdb>tt0043208</imdb>
                <tvdb>70584</tvdb>
                <tvshowtitle>I Love Lucy</tvshowtitle>
                <year>1952</year>
                <season>7-9</season>
        </meta>
        <link></link>
        <thumbnail>https://www.thetvdb.com/banners/_cache/seasons/70584-7.jpg</thumbnail>		
</dir>

