########################
<poster>M*A*S*H</poster>
<thumbnail></thumbnail>
<fanart></fanart>
#############################

<dir>
        <name>Season 1</name>
        <meta>
                <content>season</content>
                <imdb>tt0068098</imdb>
                <tvdb>70994</tvdb>
                <tvshowtitle>M*A*S*H</tvshowtitle>
                <year>1972</year>
                <season>1</season>
        </meta>
        <link>https://raw.githubusercontent.com/Doggmatic71/maddogg/master/plugin.video.laughtraxx/plugin.video.laughtraxx/resources/mash1.xml</link>
        <thumbnail>https://www.thetvdb.com/banners/_cache/seasons/70994-1-6.jpg</thumbnail>
</dir>

<dir>		
        <name>Season 2</name>
        <meta>
                <content>season</content>
                <imdb>tt0068098</imdb>
                <tvdb>70994</tvdb>
                <tvshowtitle>M*A*S*H</tvshowtitle>
                <year>1972</year>
                <season>2</season>
        </meta>
        <link></link>
        <thumbnail>https://www.thetvdb.com/banners/_cache/seasons/70994-2-4.jpg</thumbnail>		
</dir>

<dir>		
        <name>Season 3</name>
        <meta>
                <content>season</content>
                <imdb>tt0068098</imdb>
                <tvdb>70994</tvdb>
                <tvshowtitle>M*A*S*H</tvshowtitle>
                <year>1972</year>
                <season>2</season>
        </meta>
        <link></link>
        <thumbnail>https://www.thetvdb.com/banners/_cache/seasons/70994-3-2.jpg</thumbnail>		
</dir>

<dir>		
        <name>Season 4</name>
        <meta>
                <content>season</content>
                <imdb>tt0068098</imdb>
                <tvdb>70994</tvdb>
                <tvshowtitle>M*A*S*H</tvshowtitle>
                <year>1972</year>
                <season>2</season>
        </meta>
        <link></link>
        <thumbnail>https://www.thetvdb.com/banners/_cache/seasons/70994-4.jpg</thumbnail>		
</dir>

<dir>		
        <name>Season 5</name>
        <meta>
                <content>season</content>
                <imdb>tt0068098</imdb>
                <tvdb>70994</tvdb>
                <tvshowtitle>M*A*S*H</tvshowtitle>
                <year>1972</year>
                <season>2</season>
        </meta>
        <link></link>
        <thumbnail>https://www.thetvdb.com/banners/_cache/seasons/70994-5-2.jpg</thumbnail>		
</dir>

<dir>		
        <name>Season 6</name>
        <meta>
                <content>season</content>
                <imdb>tt0068098</imdb>
                <tvdb>70994</tvdb>
                <tvshowtitle>M*A*S*H</tvshowtitle>
                <year>1972</year>
                <season>2</season>
        </meta>
        <link></link>
        <thumbnail>https://www.thetvdb.com/banners/_cache/seasons/70994-6.jpg</thumbnail>		
</dir>

<dir>		
        <name>Season 7</name>
        <meta>
                <content>season</content>
                <imdb>tt0068098</imdb>
                <tvdb>70994</tvdb>
                <tvshowtitle>M*A*S*H</tvshowtitle>
                <year>1972</year>
                <season>2</season>
        </meta>
        <link></link>
        <thumbnail>https://www.thetvdb.com/banners/_cache/seasons/70994-7.jpg</thumbnail>		
</dir>

<dir>		
        <name>Season 8</name>
        <meta>
                <content>season</content>
                <imdb>tt0068098</imdb>
                <tvdb>70994</tvdb>
                <tvshowtitle>M*A*S*H</tvshowtitle>
                <year>1972</year>
                <season>2</season>
        </meta>
        <link></link>
        <thumbnail>https://www.thetvdb.com/banners/_cache/seasons/70994-8.jpg</thumbnail>		
</dir>

<dir>		
        <name>Season 9</name>
        <meta>
                <content>season</content>
                <imdb>tt0068098</imdb>
                <tvdb>70994</tvdb>
                <tvshowtitle>M*A*S*H</tvshowtitle>
                <year>1972</year>
                <season>2</season>
        </meta>
        <link></link>
        <thumbnail>https://www.thetvdb.com/banners/_cache/seasons/70994-9-2.jpg</thumbnail>		
</dir>

<dir>		
        <name>Season 10</name>
        <meta>
                <content>season</content>
                <imdb>tt0068098</imdb>
                <tvdb>70994</tvdb>
                <tvshowtitle>M*A*S*H</tvshowtitle>
                <year>1972</year>
                <season>2</season>
        </meta>
        <link></link>
        <thumbnail>https://www.thetvdb.com/banners/_cache/seasons/70994-10-2.jpg</thumbnail>		
</dir>

<dir>		
        <name>Season 11</name>
        <meta>
                <content>season</content>
                <imdb>tt0068098</imdb>
                <tvdb>70994</tvdb>
                <tvshowtitle>M*A*S*H</tvshowtitle>
                <year>1972</year>
                <season>2</season>
        </meta>
        <link></link>
        <thumbnail>https://www.thetvdb.com/banners/_cache/seasons/70994-11.jpg</thumbnail>		
</dir>



