########################
<poster>Season 1</poster>
<thumbnail></thumbnail>
<fanart></fanart>
########################

 <item>
        <title>M*A*S*H S01E01 - M*A*S*H the Pilot</title>
        <meta>
                <content>episode</content>
                <imdb>tt0638383</imdb>
                <tvdb>70994</tvdb>
                <tvshowtitle>M*A*S*H</tvshowtitle>
                <year>1972</year>
                <title>M*A*S*H the Pilot</title>
                <premiered>1972-09-17</premiered>
                <season>1</season>
                <episode>1</episode>
        </meta>
        <link>
		<sublink>search</sublink>
                <sublink>searchsd</sublink>
        </link>
        <animated_thumbnail></animated_thumbnail>
        <thumbnail>https://www.thetvdb.com/banners/_cache/episodes/70994/29674.jpg</thumbnail>
        <animated_fanart></animated_fanart>
        <fanart>https://www.thetvdb.com/banners/_cache/fanart/original/70994-6.jpg</fanart>
</item>

 <item>
        <title>M*A*S*H S01E02 - To Market, to Market</title>
        <meta>
                <content>episode</content>
                <imdb>tt0638465</imdb>
                <tvdb>70994</tvdb>
                <tvshowtitle>M*A*S*H</tvshowtitle>
                <year>1972</year>
                <title>To Market, to Market</title>
                <premiered>1972-09-24</premiered>
                <season>1</season>
                <episode>2</episode>
        </meta>
        <link>
		<sublink>search</sublink>
                <sublink>searchsd</sublink>
        </link>
        <animated_thumbnail></animated_thumbnail>
        <thumbnail>https://www.thetvdb.com/banners/_cache/episodes/70994/29675.jpg</thumbnail>
        <animated_fanart></animated_fanart>
        <fanart>https://www.thetvdb.com/banners/_cache/fanart/original/70994-6.jpg</fanart>
</item>

 <item>
        <title>M*A*S*H S01E03 - Requiem for a Lightweight</title>
        <meta>
                <content>episode</content>
                <imdb>tt0638397</imdb>
                <tvdb>70994</tvdb>
                <tvshowtitle>M*A*S*H</tvshowtitle>
                <year>1972</year>
                <title>Requiem for a Lightweight</title>
                <premiered>1972-10-01</premiered>
                <season>1</season>
                <episode>3</episode>
        </meta>
        <link>
		<sublink>search</sublink>
                <sublink>searchsd</sublink>
        </link>
        <animated_thumbnail></animated_thumbnail>
        <thumbnail>https://www.thetvdb.com/banners/_cache/episodes/70994/29676.jpg</thumbnail>
        <animated_fanart></animated_fanart>
        <fanart>https://www.thetvdb.com/banners/_cache/fanart/original/70994-6.jpg</fanart>
</item>

 <item>
        <title>M*A*S*H S01E04 - Chief Surgeon Who?</title>
        <meta>
                <content>episode</content>
                <imdb>tt0638274</imdb>
                <tvdb>70994</tvdb>
                <tvshowtitle>M*A*S*H</tvshowtitle>
                <year>1972</year>
                <title>Chief Surgeon Who?</title>
                <premiered>1972-10-08</premiered>
                <season>1</season>
                <episode>4</episode>
        </meta>
        <link>
		<sublink>search</sublink>
                <sublink>searchsd</sublink>
        </link>
        <animated_thumbnail></animated_thumbnail>
        <thumbnail>https://www.thetvdb.com/banners/_cache/episodes/70994/29677.jpg</thumbnail>
        <animated_fanart></animated_fanart>
        <fanart>https://www.thetvdb.com/banners/_cache/fanart/original/70994-6.jpg</fanart>
</item>

 <item>
        <title>M*A*S*H S01E05 - The Moose</title>
        <meta>
                <content>episode</content>
                <imdb>tt0638447</imdb>
                <tvdb>70994</tvdb>
                <tvshowtitle>M*A*S*H</tvshowtitle>
                <year>1972</year>
                <title>The Moose</title>
                <premiered>1972-10-15</premiered>
                <season>1</season>
                <episode>5</episode>
        </meta>
        <link>
		<sublink>search</sublink>
                <sublink>searchsd</sublink>
        </link>
        <animated_thumbnail></animated_thumbnail>
        <thumbnail>https://www.thetvdb.com/banners/_cache/episodes/70994/29678.jpg</thumbnail>
        <animated_fanart></animated_fanart>
        <fanart>https://www.thetvdb.com/banners/_cache/fanart/original/70994-6.jpg</fanart>
</item>

 <item>
        <title>M*A*S*H S01E06 - Yankee Doodle Doctor</title>
        <meta>
                <content>episode</content>
                <imdb>tt0638478</imdb>
                <tvdb>70994</tvdb>
                <tvshowtitle>M*A*S*H</tvshowtitle>
                <year>1972</year>
                <title>Yankee Doodle Doctor</title>
                <premiered>1972-10-22</premiered>
                <season>1</season>
                <episode>6</episode>
        </meta>
        <link>
		<sublink>search</sublink>
                <sublink>searchsd</sublink>
        </link>
        <animated_thumbnail></animated_thumbnail>
        <thumbnail>https://www.thetvdb.com/banners/_cache/episodes/70994/29679.jpg</thumbnail>
        <animated_fanart></animated_fanart>
        <fanart>https://www.thetvdb.com/banners/_cache/fanart/original/70994-6.jpg</fanart>
</item>

 <item>
        <title>M*A*S*H S01E07 - Bananas, Crackers and Nuts</title>
        <meta>
                <content>episode</content>
                <imdb>tt0638255</imdb>
                <tvdb>70994</tvdb>
                <tvshowtitle>M*A*S*H</tvshowtitle>
                <year>1972</year>
                <title>Bananas, Crackers and Nuts</title>
                <premiered>1972-11-05</premiered>
                <season>1</season>
                <episode>7</episode>
        </meta>
        <link>
		<sublink>search</sublink>
                <sublink>searchsd</sublink>
        </link>
        <animated_thumbnail></animated_thumbnail>
        <thumbnail>https://www.thetvdb.com/banners/_cache/episodes/70994/29680.jpg</thumbnail>
        <animated_fanart></animated_fanart>
        <fanart>https://www.thetvdb.com/banners/_cache/fanart/original/70994-6.jpg</fanart>
</item>
 <item>
        <title>M*A*S*H S01E08 - Cowboy</title>
        <meta>
                <content>episode</content>
                <imdb>tt0638279</imdb>
                <tvdb>70994</tvdb>
                <tvshowtitle>M*A*S*H</tvshowtitle>
                <year>1972</year>
                <title>Cowboy</title>
                <premiered>1972-11-12</premiered>
                <season>1</season>
                <episode>8</episode>
        </meta>
        <link>
		<sublink>search</sublink>
                <sublink>searchsd</sublink>
        </link>
        <animated_thumbnail></animated_thumbnail>
        <thumbnail>https://www.thetvdb.com/banners/_cache/episodes/70994/29681.jpg</thumbnail>
        <animated_fanart></animated_fanart>
        <fanart>https://www.thetvdb.com/banners/_cache/fanart/original/70994-6.jpg</fanart>
</item>

 <item>
        <title>M*A*S*H S01E09 - Henry, Please Come Home</title>
        <meta>
                <content>episode</content>
                <imdb>tt0638326</imdb>
                <tvdb>70994</tvdb>
                <tvshowtitle>M*A*S*H</tvshowtitle>
                <year>1972</year>
                <title>Henry, Please Come Home</title>
                <premiered>1972-11-19</premiered>
                <season>1</season>
                <episode>9</episode>
        </meta>
        <link>
		<sublink>search</sublink>
                <sublink>searchsd</sublink>
        </link>
        <animated_thumbnail></animated_thumbnail>
        <thumbnail>https://www.thetvdb.com/banners/_cache/episodes/70994/29682.jpg</thumbnail>
        <animated_fanart></animated_fanart>
        <fanart>https://www.thetvdb.com/banners/_cache/fanart/original/70994-6.jpg</fanart>
</item>

 <item>
        <title>M*A*S*H S01E10 - I Hate A Mystery</title>
        <meta>
                <content>episode</content>
                <imdb>tt0638334</imdb>
                <tvdb>70994</tvdb>
                <tvshowtitle>M*A*S*H</tvshowtitle>
                <year>1972</year>
                <title>I Hate A Mystery</title>
                <premiered>1972-11-26</premiered>
                <season>1</season>
                <episode>10</episode>
        </meta>
        <link>
		<sublink>search</sublink>
                <sublink>searchsd</sublink>
        </link>
        <animated_thumbnail></animated_thumbnail>
        <thumbnail>https://www.thetvdb.com/banners/_cache/episodes/70994/29683.jpg</thumbnail>
        <animated_fanart></animated_fanart>
        <fanart>https://www.thetvdb.com/banners/_cache/fanart/original/70994-6.jpg</fanart>
</item>
 <item>
        <title>M*A*S*H S01E11 - Germ Warfare</title>
        <meta>
                <content>episode</content>
                <imdb>tt0638312</imdb>
                <tvdb>70994</tvdb>
                <tvshowtitle>M*A*S*H</tvshowtitle>
                <year>1972</year>
                <title>Germ Warfare</title>
                <premiered>1972-12-10</premiered>
                <season>1</season>
                <episode>11</episode>
        </meta>
        <link>
		<sublink>search</sublink>
                <sublink>searchsd</sublink>
        </link>
        <animated_thumbnail></animated_thumbnail>
        <thumbnail>https://www.thetvdb.com/banners/_cache/episodes/70994/29684.jpg</thumbnail>
        <animated_fanart></animated_fanart>
        <fanart>https://www.thetvdb.com/banners/_cache/fanart/original/70994-6.jpg</fanart>
</item>

 <item>
        <title>M*A*S*H S01E12 - Dear Dad</title>
        <meta>
                <content>episode</content>
                <imdb>tt0638283</imdb>
                <tvdb>70994</tvdb>
                <tvshowtitle>M*A*S*H</tvshowtitle>
                <year>1972</year>
                <title>Dear Dad</title>
                <premiered>1972-12-17</premiered>
                <season>1</season>
                <episode>12</episode>
        </meta>
        <link>
		<sublink>search</sublink>
                <sublink>searchsd</sublink>
        </link>
        <animated_thumbnail></animated_thumbnail>
        <thumbnail>https://www.thetvdb.com/banners/_cache/episodes/70994/29685.jpg</thumbnail>
        <animated_fanart></animated_fanart>
        <fanart>https://www.thetvdb.com/banners/_cache/fanart/original/70994-6.jpg</fanart>
</item>

 <item>
        <title>M*A*S*H S01E13 - Edwina</title>
        <meta>
                <content>episode</content>
                <imdb>tt0638300</imdb>
                <tvdb>70994</tvdb>
                <tvshowtitle>M*A*S*H</tvshowtitle>
                <year>1972</year>
                <title>Edwina</title>
                <premiered>1972-12-24</premiered>
                <season>1</season>
                <episode>13</episode>
        </meta>
        <link>
		<sublink>search</sublink>
                <sublink>searchsd</sublink>
        </link>
        <animated_thumbnail></animated_thumbnail>
        <thumbnail>https://www.thetvdb.com/banners/_cache/episodes/70994/29686.jpg</thumbnail>
        <animated_fanart></animated_fanart>
        <fanart>https://www.thetvdb.com/banners/_cache/fanart/original/70994-6.jpg</fanart>
</item>

 <item>
        <title>M*A*S*H S01E14 - Love Story</title>
        <meta>
                <content>episode</content>
                <imdb>tt0638349</imdb>
                <tvdb>70994</tvdb>
                <tvshowtitle>M*A*S*H</tvshowtitle>
                <year>1972</year>
                <title>Love Story</title>
                <premiered>1973-01-07</premiered>
                <season>1</season>
                <episode>14</episode>
        </meta>
        <link>
		<sublink>search</sublink>
                <sublink>searchsd</sublink>
        </link>
        <animated_thumbnail></animated_thumbnail>
        <thumbnail>https://www.thetvdb.com/banners/_cache/episodes/70994/29687.jpg</thumbnail>
        <animated_fanart></animated_fanart>
        <fanart>https://www.thetvdb.com/banners/_cache/fanart/original/70994-6.jpg</fanart>
</item>

 <item>
        <title>M*A*S*H S01E15 - Tuttle</title>
        <meta>
                <content>episode</content>
                <imdb>tt0638468</imdb>
                <tvdb>70994</tvdb>
                <tvshowtitle>M*A*S*H</tvshowtitle>
                <year>1972</year>
                <title>Tuttle</title>
                <premiered>1973-01-14</premiered>
                <season>1</season>
                <episode>15</episode>
        </meta>
        <link>
		<sublink>search</sublink>
                <sublink>searchsd</sublink>
        </link>
        <animated_thumbnail></animated_thumbnail>
        <thumbnail>https://www.thetvdb.com/banners/_cache/episodes/70994/29688.jpg</thumbnail>
        <animated_fanart></animated_fanart>
        <fanart>https://www.thetvdb.com/banners/_cache/fanart/original/70994-6.jpg</fanart>
</item>

 <item>
        <title>M*A*S*H S01E16 - The Ringbanger</title>
        <meta>
                <content>episode</content>
                <imdb>tt0638455</imdb>
                <tvdb>70994</tvdb>
                <tvshowtitle>M*A*S*H</tvshowtitle>
                <year>1972</year>
                <title>The Ringbanger</title>
                <premiered>1973-01-21</premiered>
                <season>1</season>
                <episode>16</episode>
        </meta>
        <link>
		<sublink>search</sublink>
                <sublink>searchsd</sublink>
        </link>
        <animated_thumbnail></animated_thumbnail>
        <thumbnail>https://www.thetvdb.com/banners/_cache/episodes/70994/29689.jpg</thumbnail>
        <animated_fanart></animated_fanart>
        <fanart>https://www.thetvdb.com/banners/_cache/fanart/original/70994-6.jpg</fanart>
</item>

 <item>
        <title>M*A*S*H S01E17 - Sometimes You Hear the Bullet</title>
        <meta>
                <content>episode</content>
                <imdb>tt0638408</imdb>
                <tvdb>70994</tvdb>
                <tvshowtitle>M*A*S*H</tvshowtitle>
                <year>1972</year>
                <title>Sometimes You Hear the Bullet</title>
                <premiered>1973-01-28</premiered>
                <season>1</season>
                <episode>17</episode>
        </meta>
        <link>
		<sublink>search</sublink>
                <sublink>searchsd</sublink>
        </link>
        <animated_thumbnail></animated_thumbnail>
        <thumbnail>https://www.thetvdb.com/banners/_cache/episodes/70994/29690.jpg</thumbnail>
        <animated_fanart></animated_fanart>
        <fanart>https://www.thetvdb.com/banners/_cache/fanart/original/70994-6.jpg</fanart>
</item>

 <item>
        <title>M*A*S*H S01E18 - Dear Dad, Again</title>
        <meta>
                <content>episode</content>
                <imdb>tt0638284</imdb>
                <tvdb>70994</tvdb>
                <tvshowtitle>M*A*S*H</tvshowtitle>
                <year>1972</year>
                <title>Dear Dad, Again</title>
                <premiered>1973-02-04</premiered>
                <season>1</season>
                <episode>18</episode>
        </meta>
        <link>
		<sublink>search</sublink>
                <sublink>searchsd</sublink>
        </link>
        <animated_thumbnail></animated_thumbnail>
        <thumbnail>https://www.thetvdb.com/banners/_cache/episodes/70994/29691.jpg</thumbnail>
        <animated_fanart></animated_fanart>
        <fanart>https://www.thetvdb.com/banners/_cache/fanart/original/70994-6.jpg</fanart>
</item>

 <item>
        <title>M*A*S*H S01E19 - The Long-John Flap</title>
        <meta>
                <content>episode</content>
                <imdb>tt0638443</imdb>
                <tvdb>70994</tvdb>
                <tvshowtitle>M*A*S*H</tvshowtitle>
                <year>1972</year>
                <title>The Long-John Flap</title>
                <premiered>1973-02-17</premiered>
                <season>1</season>
                <episode>19</episode>
        </meta>
        <link>
		<sublink>search</sublink>
                <sublink>searchsd</sublink>
        </link>
        <animated_thumbnail></animated_thumbnail>
        <thumbnail>https://www.thetvdb.com/banners/_cache/episodes/70994/29692.jpg</thumbnail>
        <animated_fanart></animated_fanart>
        <fanart>https://www.thetvdb.com/banners/_cache/fanart/original/70994-6.jpg</fanart>
</item>

 <item>
        <title>M*A*S*H S01E20 - The Army-Navy Game</title>
        <meta>
                <content>episode</content>
                <imdb>tt0638422</imdb>
                <tvdb>70994</tvdb>
                <tvshowtitle>M*A*S*H</tvshowtitle>
                <year>1972</year>
                <title>The Army-Navy Game</title>
                <premiered>1973-02-25</premiered>
                <season>1</season>
                <episode>20</episode>
        </meta>
        <link>
		<sublink>search</sublink>
                <sublink>searchsd</sublink>
        </link>
        <animated_thumbnail></animated_thumbnail>
        <thumbnail>https://www.thetvdb.com/banners/_cache/episodes/70994/29693.jpg</thumbnail>
        <animated_fanart></animated_fanart>
        <fanart>https://www.thetvdb.com/banners/_cache/fanart/original/70994-6.jpg</fanart>
</item>

 <item>
        <title>M*A*S*H S01E21 - Sticky Wicket</title>
        <meta>
                <content>episode</content>
                <imdb>tt0638413</imdb>
                <tvdb>70994</tvdb>
                <tvshowtitle>M*A*S*H</tvshowtitle>
                <year>1972</year>
                <title>Sticky Wicket</title>
                <premiered>1973-03-04</premiered>
                <season>1</season>
                <episode>21</episode>
        </meta>
        <link>
		<sublink>search</sublink>
                <sublink>searchsd</sublink>
        </link>
        <animated_thumbnail></animated_thumbnail>
        <thumbnail>https://www.thetvdb.com/banners/_cache/episodes/70994/29694.jpg</thumbnail>
        <animated_fanart></animated_fanart>
        <fanart>https://www.thetvdb.com/banners/_cache/fanart/original/70994-6.jpg</fanart>
</item>

 <item>
        <title>M*A*S*H S01E22 - Major Fred C. Dobbs</title>
        <meta>
                <content>episode</content>
                <imdb>tt0638356</imdb>
                <tvdb>70994</tvdb>
                <tvshowtitle>M*A*S*H</tvshowtitle>
                <year>1972</year>
                <title>Major Fred C. Dobbs</title>
                <premiered>1973-03-11</premiered>
                <season>1</season>
                <episode>22</episode>
        </meta>
        <link>
		<sublink>search</sublink>
                <sublink>searchsd</sublink>
        </link>
        <animated_thumbnail></animated_thumbnail>
        <thumbnail>https://www.thetvdb.com/banners/_cache/episodes/70994/29695.jpg</thumbnail>
        <animated_fanart></animated_fanart>
        <fanart>https://www.thetvdb.com/banners/_cache/fanart/original/70994-6.jpg</fanart>
</item>

 <item>
        <title>M*A*S*H S01E23 - Cease-Fire</title>
        <meta>
                <content>episode</content>
                <imdb>tt0638269</imdb>
                <tvdb>70994</tvdb>
                <tvshowtitle>M*A*S*H</tvshowtitle>
                <year>1972</year>
                <title>Cease-Fire</title>
                <premiered>1973-03-18</premiered>
                <season>1</season>
                <episode>23</episode>
        </meta>
        <link>
		<sublink>search</sublink>
                <sublink>searchsd</sublink>
        </link>
        <animated_thumbnail></animated_thumbnail>
        <thumbnail>https://www.thetvdb.com/banners/_cache/episodes/70994/29696.jpg</thumbnail>
        <animated_fanart></animated_fanart>
        <fanart>https://www.thetvdb.com/banners/_cache/fanart/original/70994-6.jpg</fanart>
</item>

 <item>
        <title>M*A*S*H S01E24 - Showtime</title>
        <meta>
                <content>episode</content>
                <imdb>tt0638402</imdb>
                <tvdb>70994</tvdb>
                <tvshowtitle>M*A*S*H</tvshowtitle>
                <year>1972</year>
                <title>Showtime</title>
                <premiered>1973-03-25</premiered>
                <season>1</season>
                <episode>24</episode>
        </meta>
        <link>
		<sublink>search</sublink>
                <sublink>searchsd</sublink>
        </link>
        <animated_thumbnail></animated_thumbnail>
        <thumbnail>https://www.thetvdb.com/banners/_cache/episodes/70994/29697.jpg</thumbnail>
        <animated_fanart></animated_fanart>
        <fanart>https://www.thetvdb.com/banners/_cache/fanart/original/70994-6.jpg</fanart>
</item>
