########################
<poster>Season 1</poster>
<thumbnail></thumbnail>
<fanart></fanart>
########################

 <item>
        <title>McHale's Navy S01E01 - An Ensign for McHale</title>
        <meta>
                <content>episode</content>
                <imdb></imdb>
                <tvdb>77664</tvdb>
                <tvshowtitle>McHale's Navy</tvshowtitle>
                <year>1962</year>
                <title>An Ensign for McHale</title>
                <premiered>1962-10-11</premiered>
                <season>1</season>
                <episode>1</episode>
        </meta>
        <link>
		<sublink>search</sublink>
                <sublink>searchsd</sublink>
        </link>
        <animated_thumbnail></animated_thumbnail>
        <thumbnail>https://www.thetvdb.com/banners/_cache/episodes/77664/253379.jpg</thumbnail>
        <animated_fanart></animated_fanart>
        <fanart>https://www.thetvdb.com/banners/_cache/fanart/original/77664-3.jpg</fanart>
</item>

 <item>
        <title>McHale's Navy S01E02 - A Purple Heart for Gruber</title>
        <meta>
                <content>episode</content>
                <imdb></imdb>
                <tvdb>77664</tvdb>
                <tvshowtitle>McHale's Navy</tvshowtitle>
                <year>1962</year>
                <title>A Purple Heart for Gruber</title>
                <premiered>1962-10-18</premiered>
                <season>1</season>
                <episode>2</episode>
        </meta>
        <link>
		<sublink>search</sublink>
                <sublink>searchsd</sublink>
        </link>
        <animated_thumbnail></animated_thumbnail>
        <thumbnail>https://www.thetvdb.com/banners/_cache/episodes/77664/253380.jpg</thumbnail>
        <animated_fanart></animated_fanart>
        <fanart>https://www.thetvdb.com/banners/_cache/fanart/original/77664-3.jpg</fanart>
</item>

 <item>
        <title>McHale's Navy S01E03 - McHale and His Seven Cupids</title>
        <meta>
                <content>episode</content>
                <imdb></imdb>
                <tvdb>77664</tvdb>
                <tvshowtitle>McHale's Navy</tvshowtitle>
                <year>1962</year>
                <title>McHale and His Seven Cupids</title>
                <premiered>1962-10-25</premiered>
                <season>1</season>
                <episode>3</episode>
        </meta>
        <link>
		<sublink>search</sublink>
                <sublink>searchsd</sublink>
        </link>
        <animated_thumbnail></animated_thumbnail>
        <thumbnail>https://www.thetvdb.com/banners/_cache/episodes/77664/253381.jpg</thumbnail>
        <animated_fanart></animated_fanart>
        <fanart>https://www.thetvdb.com/banners/_cache/fanart/original/77664-3.jpg</fanart>
</item>

 <item>
        <title>McHale's Navy S01E04 - PT 73, Where Are You?</title>
        <meta>
                <content>episode</content>
                <imdb></imdb>
                <tvdb>77664</tvdb>
                <tvshowtitle>McHale's Navy</tvshowtitle>
                <year>1962</year>
                <title>PT 73, Where Are You?</title>
                <premiered>1962-11-01</premiered>
                <season>1</season>
                <episode>4</episode>
        </meta>
        <link>
		<sublink>search</sublink>
                <sublink>searchsd</sublink>
        </link>
        <animated_thumbnail></animated_thumbnail>
        <thumbnail>https://www.thetvdb.com/banners/_cache/episodes/77664/253382.jpg</thumbnail>
        <animated_fanart></animated_fanart>
        <fanart>https://www.thetvdb.com/banners/_cache/fanart/original/77664-3.jpg</fanart>
</item>

 <item>
        <title>McHale's Navy S01E05 - Movies Are Your Best Diversion</title>
        <meta>
                <content>episode</content>
                <imdb></imdb>
                <tvdb>77664</tvdb>
                <tvshowtitle>McHale's Navy</tvshowtitle>
                <year>1962</year>
                <title>Movies Are Your Best Diversion</title>
                <premiered>1962-11-08</premiered>
                <season>1</season>
                <episode>5</episode>
        </meta>
        <link>
		<sublink>search</sublink>
                <sublink>searchsd</sublink>
        </link>
        <animated_thumbnail></animated_thumbnail>
        <thumbnail>https://www.thetvdb.com/banners/_cache/episodes/77664/253383.jpg</thumbnail>
        <animated_fanart></animated_fanart>
        <fanart>https://www.thetvdb.com/banners/_cache/fanart/original/77664-3.jpg</fanart>
</item>

 <item>
        <title>McHale's Navy S01E06 - Operation Wedding Party</title>
        <meta>
                <content>episode</content>
                <imdb></imdb>
                <tvdb>77664</tvdb>
                <tvshowtitle>McHale's Navy</tvshowtitle>
                <year>1962</year>
                <title>Operation Wedding Party</title>
                <premiered>1962-11-15</premiered>
                <season>1</season>
                <episode>6</episode>
        </meta>
        <link>
		<sublink>search</sublink>
                <sublink>searchsd</sublink>
        </link>
        <animated_thumbnail></animated_thumbnail>
        <thumbnail>https://www.thetvdb.com/banners/_cache/episodes/77664/253384.jpg</thumbnail>
        <animated_fanart></animated_fanart>
        <fanart>https://www.thetvdb.com/banners/_cache/fanart/original/77664-3.jpg</fanart>
</item>

 <item>
        <title>McHale's Navy S01E07 - Who Do the Voodoo?</title>
        <meta>
                <content>episode</content>
                <imdb></imdb>
                <tvdb>77664</tvdb>
                <tvshowtitle>McHale's Navy</tvshowtitle>
                <year>1962</year>
                <title>Who Do the Voodoo?</title>
                <premiered>1962-11-22</premiered>
                <season>1</season>
                <episode>7</episode>
        </meta>
        <link>
		<sublink>search</sublink>
                <sublink>searchsd</sublink>
        </link>
        <animated_thumbnail></animated_thumbnail>
        <thumbnail>https://www.thetvdb.com/banners/_cache/episodes/77664/253385.jpg</thumbnail>
        <animated_fanart></animated_fanart>
        <fanart>https://www.thetvdb.com/banners/_cache/fanart/original/77664-3.jpg</fanart>
</item>
 <item>
        <title>McHale's Navy S01E08 - Three Girls on an Island</title>
        <meta>
                <content>episode</content>
                <imdb></imdb>
                <tvdb>77664</tvdb>
                <tvshowtitle>McHale's Navy</tvshowtitle>
                <year>1962</year>
                <title>Three Girls on an Island</title>
                <premiered>1962-11-29</premiered>
                <season>1</season>
                <episode>8</episode>
        </meta>
        <link>
		<sublink>search</sublink>
                <sublink>searchsd</sublink>
        </link>
        <animated_thumbnail></animated_thumbnail>
        <thumbnail>https://www.thetvdb.com/banners/_cache/episodes/77664/253386.jpg</thumbnail>
        <animated_fanart></animated_fanart>
        <fanart>https://www.thetvdb.com/banners/_cache/fanart/original/77664-3.jpg</fanart>
</item>

 <item>
        <title>McHale's Navy S01E09 - McHale's Paradise Motel</title>
        <meta>
                <content>episode</content>
                <imdb></imdb>
                <tvdb>77664</tvdb>
                <tvshowtitle>McHale's Navy</tvshowtitle>
                <year>1962</year>
                <title>McHale's Paradise Motel</title>
                <premiered>1962-12-06</premiered>
                <season>1</season>
                <episode>9</episode>
        </meta>
        <link>
		<sublink>search</sublink>
                <sublink>searchsd</sublink>
        </link>
        <animated_thumbnail></animated_thumbnail>
        <thumbnail>https://www.thetvdb.com/banners/_cache/episodes/77664/253387.jpg</thumbnail>
        <animated_fanart></animated_fanart>
        <fanart>https://www.thetvdb.com/banners/_cache/fanart/original/77664-3.jpg</fanart>
</item>

 <item>
        <title>McHale's Navy S01E10 - The Battle of McHale's Island</title>
        <meta>
                <content>episode</content>
                <imdb></imdb>
                <tvdb>77664</tvdb>
                <tvshowtitle>McHale's Navy</tvshowtitle>
                <year>1962</year>
                <title>The Battle of McHale's Island</title>
                <premiered>1962-12-20</premiered>
                <season>1</season>
                <episode>10</episode>
        </meta>
        <link>
		<sublink>search</sublink>
                <sublink>searchsd</sublink>
        </link>
        <animated_thumbnail></animated_thumbnail>
        <thumbnail>https://www.thetvdb.com/banners/_cache/episodes/77664/253388.jpg</thumbnail>
        <animated_fanart></animated_fanart>
        <fanart>https://www.thetvdb.com/banners/_cache/fanart/original/77664-3.jpg</fanart>
</item>
 <item>
        <title>McHale's Navy S01E11 - The Day They Captured Santa Claus</title>
        <meta>
                <content>episode</content>
                <imdb></imdb>
                <tvdb>77664</tvdb>
                <tvshowtitle>McHale's Navy</tvshowtitle>
                <year>1962</year>
                <title>The Day They Captured Santa Claus</title>
                <premiered>1962-12-27</premiered>
                <season>1</season>
                <episode>11</episode>
        </meta>
        <link>
		<sublink>search</sublink>
                <sublink>searchsd</sublink>
        </link>
        <animated_thumbnail></animated_thumbnail>
        <thumbnail>https://www.thetvdb.com/banners/_cache/episodes/77664/253389.jpg</thumbnail>
        <animated_fanart></animated_fanart>
        <fanart>https://www.thetvdb.com/banners/_cache/fanart/original/77664-3.jpg</fanart>
</item>

 <item>
        <title>McHale's Navy S01E12 - Beauty and the Beast</title>
        <meta>
                <content>episode</content>
                <imdb></imdb>
                <tvdb>77664</tvdb>
                <tvshowtitle>McHale's Navy</tvshowtitle>
                <year>1962</year>
                <title>Beauty and the Beast</title>
                <premiered>1963-01-03</premiered>
                <season>1</season>
                <episode>12</episode>
        </meta>
        <link>
		<sublink>search</sublink>
                <sublink>searchsd</sublink>
        </link>
        <animated_thumbnail></animated_thumbnail>
        <thumbnail>https://www.thetvdb.com/banners/_cache/episodes/77664/253390.jpg</thumbnail>
        <animated_fanart></animated_fanart>
        <fanart>https://www.thetvdb.com/banners/_cache/fanart/original/77664-3.jpg</fanart>
</item>

 <item>
        <title>McHale's Navy S01E13 - The Captain's Mission</title>
        <meta>
                <content>episode</content>
                <imdb></imdb>
                <tvdb>77664</tvdb>
                <tvshowtitle>McHale's Navy</tvshowtitle>
                <year>1962</year>
                <title>The Captain's Mission</title>
                <premiered>1963-01-10</premiered>
                <season>1</season>
                <episode>13</episode>
        </meta>
        <link>
		<sublink>search</sublink>
                <sublink>searchsd</sublink>
        </link>
        <animated_thumbnail></animated_thumbnail>
        <thumbnail>https://www.thetvdb.com/banners/_cache/episodes/77664/253391.jpg</thumbnail>
        <animated_fanart></animated_fanart>
        <fanart>https://www.thetvdb.com/banners/_cache/fanart/original/77664-3.jpg</fanart>
</item>

 <item>
        <title>McHale's Navy S01E14 - Send Us a Hero</title>
        <meta>
                <content>episode</content>
                <imdb></imdb>
                <tvdb>77664</tvdb>
                <tvshowtitle>McHale's Navy</tvshowtitle>
                <year>1962</year>
                <title>Send Us a Hero</title>
                <premiered>1963-01-17</premiered>
                <season>1</season>
                <episode>14</episode>
        </meta>
        <link>
		<sublink>search</sublink>
                <sublink>searchsd</sublink>
        </link>
        <animated_thumbnail></animated_thumbnail>
        <thumbnail>https://www.thetvdb.com/banners/_cache/episodes/77664/253392.jpg</thumbnail>
        <animated_fanart></animated_fanart>
        <fanart>https://www.thetvdb.com/banners/_cache/fanart/original/77664-3.jpg</fanart>
</item>

 <item>
        <title>McHale's Navy S01E15 - The Captain Steals a Cook</title>
        <meta>
                <content>episode</content>
                <imdb></imdb>
                <tvdb>77664</tvdb>
                <tvshowtitle>McHale's Navy</tvshowtitle>
                <year>1962</year>
                <title>The Captain Steals a Cook</title>
                <premiered>1963-01-24</premiered>
                <season>1</season>
                <episode>15</episode>
        </meta>
        <link>
		<sublink>search</sublink>
                <sublink>searchsd</sublink>
        </link>
        <animated_thumbnail></animated_thumbnail>
        <thumbnail>https://www.thetvdb.com/banners/_cache/episodes/77664/253393.jpg</thumbnail>
        <animated_fanart></animated_fanart>
        <fanart>https://www.thetvdb.com/banners/_cache/fanart/original/77664-3.jpg</fanart>
</item>

 <item>
        <title>McHale's Navy S01E16 - The Ensign Gets a Zero</title>
        <meta>
                <content>episode</content>
                <imdb></imdb>
                <tvdb>77664</tvdb>
                <tvshowtitle>McHale's Navy</tvshowtitle>
                <year>1962</year>
                <title>The Ensign Gets a Zero</title>
                <premiered>1963-01-31</premiered>
                <season>1</season>
                <episode>16</episode>
        </meta>
        <link>
		<sublink>search</sublink>
                <sublink>searchsd</sublink>
        </link>
        <animated_thumbnail></animated_thumbnail>
        <thumbnail>https://www.thetvdb.com/banners/_cache/episodes/77664/253394.jpg</thumbnail>
        <animated_fanart></animated_fanart>
        <fanart>https://www.thetvdb.com/banners/_cache/fanart/original/77664-3.jpg</fanart>
</item>

 <item>
        <title>McHale's Navy S01E17 - The Big Raffle</title>
        <meta>
                <content>episode</content>
                <imdb></imdb>
                <tvdb>77664</tvdb>
                <tvshowtitle>McHale's Navy</tvshowtitle>
                <year>1962</year>
                <title>The Big Raffle</title>
                <premiered>1963-02-07</premiered>
                <season>1</season>
                <episode>17</episode>
        </meta>
        <link>
		<sublink>search</sublink>
                <sublink>searchsd</sublink>
        </link>
        <animated_thumbnail></animated_thumbnail>
        <thumbnail>https://www.thetvdb.com/banners/_cache/episodes/77664/253395.jpg</thumbnail>
        <animated_fanart></animated_fanart>
        <fanart>https://www.thetvdb.com/banners/_cache/fanart/original/77664-3.jpg</fanart>
</item>

 <item>
        <title>McHale's Navy S01E18 - One of Our Engines Is Missing</title>
        <meta>
                <content>episode</content>
                <imdb></imdb>
                <tvdb>77664</tvdb>
                <tvshowtitle>McHale's Navy</tvshowtitle>
                <year>1962</year>
                <title>One of Our Engines Is Missing</title>
                <premiered>1963-02-14</premiered>
                <season>1</season>
                <episode>18</episode>
        </meta>
        <link>
		<sublink>search</sublink>
                <sublink>searchsd</sublink>
        </link>
        <animated_thumbnail></animated_thumbnail>
        <thumbnail>https://www.thetvdb.com/banners/_cache/episodes/77664/253396.jpg</thumbnail>
        <animated_fanart></animated_fanart>
        <fanart>https://www.thetvdb.com/banners/_cache/fanart/original/77664-3.jpg</fanart>
</item>

 <item>
        <title>McHale's Navy S01E19 - The Natives Get Restless</title>
        <meta>
                <content>episode</content>
                <imdb></imdb>
                <tvdb>77664</tvdb>
                <tvshowtitle>McHale's Navy</tvshowtitle>
                <year>1962</year>
                <title>The Natives Get Restless</title>
                <premiered>1963-02-21</premiered>
                <season>1</season>
                <episode>19</episode>
        </meta>
        <link>
		<sublink>search</sublink>
                <sublink>searchsd</sublink>
        </link>
        <animated_thumbnail></animated_thumbnail>
        <thumbnail>https://www.thetvdb.com/banners/_cache/episodes/77664/253397.jpg</thumbnail>
        <animated_fanart></animated_fanart>
        <fanart>https://www.thetvdb.com/banners/_cache/fanart/original/77664-3.jpg</fanart>
</item>

 <item>
        <title>McHale's Navy S01E20 - The Confidence Game</title>
        <meta>
                <content>episode</content>
                <imdb></imdb>
                <tvdb>77664</tvdb>
                <tvshowtitle>McHale's Navy</tvshowtitle>
                <year>1962</year>
                <title>The Confidence Game</title>
                <premiered>1963-02-28</premiered>
                <season>1</season>
                <episode>20</episode>
        </meta>
        <link>
		<sublink>search</sublink>
                <sublink>searchsd</sublink>
        </link>
        <animated_thumbnail></animated_thumbnail>
        <thumbnail>https://www.thetvdb.com/banners/_cache/episodes/77664/253398.jpg</thumbnail>
        <animated_fanart></animated_fanart>
        <fanart>https://www.thetvdb.com/banners/_cache/fanart/original/77664-3.jpg</fanart>
</item>

 <item>
        <title>McHale's Navy S01E21 - Six Pounds from Paradise</title>
        <meta>
                <content>episode</content>
                <imdb></imdb>
                <tvdb>77664</tvdb>
                <tvshowtitle>McHale's Navy</tvshowtitle>
                <year>1962</year>
                <title>Six Pounds from Paradise</title>
                <premiered>1963-03-07</premiered>
                <season>1</season>
                <episode>21</episode>
        </meta>
        <link>
		<sublink>search</sublink>
                <sublink>searchsd</sublink>
        </link>
        <animated_thumbnail></animated_thumbnail>
        <thumbnail>https://www.thetvdb.com/banners/_cache/episodes/77664/253399.jpg</thumbnail>
        <animated_fanart></animated_fanart>
        <fanart>https://www.thetvdb.com/banners/_cache/fanart/original/77664-3.jpg</fanart>
</item>

 <item>
        <title>McHale's Navy S01E22 - Washing Machine Charlie</title>
        <meta>
                <content>episode</content>
                <imdb></imdb>
                <tvdb>77664</tvdb>
                <tvshowtitle>McHale's Navy</tvshowtitle>
                <year>1962</year>
                <title>Washing Machine Charlie</title>
                <premiered>1963-03-14</premiered>
                <season>1</season>
                <episode>22</episode>
        </meta>
        <link>
		<sublink>search</sublink>
                <sublink>searchsd</sublink>
        </link>
        <animated_thumbnail></animated_thumbnail>
        <thumbnail>https://www.thetvdb.com/banners/_cache/episodes/77664/253400.jpg</thumbnail>
        <animated_fanart></animated_fanart>
        <fanart>https://www.thetvdb.com/banners/_cache/fanart/original/77664-3.jpg</fanart>
</item>

 <item>
        <title>McHale's Navy S01E23 - Nippon Nancy Calling</title>
        <meta>
                <content>episode</content>
                <imdb></imdb>
                <tvdb>77664</tvdb>
                <tvshowtitle>McHale's Navy</tvshowtitle>
                <year>1962</year>
                <title>Nippon Nancy Calling</title>
                <premiered>1963-03-21</premiered>
                <season>1</season>
                <episode>23</episode>
        </meta>
        <link>
		<sublink>search</sublink>
                <sublink>searchsd</sublink>
        </link>
        <animated_thumbnail></animated_thumbnail>
        <thumbnail>https://www.thetvdb.com/banners/_cache/episodes/77664/253401.jpg</thumbnail>
        <animated_fanart></animated_fanart>
        <fanart>https://www.thetvdb.com/banners/_cache/fanart/original/77664-3.jpg</fanart>
</item>

 <item>
        <title>McHale's Navy S01E24 - One Enchanted Weekend</title>
        <meta>
                <content>episode</content>
                <imdb></imdb>
                <tvdb>77664</tvdb>
                <tvshowtitle>McHale's Navy</tvshowtitle>
                <year>1962</year>
                <title>One Enchanted Weekend</title>
                <premiered>1963-03-28</premiered>
                <season>1</season>
                <episode>24</episode>
        </meta>
        <link>
		<sublink>search</sublink>
                <sublink>searchsd</sublink>
        </link>
        <animated_thumbnail></animated_thumbnail>
        <thumbnail>https://www.thetvdb.com/banners/_cache/episodes/77664/253402.jpg</thumbnail>
        <animated_fanart></animated_fanart>
        <fanart>https://www.thetvdb.com/banners/_cache/fanart/original/77664-3.jpg</fanart>
</item>

 <item>
        <title>McHale's Navy S01E25 - The Mothers of PT 73</title>
        <meta>
                <content>episode</content>
                <imdb></imdb>
                <tvdb>77664</tvdb>
                <tvshowtitle>McHale's Navy</tvshowtitle>
                <year>1962</year>
                <title>The Mothers of PT 73</title>
                <premiered>1963-04-04</premiered>
                <season>1</season>
                <episode>25</episode>
        </meta>
        <link>
		<sublink>search</sublink>
                <sublink>searchsd</sublink>
        </link>
        <animated_thumbnail></animated_thumbnail>
        <thumbnail>https://www.thetvdb.com/banners/_cache/episodes/77664/253403.jpg</thumbnail>
        <animated_fanart></animated_fanart>
        <fanart>https://www.thetvdb.com/banners/_cache/fanart/original/77664-3.jpg</fanart>
</item>

 <item>
        <title>McHale's Navy S01E26 - H.M.S. 73</title>
        <meta>
                <content>episode</content>
                <imdb></imdb>
                <tvdb>77664</tvdb>
                <tvshowtitle>McHale's Navy</tvshowtitle>
                <year>1962</year>
                <title>H.M.S. 73</title>
                <premiered>1963-04-11</premiered>
                <season>1</season>
                <episode>26</episode>
        </meta>
        <link>
		<sublink>search</sublink>
                <sublink>searchsd</sublink>
        </link>
        <animated_thumbnail></animated_thumbnail>
        <thumbnail>https://www.thetvdb.com/banners/_cache/episodes/77664/253404.jpg</thumbnail>
        <animated_fanart></animated_fanart>
        <fanart>https://www.thetvdb.com/banners/_cache/fanart/original/77664-3.jpg</fanart>
</item>

 <item>
        <title>McHale's Navy S01E27 - A Wreath for McHale</title>
        <meta>
                <content>episode</content>
                <imdb></imdb>
                <tvdb>77664</tvdb>
                <tvshowtitle>McHale's Navy</tvshowtitle>
                <year>1962</year>
                <title>A Wreath for McHale</title>
                <premiered>1963-04-18</premiered>
                <season>1</season>
                <episode>27</episode>
        </meta>
        <link>
		<sublink>search</sublink>
                <sublink>searchsd</sublink>
        </link>
        <animated_thumbnail></animated_thumbnail>
        <thumbnail>https://www.thetvdb.com/banners/_cache/episodes/77664/253405.jpg</thumbnail>
        <animated_fanart></animated_fanart>
        <fanart>https://www.thetvdb.com/banners/_cache/fanart/original/77664-3.jpg</fanart>
</item>

 <item>
        <title>McHale's Navy S01E28 - Portrait of a Peerless Leader</title>
        <meta>
                <content>episode</content>
                <imdb></imdb>
                <tvdb>77664</tvdb>
                <tvshowtitle>McHale's Navy</tvshowtitle>
                <year>1962</year>
                <title>Portrait of a Peerless Leader</title>
                <premiered>1963-04-25</premiered>
                <season>1</season>
                <episode>28</episode>
        </meta>
        <link>
		<sublink>search</sublink>
                <sublink>searchsd</sublink>
        </link>
        <animated_thumbnail></animated_thumbnail>
        <thumbnail>https://www.thetvdb.com/banners/_cache/episodes/77664/253406.jpg</thumbnail>
        <animated_fanart></animated_fanart>
        <fanart>https://www.thetvdb.com/banners/_cache/fanart/original/77664-3.jpg</fanart>
</item>

 <item>
        <title>McHale's Navy S01E29 - Instant Democracy</title>
        <meta>
                <content>episode</content>
                <imdb></imdb>
                <tvdb>77664</tvdb>
                <tvshowtitle>McHale's Navy</tvshowtitle>
                <year>1962</year>
                <title>Instant Democracy</title>
                <premiered>1963-05-02</premiered>
                <season>1</season>
                <episode>29</episode>
        </meta>
        <link>
		<sublink>search</sublink>
                <sublink>searchsd</sublink>
        </link>
        <animated_thumbnail></animated_thumbnail>
        <thumbnail>https://www.thetvdb.com/banners/_cache/episodes/77664/253407.jpg</thumbnail>
        <animated_fanart></animated_fanart>
        <fanart>https://www.thetvdb.com/banners/_cache/fanart/original/77664-3.jpg</fanart>
</item>

 <item>
        <title>McHale's Navy S01E30 - Camera, Action, Panic</title>
        <meta>
                <content>episode</content>
                <imdb></imdb>
                <tvdb>77664</tvdb>
                <tvshowtitle>McHale's Navy</tvshowtitle>
                <year>1962</year>
                <title>Camera, Action, Panic</title>
                <premiered>1963-05-09</premiered>
                <season>1</season>
                <episode>30</episode>
        </meta>
        <link>
		<sublink>search</sublink>
                <sublink>searchsd</sublink>
        </link>
        <animated_thumbnail></animated_thumbnail>
        <thumbnail>https://www.thetvdb.com/banners/_cache/episodes/77664/253408.jpg</thumbnail>
        <animated_fanart></animated_fanart>
        <fanart>https://www.thetvdb.com/banners/_cache/fanart/original/77664-3.jpg</fanart>
</item>

 <item>
        <title>McHale's Navy S01E31 - Alias Captain Binghamton</title>
        <meta>
                <content>episode</content>
                <imdb></imdb>
                <tvdb>77664</tvdb>
                <tvshowtitle>McHale's Navy</tvshowtitle>
                <year>1962</year>
                <title>Alias Captain Binghamton</title>
                <premiered>1963-05-16</premiered>
                <season>1</season>
                <episode>31</episode>
        </meta>
        <link>
		<sublink>search</sublink>
                <sublink>searchsd</sublink>
        </link>
        <animated_thumbnail></animated_thumbnail>
        <thumbnail>https://www.thetvdb.com/banners/_cache/episodes/77664/253409.jpg</thumbnail>
        <animated_fanart></animated_fanart>
        <fanart>https://www.thetvdb.com/banners/_cache/fanart/original/77664-3.jpg</fanart>
</item>

 <item>
        <title>McHale's Navy S01E32 - Parents Anonymous</title>
        <meta>
                <content>episode</content>
                <imdb></imdb>
                <tvdb>77664</tvdb>
                <tvshowtitle>McHale's Navy</tvshowtitle>
                <year>1962</year>
                <title>Parents Anonymous</title>
                <premiered>1963-05-23</premiered>
                <season>1</season>
                <episode>32</episode>
        </meta>
        <link>
		<sublink>search</sublink>
                <sublink>searchsd</sublink>
        </link>
        <animated_thumbnail></animated_thumbnail>
        <thumbnail>https://www.thetvdb.com/banners/_cache/episodes/77664/253410.jpg</thumbnail>
        <animated_fanart></animated_fanart>
        <fanart>https://www.thetvdb.com/banners/_cache/fanart/original/77664-3.jpg</fanart>
</item>

 <item>
        <title>McHale's Navy S01E33 - McHale's Millions</title>
        <meta>
                <content>episode</content>
                <imdb></imdb>
                <tvdb>77664</tvdb>
                <tvshowtitle>McHale's Navy</tvshowtitle>
                <year>1962</year>
                <title>McHale's Millions</title>
                <premiered>1963-05-30</premiered>
                <season>1</season>
                <episode>33</episode>
        </meta>
        <link>
		<sublink>search</sublink>
                <sublink>searchsd</sublink>
        </link>
        <animated_thumbnail></animated_thumbnail>
        <thumbnail>https://www.thetvdb.com/banners/_cache/episodes/77664/253411.jpg</thumbnail>
        <animated_fanart></animated_fanart>
        <fanart>https://www.thetvdb.com/banners/_cache/fanart/original/77664-3.jpg</fanart>
</item>

 <item>
        <title>McHale's Navy S01E34 - The Hillbillies of PT 73</title>
        <meta>
                <content>episode</content>
                <imdb></imdb>
                <tvdb>77664</tvdb>
                <tvshowtitle>McHale's Navy</tvshowtitle>
                <year>1962</year>
                <title>The Hillbillies of PT 73</title>
                <premiered>1963-06-06</premiered>
                <season>1</season>
                <episode>34</episode>
        </meta>
        <link>
		<sublink>search</sublink>
                <sublink>searchsd</sublink>
        </link>
        <animated_thumbnail></animated_thumbnail>
        <thumbnail>https://www.thetvdb.com/banners/_cache/episodes/77664/253412.jpg</thumbnail>
        <animated_fanart></animated_fanart>
        <fanart>https://www.thetvdb.com/banners/_cache/fanart/original/77664-3.jpg</fanart>
</item>

 <item>
        <title>McHale's Navy S01E35 - The Monster of McHale's Island</title>
        <meta>
                <content>episode</content>
                <imdb></imdb>
                <tvdb>77664</tvdb>
                <tvshowtitle>McHale's Navy</tvshowtitle>
                <year>1962</year>
                <title>The Monster of McHale's Island</title>
                <premiered>1963-06-13</premiered>
                <season>1</season>
                <episode>35</episode>
        </meta>
        <link>
		<sublink>search</sublink>
                <sublink>searchsd</sublink>
        </link>
        <animated_thumbnail></animated_thumbnail>
        <thumbnail>https://www.thetvdb.com/banners/_cache/episodes/77664/253413.jpg</thumbnail>
        <animated_fanart></animated_fanart>
        <fanart>https://www.thetvdb.com/banners/_cache/fanart/original/77664-3.jpg</fanart>
</item>

 <item>
        <title>McHale's Navy S01E36 - Uncle Admiral</title>
        <meta>
                <content>episode</content>
                <imdb></imdb>
                <tvdb>77664</tvdb>
                <tvshowtitle>McHale's Navy</tvshowtitle>
                <year>1962</year>
                <title>Uncle Admiral</title>
                <premiered>1963-06-27</premiered>
                <season>1</season>
                <episode>36</episode>
        </meta>
        <link>
		<sublink>search</sublink>
                <sublink>searchsd</sublink>
        </link>
        <animated_thumbnail></animated_thumbnail>
        <thumbnail>https://www.thetvdb.com/banners/_cache/episodes/77664/253414.jpg</thumbnail>
        <animated_fanart></animated_fanart>
        <fanart>https://www.thetvdb.com/banners/_cache/fanart/original/77664-3.jpg</fanart>
</item>







