########################
<poster>Mission: Impossible</poster>
<thumbnail></thumbnail>
<fanart></fanart>
#############################

<dir>
        <name>Season 1</name>
        <meta>
                <content>season</content>
                <imdb>tt0060009</imdb>
                <tvdb>77231</tvdb>
                <tvshowtitle>Mission: Impossible</tvshowtitle>
                <year>1966</year>
                <season>1</season>
        </meta>
        <link></link>
        <thumbnail>https://www.thetvdb.com/banners/_cache/seasons/77231-1-2.jpg</thumbnail>
</dir>

<dir>		
        <name>Season 2</name>
        <meta>
                <content>season</content>
                <imdb>tt0060009</imdb>
                <tvdb>77231</tvdb>
                <tvshowtitle>Mission: Impossible</tvshowtitle>
                <year>1966</year>
                <season>2</season>
        </meta>
        <link></link>
        <thumbnail>https://www.thetvdb.com/banners/_cache/seasons/77231-2-3.jpg</thumbnail>		
</dir>

<dir>		
        <name>Season 3</name>
        <meta>
                <content>season</content>
                <imdb>tt0060009</imdb>
                <tvdb>77231</tvdb>
                <tvshowtitle>Mission: Impossible</tvshowtitle>
                <year>1966</year>
                <season>3</season>
        </meta>
        <link></link>
        <thumbnail>https://www.thetvdb.com/banners/_cache/seasons/77231-3-2.jpg</thumbnail>		
</dir>

<dir>		
        <name>Season 4</name>
        <meta>
                <content>season</content>
                <imdb>tt0060009</imdb>
                <tvdb>77231</tvdb>
                <tvshowtitle>Mission: Impossible</tvshowtitle>
                <year>1966</year>
                <season>4</season>
        </meta>
        <link></link>
        <thumbnail>https://www.thetvdb.com/banners/_cache/seasons/77231-4-5.jpg</thumbnail>		
</dir>

<dir>		
        <name>Season 5</name>
        <meta>
                <content>season</content>
                <imdb>tt0060009</imdb>
                <tvdb>77231</tvdb>
                <tvshowtitle>Mission: Impossible</tvshowtitle>
                <year>1966</year>
                <season>5</season>
        </meta>
        <link></link>
        <thumbnail>https://www.thetvdb.com/banners/_cache/seasons/77231-5-2.jpg</thumbnail>		
</dir>

<dir>		
        <name>Season 6</name>
        <meta>
                <content>season</content>
                <imdb>tt0060009</imdb>
                <tvdb>77231</tvdb>
                <tvshowtitle>Mission: Impossible</tvshowtitle>
                <year>1966</year>
                <season>6</season>
        </meta>
        <link></link>
        <thumbnail>https://www.thetvdb.com/banners/_cache/seasons/77231-6.jpg</thumbnail>		
</dir>

<dir>		
        <name>Season 7</name>
        <meta>
                <content>season</content>
                <imdb>tt0060009</imdb>
                <tvdb>77231</tvdb>
                <tvshowtitle>Mission: Impossible</tvshowtitle>
                <year>1966</year>
                <season>7</season>
        </meta>
        <link></link>
        <thumbnail>https://www.thetvdb.com/banners/_cache/seasons/77231-7-2.jpg</thumbnail>		
</dir>
