########################
<poster>Season 1</poster>
<thumbnail></thumbnail>
<fanart></fanart>
########################

 <item>
        <title>Mission: Impossible S01E01 - The Informer</title>
        <meta>
                <content>episode</content>
                <imdb></imdb>
                <tvdb>77231</tvdb>
                <tvshowtitle>Mission: Impossible</tvshowtitle>
                <year>1966</year>
                <title>The Informer</title>
                <premiered>1966-09-17</premiered>
                <season>1</season>
                <episode>1</episode>
        </meta>
        <link>
		<sublink>search</sublink>
                <sublink>searchsd</sublink>
        </link>
        <animated_thumbnail></animated_thumbnail>
        <thumbnail>https://www.thetvdb.com/banners/_cache/episodes/77231/54456.jpg</thumbnail>
        <animated_fanart></animated_fanart>
        <fanart>https://www.thetvdb.com/banners/_cache/fanart/original/77231-2.jpg</fanart>
</item>

 <item>
        <title>Mission: Impossible S01E02 - Hold that Tiger</title>
        <meta>
                <content>episode</content>
                <imdb></imdb>
                <tvdb>77231</tvdb>
                <tvshowtitle>Mission: Impossible</tvshowtitle>
                <year>1966</year>
                <title>Hold that Tiger</title>
                <premiered>1966-09-24</premiered>
                <season>1</season>
                <episode>2</episode>
        </meta>
        <link>
		<sublink>search</sublink>
                <sublink>searchsd</sublink>
        </link>
        <animated_thumbnail></animated_thumbnail>
        <thumbnail>https://www.thetvdb.com/banners/_cache/episodes/77231/54457.jpg</thumbnail>
        <animated_fanart></animated_fanart>
        <fanart>https://www.thetvdb.com/banners/_cache/fanart/original/77231-2.jpg</fanart>
</item>

 <item>
        <title>Mission: Impossible S01E03 - Kommandant of the Year</title>
        <meta>
                <content>episode</content>
                <imdb></imdb>
                <tvdb>77231</tvdb>
                <tvshowtitle>Mission: Impossible</tvshowtitle>
                <year>1966</year>
                <title>Kommandant of the Year</title>
                <premiered>1966-10-01</premiered>
                <season>1</season>
                <episode>3</episode>
        </meta>
        <link>
		<sublink>search</sublink>
                <sublink>searchsd</sublink>
        </link>
        <animated_thumbnail></animated_thumbnail>
        <thumbnail>https://www.thetvdb.com/banners/_cache/episodes/77231/54458.jpg</thumbnail>
        <animated_fanart></animated_fanart>
        <fanart>https://www.thetvdb.com/banners/_cache/fanart/original/77231-2.jpg</fanart>
</item>

 <item>
        <title>Mission: Impossible S01E04 - The Late Inspector General</title>
        <meta>
                <content>episode</content>
                <imdb></imdb>
                <tvdb>77231</tvdb>
                <tvshowtitle>Mission: Impossible</tvshowtitle>
                <year>1966</year>
                <title>The Late Inspector General</title>
                <premiered>1966-10-08</premiered>
                <season>1</season>
                <episode>4</episode>
        </meta>
        <link>
		<sublink>search</sublink>
                <sublink>searchsd</sublink>
        </link>
        <animated_thumbnail></animated_thumbnail>
        <thumbnail>https://www.thetvdb.com/banners/_cache/episodes/77231/54459.jpg</thumbnail>
        <animated_fanart></animated_fanart>
        <fanart>https://www.thetvdb.com/banners/_cache/fanart/original/77231-2.jpg</fanart>
</item>

 <item>
        <title>Mission: Impossible S01E05 - The Flight of the Valkyrie</title>
        <meta>
                <content>episode</content>
                <imdb></imdb>
                <tvdb>77231</tvdb>
                <tvshowtitle>Mission: Impossible</tvshowtitle>
                <year>1966</year>
                <title>The Flight of the Valkyrie</title>
                <premiered>1966-10-15</premiered>
                <season>1</season>
                <episode>5</episode>
        </meta>
        <link>
		<sublink>search</sublink>
                <sublink>searchsd</sublink>
        </link>
        <animated_thumbnail></animated_thumbnail>
        <thumbnail>https://www.thetvdb.com/banners/_cache/episodes/77231/54460.jpg</thumbnail>
        <animated_fanart></animated_fanart>
        <fanart>https://www.thetvdb.com/banners/_cache/fanart/original/77231-2.jpg</fanart>
</item>

 <item>
        <title>Mission: Impossible S01E06 - The Prisoner's Prisoner</title>
        <meta>
                <content>episode</content>
                <imdb></imdb>
                <tvdb>77231</tvdb>
                <tvshowtitle>Mission: Impossible</tvshowtitle>
                <year>1966</year>
                <title>The Prisoner's Prisoner</title>
                <premiered>1966-10-22</premiered>
                <season>1</season>
                <episode>6</episode>
        </meta>
        <link>
		<sublink>search</sublink>
                <sublink>searchsd</sublink>
        </link>
        <animated_thumbnail></animated_thumbnail>
        <thumbnail>https://www.thetvdb.com/banners/_cache/episodes/77231/54461.jpg</thumbnail>
        <animated_fanart></animated_fanart>
        <fanart>https://www.thetvdb.com/banners/_cache/fanart/original/77231-2.jpg</fanart>
</item>

 <item>
        <title>Mission: Impossible S01E07 - German Bridge is Falling Down</title>
        <meta>
                <content>episode</content>
                <imdb></imdb>
                <tvdb>77231</tvdb>
                <tvshowtitle>Mission: Impossible</tvshowtitle>
                <year>1966</year>
                <title>German Bridge is Falling Down</title>
                <premiered>1966-10-29</premiered>
                <season>1</season>
                <episode>7</episode>
        </meta>
        <link>
		<sublink>search</sublink>
                <sublink>searchsd</sublink>
        </link>
        <animated_thumbnail></animated_thumbnail>
        <thumbnail>https://www.thetvdb.com/banners/_cache/episodes/77231/54462.jpg</thumbnail>
        <animated_fanart></animated_fanart>
        <fanart>https://www.thetvdb.com/banners/_cache/fanart/original/77231-2.jpg</fanart>
</item>
 <item>
        <title>Mission: Impossible S01E08 - Movies Are Your Best Escape</title>
        <meta>
                <content>episode</content>
                <imdb></imdb>
                <tvdb>77231</tvdb>
                <tvshowtitle>Mission: Impossible</tvshowtitle>
                <year>1966</year>
                <title>Movies Are Your Best Escape</title>
                <premiered>1966-11-05</premiered>
                <season>1</season>
                <episode>8</episode>
        </meta>
        <link>
		<sublink>search</sublink>
                <sublink>searchsd</sublink>
        </link>
        <animated_thumbnail></animated_thumbnail>
        <thumbnail>https://www.thetvdb.com/banners/_cache/episodes/77231/54463.jpg</thumbnail>
        <animated_fanart></animated_fanart>
        <fanart>https://www.thetvdb.com/banners/_cache/fanart/original/77231-2.jpg</fanart>
</item>

 <item>
        <title>Mission: Impossible S01E09 - Go Light on the Heavy Water</title>
        <meta>
                <content>episode</content>
                <imdb></imdb>
                <tvdb>77231</tvdb>
                <tvshowtitle>Mission: Impossible</tvshowtitle>
                <year>1966</year>
                <title>Go Light on the Heavy Water</title>
                <premiered>1966-11-12</premiered>
                <season>1</season>
                <episode>9</episode>
        </meta>
        <link>
		<sublink>search</sublink>
                <sublink>searchsd</sublink>
        </link>
        <animated_thumbnail></animated_thumbnail>
        <thumbnail>https://www.thetvdb.com/banners/_cache/episodes/77231/54464.jpg</thumbnail>
        <animated_fanart></animated_fanart>
        <fanart>https://www.thetvdb.com/banners/_cache/fanart/original/77231-2.jpg</fanart>
</item>

 <item>
        <title>Mission: Impossible S01E10 - Top Hat, White Tie and Bomb Sight</title>
        <meta>
                <content>episode</content>
                <imdb></imdb>
                <tvdb>77231</tvdb>
                <tvshowtitle>Mission: Impossible</tvshowtitle>
                <year>1966</year>
                <title>Top Hat, White Tie and Bomb Sight</title>
                <premiered>1966-11-19</premiered>
                <season>1</season>
                <episode>10</episode>
        </meta>
        <link>
		<sublink>search</sublink>
                <sublink>searchsd</sublink>
        </link>
        <animated_thumbnail></animated_thumbnail>
        <thumbnail>https://www.thetvdb.com/banners/_cache/episodes/77231/54465.jpg</thumbnail>
        <animated_fanart></animated_fanart>
        <fanart>https://www.thetvdb.com/banners/_cache/fanart/original/77231-2.jpg</fanart>
</item>
 <item>
        <title>Mission: Impossible S01E11 - Happiness is a Warm Sergeant</title>
        <meta>
                <content>episode</content>
                <imdb></imdb>
                <tvdb>77231</tvdb>
                <tvshowtitle>Happiness is a Warm Sergeant</tvshowtitle>
                <year>1966</year>
                <title>Germ Warfare</title>
                <premiered>1966-11-26</premiered>
                <season>1</season>
                <episode>11</episode>
        </meta>
        <link>
		<sublink>search</sublink>
                <sublink>searchsd</sublink>
        </link>
        <animated_thumbnail></animated_thumbnail>
        <thumbnail>https://www.thetvdb.com/banners/_cache/episodes/77231/54466.jpg</thumbnail>
        <animated_fanart></animated_fanart>
        <fanart>https://www.thetvdb.com/banners/_cache/fanart/original/77231-2.jpg</fanart>
</item>

 <item>
        <title>Mission: Impossible S01E12 - The Scientist</title>
        <meta>
                <content>episode</content>
                <imdb></imdb>
                <tvdb>77231</tvdb>
                <tvshowtitle>Mission: Impossible</tvshowtitle>
                <year>1966</year>
                <title>The Scientist</title>
                <premiered>1966-12-03</premiered>
                <season>1</season>
                <episode>12</episode>
        </meta>
        <link>
		<sublink>search</sublink>
                <sublink>searchsd</sublink>
        </link>
        <animated_thumbnail></animated_thumbnail>
        <thumbnail>https://www.thetvdb.com/banners/_cache/episodes/77231/54467.jpg</thumbnail>
        <animated_fanart></animated_fanart>
        <fanart>https://www.thetvdb.com/banners/_cache/fanart/original/77231-2.jpg</fanart>
</item>

 <item>
        <title>Mission: Impossible S01E13 - Hogan's Hofbrau</title>
        <meta>
                <content>episode</content>
                <imdb></imdb>
                <tvdb>77231</tvdb>
                <tvshowtitle>Mission: Impossible</tvshowtitle>
                <year>1966</year>
                <title>Hogan's Hofbrau</title>
                <premiered>1966-12-10</premiered>
                <season>1</season>
                <episode>13</episode>
        </meta>
        <link>
		<sublink>search</sublink>
                <sublink>searchsd</sublink>
        </link>
        <animated_thumbnail></animated_thumbnail>
        <thumbnail>https://www.thetvdb.com/banners/_cache/episodes/77231/54468.jpg</thumbnail>
        <animated_fanart></animated_fanart>
        <fanart>https://www.thetvdb.com/banners/_cache/fanart/original/77231-2.jpg</fanart>
</item>

 <item>
        <title>Mission: Impossible S01E14 - Oil for the Lamps of Hogan</title>
        <meta>
                <content>episode</content>
                <imdb></imdb>
                <tvdb>77231</tvdb>
                <tvshowtitle>Mission: Impossible</tvshowtitle>
                <year>1966</year>
                <title>Oil for the Lamps of Hogan</title>
                <premiered>1966-12-17</premiered>
                <season>1</season>
                <episode>14</episode>
        </meta>
        <link>
		<sublink>search</sublink>
                <sublink>searchsd</sublink>
        </link>
        <animated_thumbnail></animated_thumbnail>
        <thumbnail>https://www.thetvdb.com/banners/_cache/episodes/77231/54469.jpg</thumbnail>
        <animated_fanart></animated_fanart>
        <fanart>https://www.thetvdb.com/banners/_cache/fanart/original/77231-2.jpg</fanart>
</item>

 <item>
        <title>Mission: Impossible S01E15 - Reservations are Required</title>
        <meta>
                <content>episode</content>
                <imdb></imdb>
                <tvdb>77231</tvdb>
                <tvshowtitle>Mission: Impossible</tvshowtitle>
                <year>1966</year>
                <title>Reservations are Required</title>
                <premiered>1966-12-24</premiered>
                <season>1</season>
                <episode>15</episode>
        </meta>
        <link>
		<sublink>search</sublink>
                <sublink>searchsd</sublink>
        </link>
        <animated_thumbnail></animated_thumbnail>
        <thumbnail>https://www.thetvdb.com/banners/_cache/episodes/77231/54470.jpg</thumbnail>
        <animated_fanart></animated_fanart>
        <fanart>https://www.thetvdb.com/banners/_cache/fanart/original/77231-2.jpg</fanart>
</item>

 <item>
        <title>Mission: Impossible S01E16 - Anchors Aweigh, Men of Stalag 13</title>
        <meta>
                <content>episode</content>
                <imdb></imdb>
                <tvdb>77231</tvdb>
                <tvshowtitle>Mission: Impossible</tvshowtitle>
                <year>1966</year>
                <title>TAnchors Aweigh, Men of Stalag 13</title>
                <premiered>1966-12-31</premiered>
                <season>1</season>
                <episode>16</episode>
        </meta>
        <link>
		<sublink>search</sublink>
                <sublink>searchsd</sublink>
        </link>
        <animated_thumbnail></animated_thumbnail>
        <thumbnail>https://www.thetvdb.com/banners/_cache/episodes/77231/54471.jpg</thumbnail>
        <animated_fanart></animated_fanart>
        <fanart>https://www.thetvdb.com/banners/_cache/fanart/original/77231-2.jpg</fanart>
</item>

 <item>
        <title>Mission: Impossible S01E17 - Happy Birthday, Adolf</title>
        <meta>
                <content>episode</content>
                <imdb></imdb>
                <tvdb>77231</tvdb>
                <tvshowtitle>Mission: Impossible</tvshowtitle>
                <year>1966</year>
                <title>Happy Birthday, Adolf</title>
                <premiered>1966-01-07</premiered>
                <season>1</season>
                <episode>17</episode>
        </meta>
        <link>
		<sublink>search</sublink>
                <sublink>searchsd</sublink>
        </link>
        <animated_thumbnail></animated_thumbnail>
        <thumbnail>https://www.thetvdb.com/banners/_cache/episodes/77231/54472.jpg</thumbnail>
        <animated_fanart></animated_fanart>
        <fanart>https://www.thetvdb.com/banners/_cache/fanart/original/77231-2.jpg</fanart>
</item>

 <item>
        <title>Mission: Impossible S01E18 - The Gold Rush</title>
        <meta>
                <content>episode</content>
                <imdb></imdb>
                <tvdb>77231</tvdb>
                <tvshowtitle>Mission: Impossible</tvshowtitle>
                <year>1966</year>
                <title>The Gold Rush</title>
                <premiered>1966-01-14</premiered>
                <season>1</season>
                <episode>18</episode>
        </meta>
        <link>
		<sublink>search</sublink>
                <sublink>searchsd</sublink>
        </link>
        <animated_thumbnail></animated_thumbnail>
        <thumbnail>https://www.thetvdb.com/banners/_cache/episodes/77231/54473.jpg</thumbnail>
        <animated_fanart></animated_fanart>
        <fanart>https://www.thetvdb.com/banners/_cache/fanart/original/77231-2.jpg</fanart>
</item>

 <item>
        <title>Mission: Impossible S01E19 - Hello, Zolle</title>
        <meta>
                <content>episode</content>
                <imdb></imdb>
                <tvdb>77231</tvdb>
                <tvshowtitle>Mission: Impossible</tvshowtitle>
                <year>1966</year>
                <title>Hello, Zolle</title>
                <premiered>1966-01-21</premiered>
                <season>1</season>
                <episode>19</episode>
        </meta>
        <link>
		<sublink>search</sublink>
                <sublink>searchsd</sublink>
        </link>
        <animated_thumbnail></animated_thumbnail>
        <thumbnail>https://www.thetvdb.com/banners/_cache/episodes/77231/54474.jpg</thumbnail>
        <animated_fanart></animated_fanart>
        <fanart>https://www.thetvdb.com/banners/_cache/fanart/original/77231-2.jpg</fanart>
</item>

 <item>
        <title>Mission: Impossible S01E20 - It Takes a Thief... Sometimes</title>
        <meta>
                <content>episode</content>
                <imdb></imdb>
                <tvdb>77231</tvdb>
                <tvshowtitle>Mission: Impossible</tvshowtitle>
                <year>1966</year>
                <title>It Takes a Thief... Sometimes</title>
                <premiered>1966-01-28</premiered>
                <season>1</season>
                <episode>20</episode>
        </meta>
        <link>
		<sublink>search</sublink>
                <sublink>searchsd</sublink>
        </link>
        <animated_thumbnail></animated_thumbnail>
        <thumbnail>https://www.thetvdb.com/banners/_cache/episodes/77231/54475.jpg</thumbnail>
        <animated_fanart></animated_fanart>
        <fanart>https://www.thetvdb.com/banners/_cache/fanart/original/77231-2.jpg</fanart>
</item>

 <item>
        <title>Mission: Impossible S01E21 - The Great Impersonation</title>
        <meta>
                <content>episode</content>
                <imdb></imdb>
                <tvdb>77231</tvdb>
                <tvshowtitle>Mission: Impossible</tvshowtitle>
                <year>1966</year>
                <title>The Great Impersonation</title>
                <premiered>1966-02-04</premiered>
                <season>1</season>
                <episode>21</episode>
        </meta>
        <link>
		<sublink>search</sublink>
                <sublink>searchsd</sublink>
        </link>
        <animated_thumbnail></animated_thumbnail>
        <thumbnail>https://www.thetvdb.com/banners/_cache/episodes/77231/54476.jpg</thumbnail>
        <animated_fanart></animated_fanart>
        <fanart>https://www.thetvdb.com/banners/_cache/fanart/original/77231-2.jpg</fanart>
</item>

 <item>
        <title>Mission: Impossible S01E22 - The Pizza Parlor</title>
        <meta>
                <content>episode</content>
                <imdb></imdb>
                <tvdb>77231</tvdb>
                <tvshowtitle>Mission: Impossible</tvshowtitle>
                <year>1966</year>
                <title>The Pizza Parlor</title>
                <premiered>1966-02-11</premiered>
                <season>1</season>
                <episode>22</episode>
        </meta>
        <link>
		<sublink>search</sublink>
                <sublink>searchsd</sublink>
        </link>
        <animated_thumbnail></animated_thumbnail>
        <thumbnail>https://www.thetvdb.com/banners/_cache/episodes/77231/54477.jpg</thumbnail>
        <animated_fanart></animated_fanart>
        <fanart>https://www.thetvdb.com/banners/_cache/fanart/original/77231-2.jpg</fanart>
</item>

 <item>
        <title>Mission: Impossible S01E23 - The 43rd, a Moving Story</title>
        <meta>
                <content>episode</content>
                <imdb></imdb>
                <tvdb>77231</tvdb>
                <tvshowtitle>Mission: Impossible</tvshowtitle>
                <year>1966</year>
                <title>The 43rd, a Moving Story</title>
                <premiered>1966-02-25</premiered>
                <season>1</season>
                <episode>23</episode>
        </meta>
        <link>
		<sublink>search</sublink>
                <sublink>searchsd</sublink>
        </link>
        <animated_thumbnail></animated_thumbnail>
        <thumbnail>https://www.thetvdb.com/banners/_cache/episodes/77231/54478.jpg</thumbnail>
        <animated_fanart></animated_fanart>
        <fanart>https://www.thetvdb.com/banners/_cache/fanart/original/77231-2.jpg</fanart>
</item>

 <item>
        <title>Mission: Impossible S01E24 - How to Cook a German Goose by Radar</title>
        <meta>
                <content>episode</content>
                <imdb></imdb>
                <tvdb>77231</tvdb>
                <tvshowtitle>Mission: Impossible</tvshowtitle>
                <year>1966</year>
                <title>How to Cook a German Goose by Radar</title>
                <premiered>1966-03-04</premiered>
                <season>1</season>
                <episode>24</episode>
        </meta>
        <link>
		<sublink>search</sublink>
                <sublink>searchsd</sublink>
        </link>
        <animated_thumbnail></animated_thumbnail>
        <thumbnail>https://www.thetvdb.com/banners/_cache/episodes/77231/54479.jpg</thumbnail>
        <animated_fanart></animated_fanart>
        <fanart>https://www.thetvdb.com/banners/_cache/fanart/original/77231-2.jpg</fanart>
</item>

 <item>
        <title>Mission: Impossible S01E25 - Psychic Kommandant</title>
        <meta>
                <content>episode</content>
                <imdb></imdb>
                <tvdb>77231</tvdb>
                <tvshowtitle>Mission: Impossible</tvshowtitle>
                <year>1966</year>
                <title>Psychic Kommandant</title>
                <premiered>1966-03-11</premiered>
                <season>1</season>
                <episode>25</episode>
        </meta>
        <link>
		<sublink>search</sublink>
                <sublink>searchsd</sublink>
        </link>
        <animated_thumbnail></animated_thumbnail>
        <thumbnail>https://www.thetvdb.com/banners/_cache/episodes/77231/54480.jpg</thumbnail>
        <animated_fanart></animated_fanart>
        <fanart>https://www.thetvdb.com/banners/_cache/fanart/original/77231-2.jpg</fanart>
</item>

 <item>
        <title>Mission: Impossible S01E26 - The Prince from the Phone Company</title>
        <meta>
                <content>episode</content>
                <imdb></imdb>
                <tvdb>77231</tvdb>
                <tvshowtitle>Mission: Impossible</tvshowtitle>
                <year>1966</year>
                <title>The Prince from the Phone Company</title>
                <premiered>1966-03-18</premiered>
                <season>1</season>
                <episode>26</episode>
        </meta>
        <link>
		<sublink>search</sublink>
                <sublink>searchsd</sublink>
        </link>
        <animated_thumbnail></animated_thumbnail>
        <thumbnail>https://www.thetvdb.com/banners/_cache/episodes/77231/54481.jpg</thumbnail>
        <animated_fanart></animated_fanart>
        <fanart>https://www.thetvdb.com/banners/_cache/fanart/original/77231-2.jpg</fanart>
</item>

 <item>
        <title>Mission: Impossible S01E27 - The Safecracker Suite</title>
        <meta>
                <content>episode</content>
                <imdb></imdb>
                <tvdb>77231</tvdb>
                <tvshowtitle>Mission: Impossible</tvshowtitle>
                <year>1966</year>
                <title>The Safecracker Suite</title>
                <premiered>1966-03-25</premiered>
                <season>1</season>
                <episode>27</episode>
        </meta>
        <link>
		<sublink>search</sublink>
                <sublink>searchsd</sublink>
        </link>
        <animated_thumbnail></animated_thumbnail>
        <thumbnail>https://www.thetvdb.com/banners/_cache/episodes/77231/54482.jpg</thumbnail>
        <animated_fanart></animated_fanart>
        <fanart>https://www.thetvdb.com/banners/_cache/fanart/original/77231-2.jpg</fanart>
</item>

 <item>
        <title>Mission: Impossible S01E28 - I Look Better in Basic Black</title>
        <meta>
                <content>episode</content>
                <imdb></imdb>
                <tvdb>77231</tvdb>
                <tvshowtitle>Mission: Impossible</tvshowtitle>
                <year>1966</year>
                <title>I Look Better in Basic Black</title>
                <premiered>1966-04-01</premiered>
                <season>1</season>
                <episode>28</episode>
        </meta>
        <link>
		<sublink>search</sublink>
                <sublink>searchsd</sublink>
        </link>
        <animated_thumbnail></animated_thumbnail>
        <thumbnail>https://www.thetvdb.com/banners/_cache/episodes/77231/54483.jpg</thumbnail>
        <animated_fanart></animated_fanart>
        <fanart>https://www.thetvdb.com/banners/_cache/fanart/original/77231-2.jpg</fanart>
</item>

 <item>
        <title>Mission: Impossible S01E29 - The Assassin</title>
        <meta>
                <content>episode</content>
                <imdb></imdb>
                <tvdb>77231</tvdb>
                <tvshowtitle>Mission: Impossible</tvshowtitle>
                <year>1966</year>
                <title>The Assassin</title>
                <premiered>1966-04-08</premiered>
                <season>1</season>
                <episode>29</episode>
        </meta>
        <link>
		<sublink>search</sublink>
                <sublink>searchsd</sublink>
        </link>
        <animated_thumbnail></animated_thumbnail>
        <thumbnail>https://www.thetvdb.com/banners/_cache/episodes/77231/54484.jpg</thumbnail>
        <animated_fanart></animated_fanart>
        <fanart>https://www.thetvdb.com/banners/_cache/fanart/original/77231-2.jpg</fanart>
</item>

 <item>
        <title>Mission: Impossible S01E30 - Cupid Comes to Stalag 13</title>
        <meta>
                <content>episode</content>
                <imdb></imdb>
                <tvdb>77231</tvdb>
                <tvshowtitle>Mission: Impossible</tvshowtitle>
                <year>1966</year>
                <title>Cupid Comes to Stalag 13</title>
                <premiered>1966-04-15</premiered>
                <season>1</season>
                <episode>30</episode>
        </meta>
        <link>
		<sublink>search</sublink>
                <sublink>searchsd</sublink>
        </link>
        <animated_thumbnail></animated_thumbnail>
        <thumbnail>https://www.thetvdb.com/banners/_cache/episodes/77231/54485.jpg</thumbnail>
        <animated_fanart></animated_fanart>
        <fanart>https://www.thetvdb.com/banners/_cache/fanart/original/77231-2.jpg</fanart>
</item>

 <item>
        <title>Mission: Impossible S01E31 - The Flame Grows Higher</title>
        <meta>
                <content>episode</content>
                <imdb></imdb>
                <tvdb>77231</tvdb>
                <tvshowtitle>Mission: Impossible</tvshowtitle>
                <year>1966</year>
                <title>The Flame Grows Higher</title>
                <premiered>1966-04-22</premiered>
                <season>1</season>
                <episode>31</episode>
        </meta>
        <link>
		<sublink>search</sublink>
                <sublink>searchsd</sublink>
        </link>
        <animated_thumbnail></animated_thumbnail>
        <thumbnail>https://www.thetvdb.com/banners/_cache/episodes/77231/54486.jpg</thumbnail>
        <animated_fanart></animated_fanart>
        <fanart>https://www.thetvdb.com/banners/_cache/fanart/original/77231-2.jpg</fanart>
</item>

 <item>
        <title>Mission: Impossible S01E32 - Request Permission to Escape</title>
        <meta>
                <content>episode</content>
                <imdb></imdb>
                <tvdb>77231</tvdb>
                <tvshowtitle>Mission: Impossible</tvshowtitle>
                <year>1966</year>
                <title>Request Permission to Escape</title>
                <premiered>1966-04-29</premiered>
                <season>1</season>
                <episode>32</episode>
        </meta>
        <link>
		<sublink>search</sublink>
                <sublink>searchsd</sublink>
        </link>
        <animated_thumbnail></animated_thumbnail>
        <thumbnail>https://www.thetvdb.com/banners/_cache/episodes/77231/54487.jpg</thumbnail>
        <animated_fanart></animated_fanart>
        <fanart>https://www.thetvdb.com/banners/_cache/fanart/original/77231-2.jpg</fanart>
</item>






