########################
<poster>The Monkees</poster>
<thumbnail></thumbnail>
<fanart></fanart>
#############################

<dir>
        <name>Season 1</name>
        <meta>
                <content>season</content>
                <imdb>tt0060010</imdb>
                <tvdb>72109</tvdb>
                <tvshowtitle>The Monkees</tvshowtitle>
                <year>1966</year>
                <season>1</season>
        </meta>
        <link>https://raw.githubusercontent.com/Doggmatic71/maddogg/master/plugin.video.laughtraxx/plugin.video.laughtraxx/resources/monkees1.xml</link>
        <thumbnail>https://www.thetvdb.com/banners/_cache/seasons/72109-1-2.jpg</thumbnail>
</dir>

<dir>		
        <name>Season 2</name>
        <meta>
                <content>season</content>
                <imdb>tt0060010</imdb>
                <tvdb>72109</tvdb>
                <tvshowtitle>The Monkees</tvshowtitle>
                <year>1966</year>
                <season>2</season>
        </meta>
        <link></link>
        <thumbnail>https://www.thetvdb.com/banners/_cache/seasons/72109-2.jpg</thumbnail>		
</dir>
