########################
<poster>Season 1</poster>
<thumbnail></thumbnail>
<fanart></fanart>
########################

 <item>
        <title>Monty Python's Flying Circus S01E01 - Whither Canada?</title>
        <meta>
                <content>episode</content>
                <imdb>tt0758095</imdb>
                <tvdb>75853</tvdb>
                <tvshowtitle>Monty Python's Flying Circus</tvshowtitle>
                <year>1969</year>
                <title>Whither Canada?</title>
                <premiered>1969-10-05</premiered>
                <season>1</season>
                <episode>1</episode>
        </meta>
        <link>
		<sublink>search</sublink>
                <sublink>searchsd</sublink>
        </link>
        <animated_thumbnail></animated_thumbnail>
        <thumbnail>https://www.thetvdb.com/banners/_cache/posters/75853-5.jpg</thumbnail>
        <animated_fanart></animated_fanart>
        <fanart>https://www.thetvdb.com/banners/_cache/fanart/original/75853-7.jpg</fanart>
</item>

 <item>
        <title>Monty Python's Flying Circus S01E02 - Sex and Violence</title>
        <meta>
                <content>episode</content>
                <imdb>tt0758094</imdb>
                <tvdb>75853</tvdb>
                <tvshowtitle>Monty Python's Flying Circus</tvshowtitle>
                <year>1969</year>
                <title>Sex and Violence</title>
                <premiered>1969-10-12</premiered>
                <season>1</season>
                <episode>2</episode>
        </meta>
        <link>
		<sublink>search</sublink>
                <sublink>searchsd</sublink>
        </link>
        <animated_thumbnail></animated_thumbnail>
        <thumbnail>https://www.thetvdb.com/banners/_cache/episodes/75853/54457.jpg</thumbnail>
        <animated_fanart></animated_fanart>
        <fanart>https://www.thetvdb.com/banners/_cache/fanart/original/75853-7.jpg</fanart>
</item>

 <item>
        <title>Monty Python's Flying Circus S01E03 - How to Recognise Different Types of Trees From Quite a Long Way Away</title>
        <meta>
                <content>episode</content>
                <imdb>tt0650977</imdb>
                <tvdb>75853</tvdb>
                <tvshowtitle>Monty Python's Flying Circus</tvshowtitle>
                <year>1969</year>
                <title>How to Recognise Different Types of Trees From Quite a Long Way Away</title>
                <premiered>1969-10-19</premiered>
                <season>1</season>
                <episode>3</episode>
        </meta>
        <link>
		<sublink>search</sublink>
                <sublink>searchsd</sublink>
        </link>
        <animated_thumbnail></animated_thumbnail>
        <thumbnail>https://www.thetvdb.com/banners/_cache/episodes/75853/54458.jpg</thumbnail>
        <animated_fanart></animated_fanart>
        <fanart>https://www.thetvdb.com/banners/_cache/fanart/original/75853-7.jpg</fanart>
</item>

 <item>
        <title>Monty Python's Flying Circus S01E04 - Owl-Stretching Time</title>
        <meta>
                <content>episode</content>
                <imdb>tt0650986</imdb>
                <tvdb>75853</tvdb>
                <tvshowtitle>Monty Python's Flying Circus</tvshowtitle>
                <year>1969</year>
                <title>Owl-Stretching Time</title>
                <premiered>1969-10-26</premiered>
                <season>1</season>
                <episode>4</episode>
        </meta>
        <link>
		<sublink>search</sublink>
                <sublink>searchsd</sublink>
        </link>
        <animated_thumbnail></animated_thumbnail>
        <thumbnail>https://www.thetvdb.com/banners/_cache/episodes/75853/54459.jpg</thumbnail>
        <animated_fanart></animated_fanart>
        <fanart>https://www.thetvdb.com/banners/_cache/fanart/original/75853-7.jpg</fanart>
</item>

 <item>
        <title>Monty Python's Flying Circus S01E05 - Man's Crisis of Identity in the Latter Half of the Twentieth Century</title>
        <meta>
                <content>episode</content>
                <imdb>tt0758093</imdb>
                <tvdb>75853</tvdb>
                <tvshowtitle>Monty Python's Flying Circus</tvshowtitle>
                <year>1969</year>
                <title>Man's Crisis of Identity in the Latter Half of the Twentieth Century</title>
                <premiered>1969-11-16</premiered>
                <season>1</season>
                <episode>5</episode>
        </meta>
        <link>
		<sublink>search</sublink>
                <sublink>searchsd</sublink>
        </link>
        <animated_thumbnail></animated_thumbnail>
        <thumbnail>https://www.thetvdb.com/banners/_cache/episodes/75853/54460.jpg</thumbnail>
        <animated_fanart></animated_fanart>
        <fanart>https://www.thetvdb.com/banners/_cache/fanart/original/75853-7.jpg</fanart>
</item>

 <item>
        <title>Monty Python's Flying Circus S01E06 - It's the Arts</title>
        <meta>
                <content>episode</content>
                <imdb>tt0650980</imdb>
                <tvdb>75853</tvdb>
                <tvshowtitle>Monty Python's Flying Circus</tvshowtitle>
                <year>1969</year>
                <title>It's the Arts</title>
                <premiered>1969-11-23</premiered>
                <season>1</season>
                <episode>6</episode>
        </meta>
        <link>
		<sublink>search</sublink>
                <sublink>searchsd</sublink>
        </link>
        <animated_thumbnail></animated_thumbnail>
        <thumbnail>https://www.thetvdb.com/banners/_cache/episodes/75853/54461.jpg</thumbnail>
        <animated_fanart></animated_fanart>
        <fanart>https://www.thetvdb.com/banners/_cache/fanart/original/75853-7.jpg</fanart>
</item>

 <item>
        <title>Monty Python's Flying Circus S01E07 - Oh, You're No Fun Anymore</title>
        <meta>
                <content>episode</content>
                <imdb>tt0651004</imdb>
                <tvdb>75853</tvdb>
                <tvshowtitle>Monty Python's Flying Circus</tvshowtitle>
                <year>1969</year>
                <title>Oh, You're No Fun Anymore</title>
                <premiered>1969-11-30</premiered>
                <season>1</season>
                <episode>7</episode>
        </meta>
        <link>
		<sublink>search</sublink>
                <sublink>searchsd</sublink>
        </link>
        <animated_thumbnail></animated_thumbnail>
        <thumbnail>https://www.thetvdb.com/banners/_cache/episodes/75853/54462.jpg</thumbnail>
        <animated_fanart></animated_fanart>
        <fanart>https://www.thetvdb.com/banners/_cache/fanart/original/75853-7.jpg</fanart>
</item>
 <item>
        <title>Monty Python's Flying Circus S01E08 - Full Frontal Nudity</title>
        <meta>
                <content>episode</content>
                <imdb>tt0650973</imdb>
                <tvdb>75853</tvdb>
                <tvshowtitle>Monty Python's Flying Circus</tvshowtitle>
                <year>1969</year>
                <title>Full Frontal Nudity</title>
                <premiered>1969-12-07</premiered>
                <season>1</season>
                <episode>8</episode>
        </meta>
        <link>
		<sublink>search</sublink>
                <sublink>searchsd</sublink>
        </link>
        <animated_thumbnail></animated_thumbnail>
        <thumbnail>https://www.thetvdb.com/banners/_cache/episodes/75853/54463.jpg</thumbnail>
        <animated_fanart></animated_fanart>
        <fanart>https://www.thetvdb.com/banners/_cache/fanart/original/75853-7.jpg</fanart>
</item>

 <item>
        <title>Monty Python's Flying Circus S01E09 - The Ant, an Introduction</title>
        <meta>
                <content>episode</content>
                <imdb>tt0650993</imdb>
                <tvdb>75853</tvdb>
                <tvshowtitle>Monty Python's Flying Circus</tvshowtitle>
                <year>1969</year>
                <title>The Ant, an Introduction</title>
                <premiered>1969-12-14</premiered>
                <season>1</season>
                <episode>9</episode>
        </meta>
        <link>
		<sublink>search</sublink>
                <sublink>searchsd</sublink>
        </link>
        <animated_thumbnail></animated_thumbnail>
        <thumbnail>https://www.thetvdb.com/banners/_cache/episodes/75853/54464.jpg</thumbnail>
        <animated_fanart></animated_fanart>
        <fanart>https://www.thetvdb.com/banners/_cache/fanart/original/75853-7.jpg</fanart>
</item>

 <item>
        <title>Monty Python's Flying Circus S01E10 - Untitled</title>
        <meta>
                <content>episode</content>
                <imdb>tt0650966</imdb>
                <tvdb>75853</tvdb>
                <tvshowtitle>Monty Python's Flying Circus</tvshowtitle>
                <year>1969</year>
                <title>Untitled</title>
                <premiered>1969-12-21</premiered>
                <season>1</season>
                <episode>10</episode>
        </meta>
        <link>
		<sublink>search</sublink>
                <sublink>searchsd</sublink>
        </link>
        <animated_thumbnail></animated_thumbnail>
        <thumbnail>https://www.thetvdb.com/banners/_cache/episodes/75853/54465.jpg</thumbnail>
        <animated_fanart></animated_fanart>
        <fanart>https://www.thetvdb.com/banners/_cache/fanart/original/75853-7.jpg</fanart>
</item>
 <item>
        <title>Monty Python's Flying Circus S01E11 - The Royal Philharmonic Orchestra Goes to the Bathroom</title>
        <meta>
                <content>episode</content>
                <imdb>tt0651000</imdb>
                <tvdb>75853</tvdb>
                <tvshowtitle>Monty Python's Flying Circus</tvshowtitle>
                <year>1969</year>
                <title>The Royal Philharmonic Orchestra Goes to the Bathroom</title>
                <premiered>1969-12-28</premiered>
                <season>1</season>
                <episode>11</episode>
        </meta>
        <link>
		<sublink>search</sublink>
                <sublink>searchsd</sublink>
        </link>
        <animated_thumbnail></animated_thumbnail>
        <thumbnail>https://www.thetvdb.com/banners/_cache/episodes/75853/54466.jpg</thumbnail>
        <animated_fanart></animated_fanart>
        <fanart>https://www.thetvdb.com/banners/_cache/fanart/original/75853-7.jpg</fanart>
</item>

 <item>
        <title>Monty Python's Flying Circus S01E12 - The Naked Ant</title>
        <meta>
                <content>episode</content>
                <imdb>tt0650998</imdb>
                <tvdb>75853</tvdb>
                <tvshowtitle>Monty Python's Flying Circus</tvshowtitle>
                <year>1969</year>
                <title>The Naked Ant</title>
                <premiered>1970-01-04</premiered>
                <season>1</season>
                <episode>12</episode>
        </meta>
        <link>
		<sublink>search</sublink>
                <sublink>searchsd</sublink>
        </link>
        <animated_thumbnail></animated_thumbnail>
        <thumbnail>https://www.thetvdb.com/banners/_cache/episodes/75853/54467.jpg</thumbnail>
        <animated_fanart></animated_fanart>
        <fanart>https://www.thetvdb.com/banners/_cache/fanart/original/75853-7.jpg</fanart>
</item>

 <item>
        <title>Monty Python's Flying Circus S01E13 - Intermission</title>
        <meta>
                <content>episode</content>
                <imdb>tt0650978</imdb>
                <tvdb>75853</tvdb>
                <tvshowtitle>Monty Python's Flying Circus</tvshowtitle>
                <year>1969</year>
                <title>Intermission</title>
                <premiered>1970-01-11</premiered>
                <season>1</season>
                <episode>13</episode>
        </meta>
        <link>
		<sublink>search</sublink>
                <sublink>searchsd</sublink>
        </link>
        <animated_thumbnail></animated_thumbnail>
        <thumbnail>https://www.thetvdb.com/banners/_cache/episodes/75853/54468.jpg</thumbnail>
        <animated_fanart></animated_fanart>
        <fanart>https://www.thetvdb.com/banners/_cache/fanart/original/75853-7.jpg</fanart>
</item>
