########################
<poster>Season 1</poster>
<thumbnail></thumbnail>
<fanart></fanart>
########################

 <item>
        <title>Monty Python's Flying Circus S01E01 - The Informer</title>
        <meta>
                <content>episode</content>
                <imdb></imdb>
                <tvdb>75853</tvdb>
                <tvshowtitle>Monty Python's Flying Circus</tvshowtitle>
                <year>1969</year>
                <title>The Informer</title>
                <premiered>1969-09-17</premiered>
                <season>1</season>
                <episode>1</episode>
        </meta>
        <link>
		<sublink>search</sublink>
                <sublink>searchsd</sublink>
        </link>
        <animated_thumbnail></animated_thumbnail>
        <thumbnail>https://www.thetvdb.com/banners/_cache/posters/75853-5.jpg</thumbnail>
        <animated_fanart></animated_fanart>
        <fanart>https://www.thetvdb.com/banners/_cache/fanart/original/75853-7.jpg</fanart>
</item>

 <item>
        <title>Monty Python's Flying Circus S01E02 - Hold that Tiger</title>
        <meta>
                <content>episode</content>
                <imdb></imdb>
                <tvdb>75853</tvdb>
                <tvshowtitle>Monty Python's Flying Circus</tvshowtitle>
                <year>1969</year>
                <title>Hold that Tiger</title>
                <premiered>1969-09-24</premiered>
                <season>1</season>
                <episode>2</episode>
        </meta>
        <link>
		<sublink>search</sublink>
                <sublink>searchsd</sublink>
        </link>
        <animated_thumbnail></animated_thumbnail>
        <thumbnail>https://www.thetvdb.com/banners/_cache/episodes/75853/54457.jpg</thumbnail>
        <animated_fanart></animated_fanart>
        <fanart>https://www.thetvdb.com/banners/_cache/fanart/original/75853-7.jpg</fanart>
</item>

 <item>
        <title>Monty Python's Flying Circus S01E03 - Kommandant of the Year</title>
        <meta>
                <content>episode</content>
                <imdb></imdb>
                <tvdb>75853</tvdb>
                <tvshowtitle>Monty Python's Flying Circus</tvshowtitle>
                <year>1969</year>
                <title>Kommandant of the Year</title>
                <premiered>1969-10-01</premiered>
                <season>1</season>
                <episode>3</episode>
        </meta>
        <link>
		<sublink>search</sublink>
                <sublink>searchsd</sublink>
        </link>
        <animated_thumbnail></animated_thumbnail>
        <thumbnail>https://www.thetvdb.com/banners/_cache/episodes/75853/54458.jpg</thumbnail>
        <animated_fanart></animated_fanart>
        <fanart>https://www.thetvdb.com/banners/_cache/fanart/original/75853-7.jpg</fanart>
</item>

 <item>
        <title>Monty Python's Flying Circus S01E04 - The Late Inspector General</title>
        <meta>
                <content>episode</content>
                <imdb></imdb>
                <tvdb>75853</tvdb>
                <tvshowtitle>Monty Python's Flying Circus</tvshowtitle>
                <year>1969</year>
                <title>The Late Inspector General</title>
                <premiered>1969-10-08</premiered>
                <season>1</season>
                <episode>4</episode>
        </meta>
        <link>
		<sublink>search</sublink>
                <sublink>searchsd</sublink>
        </link>
        <animated_thumbnail></animated_thumbnail>
        <thumbnail>https://www.thetvdb.com/banners/_cache/episodes/75853/54459.jpg</thumbnail>
        <animated_fanart></animated_fanart>
        <fanart>https://www.thetvdb.com/banners/_cache/fanart/original/75853-7.jpg</fanart>
</item>

 <item>
        <title>Monty Python's Flying Circus S01E05 - The Flight of the Valkyrie</title>
        <meta>
                <content>episode</content>
                <imdb></imdb>
                <tvdb>75853</tvdb>
                <tvshowtitle>Monty Python's Flying Circus</tvshowtitle>
                <year>1969</year>
                <title>The Flight of the Valkyrie</title>
                <premiered>1969-10-15</premiered>
                <season>1</season>
                <episode>5</episode>
        </meta>
        <link>
		<sublink>search</sublink>
                <sublink>searchsd</sublink>
        </link>
        <animated_thumbnail></animated_thumbnail>
        <thumbnail>https://www.thetvdb.com/banners/_cache/episodes/75853/54460.jpg</thumbnail>
        <animated_fanart></animated_fanart>
        <fanart>https://www.thetvdb.com/banners/_cache/fanart/original/75853-7.jpg</fanart>
</item>

 <item>
        <title>Monty Python's Flying Circus S01E06 - The Prisoner's Prisoner</title>
        <meta>
                <content>episode</content>
                <imdb></imdb>
                <tvdb>75853</tvdb>
                <tvshowtitle>Monty Python's Flying Circus</tvshowtitle>
                <year>1969</year>
                <title>The Prisoner's Prisoner</title>
                <premiered>1969-10-22</premiered>
                <season>1</season>
                <episode>6</episode>
        </meta>
        <link>
		<sublink>search</sublink>
                <sublink>searchsd</sublink>
        </link>
        <animated_thumbnail></animated_thumbnail>
        <thumbnail>https://www.thetvdb.com/banners/_cache/episodes/75853/54461.jpg</thumbnail>
        <animated_fanart></animated_fanart>
        <fanart>https://www.thetvdb.com/banners/_cache/fanart/original/75853-7.jpg</fanart>
</item>

 <item>
        <title>Monty Python's Flying Circus S01E07 - German Bridge is Falling Down</title>
        <meta>
                <content>episode</content>
                <imdb></imdb>
                <tvdb>75853</tvdb>
                <tvshowtitle>Monty Python's Flying Circus</tvshowtitle>
                <year>1969</year>
                <title>German Bridge is Falling Down</title>
                <premiered>1969-10-29</premiered>
                <season>1</season>
                <episode>7</episode>
        </meta>
        <link>
		<sublink>search</sublink>
                <sublink>searchsd</sublink>
        </link>
        <animated_thumbnail></animated_thumbnail>
        <thumbnail>https://www.thetvdb.com/banners/_cache/episodes/75853/54462.jpg</thumbnail>
        <animated_fanart></animated_fanart>
        <fanart>https://www.thetvdb.com/banners/_cache/fanart/original/75853-7.jpg</fanart>
</item>
 <item>
        <title>Monty Python's Flying Circus S01E08 - Movies Are Your Best Escape</title>
        <meta>
                <content>episode</content>
                <imdb></imdb>
                <tvdb>75853</tvdb>
                <tvshowtitle>Monty Python's Flying Circus</tvshowtitle>
                <year>1969</year>
                <title>Movies Are Your Best Escape</title>
                <premiered>1969-11-05</premiered>
                <season>1</season>
                <episode>8</episode>
        </meta>
        <link>
		<sublink>search</sublink>
                <sublink>searchsd</sublink>
        </link>
        <animated_thumbnail></animated_thumbnail>
        <thumbnail>https://www.thetvdb.com/banners/_cache/episodes/75853/54463.jpg</thumbnail>
        <animated_fanart></animated_fanart>
        <fanart>https://www.thetvdb.com/banners/_cache/fanart/original/75853-7.jpg</fanart>
</item>

 <item>
        <title>Monty Python's Flying Circus S01E09 - Go Light on the Heavy Water</title>
        <meta>
                <content>episode</content>
                <imdb></imdb>
                <tvdb>75853</tvdb>
                <tvshowtitle>Monty Python's Flying Circus</tvshowtitle>
                <year>1969</year>
                <title>Go Light on the Heavy Water</title>
                <premiered>1969-11-12</premiered>
                <season>1</season>
                <episode>9</episode>
        </meta>
        <link>
		<sublink>search</sublink>
                <sublink>searchsd</sublink>
        </link>
        <animated_thumbnail></animated_thumbnail>
        <thumbnail>https://www.thetvdb.com/banners/_cache/episodes/75853/54464.jpg</thumbnail>
        <animated_fanart></animated_fanart>
        <fanart>https://www.thetvdb.com/banners/_cache/fanart/original/75853-7.jpg</fanart>
</item>

 <item>
        <title>Monty Python's Flying Circus S01E10 - Top Hat, White Tie and Bomb Sight</title>
        <meta>
                <content>episode</content>
                <imdb></imdb>
                <tvdb>75853</tvdb>
                <tvshowtitle>Monty Python's Flying Circus</tvshowtitle>
                <year>1969</year>
                <title>Top Hat, White Tie and Bomb Sight</title>
                <premiered>1969-11-19</premiered>
                <season>1</season>
                <episode>10</episode>
        </meta>
        <link>
		<sublink>search</sublink>
                <sublink>searchsd</sublink>
        </link>
        <animated_thumbnail></animated_thumbnail>
        <thumbnail>https://www.thetvdb.com/banners/_cache/episodes/75853/54465.jpg</thumbnail>
        <animated_fanart></animated_fanart>
        <fanart>https://www.thetvdb.com/banners/_cache/fanart/original/75853-7.jpg</fanart>
</item>
 <item>
        <title>Monty Python's Flying Circus S01E11 - Happiness is a Warm Sergeant</title>
        <meta>
                <content>episode</content>
                <imdb></imdb>
                <tvdb>75853</tvdb>
                <tvshowtitle>Happiness is a Warm Sergeant</tvshowtitle>
                <year>1969</year>
                <title>Germ Warfare</title>
                <premiered>1969-11-26</premiered>
                <season>1</season>
                <episode>11</episode>
        </meta>
        <link>
		<sublink>search</sublink>
                <sublink>searchsd</sublink>
        </link>
        <animated_thumbnail></animated_thumbnail>
        <thumbnail>https://www.thetvdb.com/banners/_cache/episodes/75853/54466.jpg</thumbnail>
        <animated_fanart></animated_fanart>
        <fanart>https://www.thetvdb.com/banners/_cache/fanart/original/75853-7.jpg</fanart>
</item>

 <item>
        <title>Monty Python's Flying Circus S01E12 - The Scientist</title>
        <meta>
                <content>episode</content>
                <imdb></imdb>
                <tvdb>75853</tvdb>
                <tvshowtitle>Monty Python's Flying Circus</tvshowtitle>
                <year>1969</year>
                <title>The Scientist</title>
                <premiered>1969-12-03</premiered>
                <season>1</season>
                <episode>12</episode>
        </meta>
        <link>
		<sublink>search</sublink>
                <sublink>searchsd</sublink>
        </link>
        <animated_thumbnail></animated_thumbnail>
        <thumbnail>https://www.thetvdb.com/banners/_cache/episodes/75853/54467.jpg</thumbnail>
        <animated_fanart></animated_fanart>
        <fanart>https://www.thetvdb.com/banners/_cache/fanart/original/75853-7.jpg</fanart>
</item>

 <item>
        <title>Monty Python's Flying Circus S01E13 - Hogan's Hofbrau</title>
        <meta>
                <content>episode</content>
                <imdb></imdb>
                <tvdb>75853</tvdb>
                <tvshowtitle>Monty Python's Flying Circus</tvshowtitle>
                <year>1969</year>
                <title>Hogan's Hofbrau</title>
                <premiered>1969-12-10</premiered>
                <season>1</season>
                <episode>13</episode>
        </meta>
        <link>
		<sublink>search</sublink>
                <sublink>searchsd</sublink>
        </link>
        <animated_thumbnail></animated_thumbnail>
        <thumbnail>https://www.thetvdb.com/banners/_cache/episodes/75853/54468.jpg</thumbnail>
        <animated_fanart></animated_fanart>
        <fanart>https://www.thetvdb.com/banners/_cache/fanart/original/75853-7.jpg</fanart>
</item>
