########################
<poster>Season 1</poster>
<thumbnail></thumbnail>
<fanart></fanart>
########################

 <item>
        <title>Mork & Mindy S01E01 - Pilot (1)</title>
        <meta>
                <content>episode</content>
                <imdb></imdb>
                <tvdb>71779</tvdb>
                <tvshowtitle>Mork & Mindy</tvshowtitle>
                <year>1978</year>
                <title>Pilot (1)</title>
                <premiered>1978-09-14</premiered>
                <season>1</season>
                <episode>1</episode>
        </meta>
        <link>
		<sublink>https://streamango.com/f/etaqknrstkakmbep/Mork_and_Mindy_-_S01_E01-02_Pilot_mp4</sublink>
		<sublink>search</sublink>
                <sublink>searchsd</sublink>
        </link>
        <animated_thumbnail></animated_thumbnail>
        <thumbnail>https://www.thetvdb.com/banners/_cache/episodes/71779/59899.jpg</thumbnail>
        <animated_fanart></animated_fanart>
        <fanart>https://www.thetvdb.com/banners/_cache/fanart/original/71779-5.jpg</fanart>
</item>

 <item>
        <title>Mork & Mindy S01E02 - Pilot (2)</title>
        <meta>
                <content>episode</content>
                <imdb></imdb>
                <tvdb>71779</tvdb>
                <tvshowtitle>Mork & Mindy</tvshowtitle>
                <year>1978</year>
                <title>Pilot (2)</title>
                <premiered>1978-09-14</premiered>
                <season>1</season>
                <episode>2</episode>
        </meta>
        <link>
		<sublink>https://streamango.com/f/etaqknrstkakmbep/Mork_and_Mindy_-_S01_E01-02_Pilot_mp4</sublink>
		<sublink>search</sublink>
                <sublink>searchsd</sublink>
        </link>
        <animated_thumbnail></animated_thumbnail>
        <thumbnail>https://www.thetvdb.com/banners/_cache/episodes/71779/59900.jpg</thumbnail>
        <animated_fanart></animated_fanart>
        <fanart>https://www.thetvdb.com/banners/_cache/fanart/original/71779-5.jpg</fanart>
</item>

 <item>
        <title>Mork & Mindy S01E03 - Mork Moves In</title>
        <meta>
                <content>episode</content>
                <imdb></imdb>
                <tvdb>71779</tvdb>
                <tvshowtitle>Mork & Mindy</tvshowtitle>
                <year>1978</year>
                <title>Mork Moves In</title>
                <premiered>1978-09-21</premiered>
                <season>1</season>
                <episode>3</episode>
        </meta>
        <link>
		<sublink>https://streamango.com/f/sormqsoqdsnetcml/Mork_and_Mindy_-_S01_E03_Mork_Moves_In_mp4</sublink>
		<sublink>search</sublink>
                <sublink>searchsd</sublink>
        </link>
        <animated_thumbnail></animated_thumbnail>
        <thumbnail>https://www.thetvdb.com/banners/_cache/episodes/71779/59901.jpg</thumbnail>
        <animated_fanart></animated_fanart>
        <fanart>https://www.thetvdb.com/banners/_cache/fanart/original/71779-5.jpg</fanart>
</item>

 <item>
        <title>Mork & Mindy S01E04 - Mork Runs Away</title>
        <meta>
                <content>episode</content>
                <imdb></imdb>
                <tvdb>71779</tvdb>
                <tvshowtitle>Mork & Mindy</tvshowtitle>
                <year>1978</year>
                <title>Mork Runs Away</title>
                <premiered>1978-09-28</premiered>
                <season>1</season>
                <episode>4</episode>
        </meta>
        <link>
		<sublink>https://streamango.com/f/qanrtakknplanbtl/Mork_and_Mindy_-_S01_E04_Mork_Runs_Away_mp4</sublink>
		<sublink>search</sublink>
                <sublink>searchsd</sublink>
        </link>
        <animated_thumbnail></animated_thumbnail>
        <thumbnail>https://www.thetvdb.com/banners/_cache/episodes/71779/59902.jpg</thumbnail>
        <animated_fanart></animated_fanart>
        <fanart>https://www.thetvdb.com/banners/_cache/fanart/original/71779-5.jpg</fanart>
</item>

 <item>
        <title>Mork & Mindy S01E05 - Mork in Love</title>
        <meta>
                <content>episode</content>
                <imdb></imdb>
                <tvdb>71779</tvdb>
                <tvshowtitle>Mork & Mindy</tvshowtitle>
                <year>1978</year>
                <title>Mork in Love</title>
                <premiered>1978-10-05</premiered>
                <season>1</season>
                <episode>5</episode>
        </meta>
        <link>
		<sublink>https://streamango.com/f/clqcledkclmnkomt/Mork_and_Mindy_-_S01_E05_Mork_In_Love_mp4</sublink>
		<sublink>search</sublink>
                <sublink>searchsd</sublink>
        </link>
        <animated_thumbnail></animated_thumbnail>
        <thumbnail>https://www.thetvdb.com/banners/_cache/episodes/71779/59903.jpg</thumbnail>
        <animated_fanart></animated_fanart>
        <fanart>https://www.thetvdb.com/banners/_cache/fanart/original/71779-5.jpg</fanart>
</item>

 <item>
        <title>Mork & Mindy S01E06 - Mork's Seduction</title>
        <meta>
                <content>episode</content>
                <imdb></imdb>
                <tvdb>71779</tvdb>
                <tvshowtitle>Mork & Mindy</tvshowtitle>
                <year>1978</year>
                <title>Mork's Seduction</title>
                <premiered>1978-10-12</premiered>
                <season>1</season>
                <episode>6</episode>
        </meta>
        <link>
		<sublink>https://streamango.com/f/lolpqmtpseabqllp/Mork_and_Mindy_-_S01_E06_mp4</sublink>
		<sublink>search</sublink>
                <sublink>searchsd</sublink>
        </link>
        <animated_thumbnail></animated_thumbnail>
        <thumbnail>https://www.thetvdb.com/banners/_cache/episodes/71779/59904.jpg</thumbnail>
        <animated_fanart></animated_fanart>
        <fanart>https://www.thetvdb.com/banners/_cache/fanart/original/71779-5.jpg</fanart>
</item>

 <item>
        <title>Mork & Mindy S01E07 - Mork Goes Public</title>
        <meta>
                <content>episode</content>
                <imdb></imdb>
                <tvdb>71779</tvdb>
                <tvshowtitle>Mork & Mindy</tvshowtitle>
                <year>1978</year>
                <title>Mork Goes Public</title>
                <premiered>1978-10-19</premiered>
                <season>1</season>
                <episode>7</episode>
        </meta>
        <link>
		<sublink>https://streamango.com/f/locokafslqsfpars/Mork_and_Mindy_-_S01_E07_Mork_Goes_Public_mp4</sublink>
		<sublink>search</sublink>
                <sublink>searchsd</sublink>
        </link>
        <animated_thumbnail></animated_thumbnail>
        <thumbnail>https://www.thetvdb.com/banners/_cache/episodes/71779/59905.jpg</thumbnail>
        <animated_fanart></animated_fanart>
        <fanart>https://www.thetvdb.com/banners/_cache/fanart/original/71779-5.jpg</fanart>
</item>
 <item>
        <title>Mork & Mindy S01E08 - To Tell the Truth</title>
        <meta>
                <content>episode</content>
                <imdb></imdb>
                <tvdb>71779</tvdb>
                <tvshowtitle>Mork & Mindy</tvshowtitle>
                <year>1978</year>
                <title>To Tell the Truth</title>
                <premiered>1978-11-02</premiered>
                <season>1</season>
                <episode>8</episode>
        </meta>
        <link>
		<sublink>https://streamango.com/f/kcsrpqoqdafkclss/Mork_and_Mindy_-_S01_E08_To_Tell_The_Truth_mp4</sublink>
		<sublink>search</sublink>
                <sublink>searchsd</sublink>
        </link>
        <animated_thumbnail></animated_thumbnail>
        <thumbnail>https://www.thetvdb.com/banners/_cache/episodes/71779/59906.jpg</thumbnail>
        <animated_fanart></animated_fanart>
        <fanart>https://www.thetvdb.com/banners/_cache/fanart/original/71779-5.jpg</fanart>
</item>

 <item>
        <title>Mork & Mindy S01E09 - Mork the Gullible</title>
        <meta>
                <content>episode</content>
                <imdb></imdb>
                <tvdb>71779</tvdb>
                <tvshowtitle>Mork & Mindy</tvshowtitle>
                <year>1978</year>
                <title>Mork the Gullible</title>
                <premiered>1978-11-09</premiered>
                <season>1</season>
                <episode>9</episode>
        </meta>
        <link>
		<sublink>https://streamango.com/f/dnkdqlbfcdmkqsfb/Mork_and_Mindy_-_S01_E09_Mork_The_God_mp4</sublink>
		<sublink>search</sublink>
                <sublink>searchsd</sublink>
        </link>
        <animated_thumbnail></animated_thumbnail>
        <thumbnail>https://www.thetvdb.com/banners/_cache/episodes/71779/59907.jpg</thumbnail>
        <animated_fanart></animated_fanart>
        <fanart>https://www.thetvdb.com/banners/_cache/fanart/original/71779-5.jpg</fanart>
</item>

 <item>
        <title>Mork & Mindy S01E10 - A Mommy for Morky</title>
        <meta>
                <content>episode</content>
                <imdb></imdb>
                <tvdb>71779</tvdb>
                <tvshowtitle>Mork & Mindy</tvshowtitle>
                <year>1978</year>
                <title>A Mommy for Morky</title>
                <premiered>1978-11-16</premiered>
                <season>1</season>
                <episode>10</episode>
        </meta>
        <link>
		<sublink>https://streamango.com/f/nmssnlknafmtepst/Mork_and_Mindy_-_S01_E10_A_Mommy_For_Mork_mp4</sublink>
		<sublink>search</sublink>
                <sublink>searchsd</sublink>
        </link>
        <animated_thumbnail></animated_thumbnail>
        <thumbnail>https://www.thetvdb.com/banners/_cache/episodes/71779/59908.jpg</thumbnail>
        <animated_fanart></animated_fanart>
        <fanart>https://www.thetvdb.com/banners/_cache/fanart/original/71779-5.jpg</fanart>
</item>
 <item>
        <title>Mork & Mindy S01E11 - Mork's Greatest Hits</title>
        <meta>
                <content>episode</content>
                <imdb></imdb>
                <tvdb>71779</tvdb>
                <tvshowtitle>Mork & Mindy</tvshowtitle>
                <year>1978</year>
                <title>Mork's Greatest Hits</title>
                <premiered>1978-11-23</premiered>
                <season>1</season>
                <episode>11</episode>
        </meta>
        <link>
		<sublink>https://streamango.com/f/eqcqtodbslctpbmr/Mork_and_Mindy_-_S01_E11_Morks_Greatest_Hits_mp4</sublink>
		<sublink>search</sublink>
                <sublink>searchsd</sublink>
        </link>
        <animated_thumbnail></animated_thumbnail>
        <thumbnail>https://www.thetvdb.com/banners/_cache/episodes/71779/59909.jpg</thumbnail>
        <animated_fanart></animated_fanart>
        <fanart>https://www.thetvdb.com/banners/_cache/fanart/original/71779-5.jpg</fanart>
</item>

 <item>
        <title>Mork & Mindy S01E12 - Old Fears</title>
        <meta>
                <content>episode</content>
                <imdb></imdb>
                <tvdb>71779</tvdb>
                <tvshowtitle>Mork & Mindy</tvshowtitle>
                <year>1978</year>
                <title>Old Fears</title>
                <premiered>1978-11-30</premiered>
                <season>1</season>
                <episode>12</episode>
        </meta>
        <link>
		<sublink>https://streamango.com/f/qseodqlprkpknrbp/Mork_and_Mindy_-_S01_E12_Old_Fears_mp4</sublink>
		<sublink>search</sublink>
                <sublink>searchsd</sublink>
        </link>
        <animated_thumbnail></animated_thumbnail>
        <thumbnail>https://www.thetvdb.com/banners/_cache/episodes/71779/59910.jpg</thumbnail>
        <animated_fanart></animated_fanart>
        <fanart>https://www.thetvdb.com/banners/_cache/fanart/original/71779-5.jpg</fanart>
</item>

 <item>
        <title>Mork & Mindy S01E13 - Mork's First Christmas</title>
        <meta>
                <content>episode</content>
                <imdb></imdb>
                <tvdb>71779</tvdb>
                <tvshowtitle>Mork & Mindy</tvshowtitle>
                <year>1978</year>
                <title>Mork's First Christmas</title>
                <premiered>1978-12-14</premiered>
                <season>1</season>
                <episode>13</episode>
        </meta>
        <link>
		<sublink>https://streamango.com/f/rmaaktqftrfkoeao/Mork_and_Mindy_-_S01_E13_Morks_First_Christmas_mp4</sublink>
		<sublink>search</sublink>
                <sublink>searchsd</sublink>
        </link>
        <animated_thumbnail></animated_thumbnail>
        <thumbnail>https://www.thetvdb.com/banners/_cache/episodes/71779/59911.jpg</thumbnail>
        <animated_fanart></animated_fanart>
        <fanart>https://www.thetvdb.com/banners/_cache/fanart/original/71779-5.jpg</fanart>
</item>

 <item>
        <title>Mork & Mindy S01E14 - Mork and the Immigrant</title>
        <meta>
                <content>episode</content>
                <imdb></imdb>
                <tvdb>71779</tvdb>
                <tvshowtitle>Mork & Mindy</tvshowtitle>
                <year>1978</year>
                <title>Mork and the Immigrant</title>
                <premiered>1979-01-11</premiered>
                <season>1</season>
                <episode>14</episode>
        </meta>
        <link>
		<sublink>https://streamango.com/f/bfkdkapqopfelfrc/Mork_and_Mindy_-_S01_E14_Mork_And_The_Immigrant_mp4</sublink>
		<sublink>search</sublink>
                <sublink>searchsd</sublink>
        </link>
        <animated_thumbnail></animated_thumbnail>
        <thumbnail>https://www.thetvdb.com/banners/_cache/episodes/71779/59912.jpg</thumbnail>
        <animated_fanart></animated_fanart>
        <fanart>https://www.thetvdb.com/banners/_cache/fanart/original/71779-5.jpg</fanart>
</item>

 <item>
        <title>Mork & Mindy S01E15 - Mork the Tolerant</title>
        <meta>
                <content>episode</content>
                <imdb></imdb>
                <tvdb>71779</tvdb>
                <tvshowtitle>Mork & Mindy</tvshowtitle>
                <year>1978</year>
                <title>Mork the Tolerant</title>
                <premiered>1979-01-18</premiered>
                <season>1</season>
                <episode>15</episode>
        </meta>
        <link>
		<sublink>https://streamango.com/f/rqbetrmepcpeknna/Mork_and_Mindy_-_S01_E15_Mork_The_Tolerant_mp4</sublink>
		<sublink>search</sublink>
                <sublink>searchsd</sublink>
        </link>
        <animated_thumbnail></animated_thumbnail>
        <thumbnail>https://www.thetvdb.com/banners/_cache/episodes/71779/59913.jpg</thumbnail>
        <animated_fanart></animated_fanart>
        <fanart>https://www.thetvdb.com/banners/_cache/fanart/original/71779-5.jpg</fanart>
</item>

 <item>
        <title>Mork & Mindy S01E16 - Young Love</title>
        <meta>
                <content>episode</content>
                <imdb></imdb>
                <tvdb>71779</tvdb>
                <tvshowtitle>Mork & Mindy</tvshowtitle>
                <year>1978</year>
                <title>Young Love</title>
                <premiered>1979-01-25</premiered>
                <season>1</season>
                <episode>16</episode>
        </meta>
        <link>
		<sublink>https://streamango.com/f/rcmeablterlnktoe/Mork_and_Mindy_-_S01_E16_Young_Love_mp4</sublink>
		<sublink>search</sublink>
                <sublink>searchsd</sublink>
        </link>
        <animated_thumbnail></animated_thumbnail>
        <thumbnail>https://www.thetvdb.com/banners/_cache/episodes/71779/59914.jpg</thumbnail>
        <animated_fanart></animated_fanart>
        <fanart>https://www.thetvdb.com/banners/_cache/fanart/original/71779-5.jpg</fanart>
</item>

 <item>
        <title>Mork & Mindy S01E17 - Sky Flakes Keep Falling on My Head</title>
        <meta>
                <content>episode</content>
                <imdb></imdb>
                <tvdb>71779</tvdb>
                <tvshowtitle>Mork & Mindy</tvshowtitle>
                <year>1978</year>
                <title>Sky Flakes Keep Falling on My Head</title>
                <premiered>1979-02-01</premiered>
                <season>1</season>
                <episode>17</episode>
        </meta>
        <link>
		<sublink>https://streamango.com/f/bdesakdskqlpfqbe/Mork_and_Mindy_-_S01_E17_Snowflakes_Keep_Dancing_On_My_Head_mp4</sublink>
		<sublink>search</sublink>
                <sublink>searchsd</sublink>
        </link>
        <animated_thumbnail></animated_thumbnail>
        <thumbnail>https://www.thetvdb.com/banners/_cache/episodes/71779/59915.jpg</thumbnail>
        <animated_fanart></animated_fanart>
        <fanart>https://www.thetvdb.com/banners/_cache/fanart/original/71779-5.jpg</fanart>
</item>

 <item>
        <title>Mork & Mindy S01E18 - Mork Goes ERK</title>
        <meta>
                <content>episode</content>
                <imdb></imdb>
                <tvdb>71779</tvdb>
                <tvshowtitle>Mork & Mindy</tvshowtitle>
                <year>1978</year>
                <title>Mork Goes ERK</title>
                <premiered>1979-02-08</premiered>
                <season>1</season>
                <episode>18</episode>
        </meta>
        <link>
		<sublink>https://streamango.com/f/brtsnsabmtondsqf/Mork_and_Mindy_-_S01_E18_Mork_Goes_Erk_mp4</sublink>
		<sublink>search</sublink>
                <sublink>searchsd</sublink>
        </link>
        <animated_thumbnail></animated_thumbnail>
        <thumbnail>https://www.thetvdb.com/banners/_cache/episodes/71779/59916.jpg</thumbnail>
        <animated_fanart></animated_fanart>
        <fanart>https://www.thetvdb.com/banners/_cache/fanart/original/71779-5.jpg</fanart>
</item>

 <item>
        <title>Mork & Mindy S01E19 - Yes Sir, That's My Baby</title>
        <meta>
                <content>episode</content>
                <imdb></imdb>
                <tvdb>71779</tvdb>
                <tvshowtitle>Mork & Mindy</tvshowtitle>
                <year>1978</year>
                <title>Yes Sir, That's My Baby</title>
                <premiered>1979-02-15</premiered>
                <season>1</season>
                <episode>19</episode>
        </meta>
        <link>
		<sublink>https://streamango.com/f/qpqeepsfmsqsnelm/Mork_and_Mindy_-_S01_E19_Yes_Sir_Thats_My_Baby_mp4</sublink>
		<sublink>search</sublink>
                <sublink>searchsd</sublink>
        </link>
        <animated_thumbnail></animated_thumbnail>
        <thumbnail>https://www.thetvdb.com/banners/_cache/episodes/71779/59917.jpg</thumbnail>
        <animated_fanart></animated_fanart>
        <fanart>https://www.thetvdb.com/banners/_cache/fanart/original/71779-5.jpg</fanart>
</item>

 <item>
        <title>Mork & Mindy S01E20 - Mork's Mixed Emotions</title>
        <meta>
                <content>episode</content>
                <imdb></imdb>
                <tvdb>71779</tvdb>
                <tvshowtitle>Mork & Mindy</tvshowtitle>
                <year>1978</year>
                <title>Mork's Mixed Emotions</title>
                <premiered>1979-02-22</premiered>
                <season>1</season>
                <episode>20</episode>
        </meta>
        <link>
		<sublink>https://streamango.com/f/lmbkodbrprcatsdf/Mork_and_Mindy_-_S01_E20_Morks_Mixed_Emotions_mp4</sublink>
		<sublink>search</sublink>
                <sublink>searchsd</sublink>
        </link>
        <animated_thumbnail></animated_thumbnail>
        <thumbnail>https://www.thetvdb.com/banners/_cache/episodes/71779/59918.jpg</thumbnail>
        <animated_fanart></animated_fanart>
        <fanart>https://www.thetvdb.com/banners/_cache/fanart/original/71779-5.jpg</fanart>
</item>

 <item>
        <title>Mork & Mindy S01E21 - Mork's Night Out</title>
        <meta>
                <content>episode</content>
                <imdb></imdb>
                <tvdb>71779</tvdb>
                <tvshowtitle>Mork & Mindy</tvshowtitle>
                <year>1978</year>
                <title>Mork's Night Out</title>
                <premiered>1979-03-08</premiered>
                <season>1</season>
                <episode>21</episode>
        </meta>
        <link>
		<sublink>https://streamango.com/f/kmorfbdobrbtstdn/Mork_and_Mindy_-_S01_E21_Morks_Night_Out_mp4</sublink>
		<sublink>search</sublink>
                <sublink>searchsd</sublink>
        </link>
        <animated_thumbnail></animated_thumbnail>
        <thumbnail>https://www.thetvdb.com/banners/_cache/episodes/71779/59919.jpg</thumbnail>
        <animated_fanart></animated_fanart>
        <fanart>https://www.thetvdb.com/banners/_cache/fanart/original/71779-5.jpg</fanart>
</item>

 <item>
        <title>Mork & Mindy S01E22 - In Mork We Trust</title>
        <meta>
                <content>episode</content>
                <imdb></imdb>
                <tvdb>71779</tvdb>
                <tvshowtitle>Mork & Mindy</tvshowtitle>
                <year>1978</year>
                <title>In Mork We Trust</title>
                <premiered>1979-03-15</premiered>
                <season>1</season>
                <episode>22</episode>
        </meta>
        <link>
		<sublink>https://streamango.com/f/ltbkpobreooprcad/Mork_and_Mindy_-_S01_E22_In_Mork_We_Trust_mp4</sublink>
		<sublink>search</sublink>
                <sublink>searchsd</sublink>
        </link>
        <animated_thumbnail></animated_thumbnail>
        <thumbnail>https://www.thetvdb.com/banners/_cache/episodes/71779/59920.jpg</thumbnail>
        <animated_fanart></animated_fanart>
        <fanart>https://www.thetvdb.com/banners/_cache/fanart/original/71779-5.jpg</fanart>
</item>

 <item>
        <title>Mork & Mindy S01E23 - Mork Runs Down</title>
        <meta>
                <content>episode</content>
                <imdb></imdb>
                <tvdb>71779</tvdb>
                <tvshowtitle>Mork & Mindy</tvshowtitle>
                <year>1978</year>
                <title>Mork Runs Down</title>
                <premiered>1979-04-12</premiered>
                <season>1</season>
                <episode>23</episode>
        </meta>
        <link>
		<sublink>https://streamango.com/f/meopastaqnanqsan/Mork_and_Mindy_-_S01_E23_Mork_Runs_Down_mp4</sublink>
		<sublink>search</sublink>
                <sublink>searchsd</sublink>
        </link>
        <animated_thumbnail></animated_thumbnail>
        <thumbnail>https://www.thetvdb.com/banners/_cache/episodes/71779/59921.jpg</thumbnail>
        <animated_fanart></animated_fanart>
        <fanart>https://www.thetvdb.com/banners/_cache/fanart/original/71779-5.jpg</fanart>
</item>

 <item>
        <title>Mork & Mindy S01E24 - It's a Wonderful Mork</title>
        <meta>
                <content>episode</content>
                <imdb></imdb>
                <tvdb>71779</tvdb>
                <tvshowtitle>Mork & Mindy</tvshowtitle>
                <year>1978</year>
                <title>It's a Wonderful Mork</title>
                <premiered>1979-05-03</premiered>
                <season>1</season>
                <episode>24</episode>
        </meta>
        <link>
		<sublink>https://streamango.com/f/mosqkrrasabkpdso/Mork_and_Mindy_-_S01_E24_Its_A_Wonderful_Mork_mp4</sublink>
		<sublink>search</sublink>
                <sublink>searchsd</sublink>
        </link>
        <animated_thumbnail></animated_thumbnail>
        <thumbnail>https://www.thetvdb.com/banners/_cache/episodes/71779/59922.jpg</thumbnail>
        <animated_fanart></animated_fanart>
        <fanart>https://www.thetvdb.com/banners/_cache/fanart/original/71779-5.jpg</fanart>
</item>

 <item>
        <title>Mork & Mindy S01E25 - Mork's Best Friend</title>
        <meta>
                <content>episode</content>
                <imdb></imdb>
                <tvdb>71779</tvdb>
                <tvshowtitle>Mork & Mindy</tvshowtitle>
                <year>1978</year>
                <title>Mork's Best Friend</title>
                <premiered>1979-05-10</premiered>
                <season>1</season>
                <episode>25</episode>
        </meta>
        <link>
		<sublink>https://streamango.com/f/aokfapkopdbonrfk/Mork_and_Mindy_-_S01_E25_Morks_Best_Friend_mp4</sublink>
		<sublink>search</sublink>
                <sublink>searchsd</sublink>
        </link>
        <animated_thumbnail></animated_thumbnail>
        <thumbnail>https://www.thetvdb.com/banners/_cache/episodes/71779/59923.jpg</thumbnail>
        <animated_fanart></animated_fanart>
        <fanart>https://www.thetvdb.com/banners/_cache/fanart/original/71779-5.jpg</fanart>
</item>

