########################
<poster>Mork & Mindy</poster>
<thumbnail></thumbnail>
<fanart></fanart>
#############################

<dir>
        <name>Season 1</name>
        <meta>
                <content>season</content>
                <imdb>tt0077053</imdb>
                <tvdb>71779</tvdb>
                <tvshowtitle>Mork & Mindy</tvshowtitle>
                <year>1964</year>
                <season>1</season>
        </meta>
        <link>https://raw.githubusercontent.com/Doggmatic71/maddogg/master/plugin.video.laughtraxx/plugin.video.laughtraxx/resources/mork1.xml</link>
        <thumbnail>https://www.thetvdb.com/banners/_cache/seasons/1520-1.jpg</thumbnail>
</dir>

<dir>		
        <name>Season 2</name>
        <meta>
                <content>season</content>
                <imdb>tt0077053</imdb>
                <tvdb>71779</tvdb>
                <tvshowtitle>Mork & Mindy</tvshowtitle>
                <year>1964</year>
                <season>2</season>
        </meta>
        <link></link>
        <thumbnail>https://www.thetvdb.com/banners/_cache/seasons/1520-2.jpg</thumbnail>		
</dir>

<dir>		
        <name>Season 3</name>
        <meta>
                <content>season</content>
                <imdb>tt0077053</imdb>
                <tvdb>71779</tvdb>
                <tvshowtitle>Mork & Mindy</tvshowtitle>
                <year>1964</year>
                <season>2</season>
        </meta>
        <link></link>
        <thumbnail>https://www.thetvdb.com/banners/_cache/seasons/1520-3.jpg</thumbnail>		
</dir>

<dir>		
        <name>Season 4</name>
        <meta>
                <content>season</content>
                <imdb>tt0077053</imdb>
                <tvdb>71779</tvdb>
                <tvshowtitle>Mork & Mindy</tvshowtitle>
                <year>1964</year>
                <season>2</season>
        </meta>
        <link></link>
        <thumbnail>https://www.thetvdb.com/banners/_cache/seasons/1520-4.jpg</thumbnail>		
</dir>

