########################
<poster>Season 1</poster>
<thumbnail></thumbnail>
<fanart></fanart>
########################

 <item>
        <title>The Mary Tyler Moore Show S01E01 - Love is All Around</title>
        <meta>
                <content>episode</content>
                <imdb></imdb>
                <tvdb>77051</tvdb>
                <tvshowtitle>The Mary Tyler Moore Show</tvshowtitle>
                <year>1964</year>
                <title>Love is All Around</title>
                <premiered>1970-09-19</premiered>
                <season>1</season>
                <episode>1</episode>
        </meta>
        <link>
		<sublink>search</sublink>
                <sublink>searchsd</sublink>
        </link>
        <animated_thumbnail></animated_thumbnail>
        <thumbnail>https://www.thetvdb.com/banners/_cache/episodes/77051/225945.jpg</thumbnail>
        <animated_fanart></animated_fanart>
        <fanart>https://www.thetvdb.com/banners/_cache/fanart/original/77051-4.jpg</fanart>
</item>

 <item>
        <title>The Mary Tyler Moore Show S01E02 - Today I Am a Ma'am</title>
        <meta>
                <content>episode</content>
                <imdb></imdb>
                <tvdb>77051</tvdb>
                <tvshowtitle>The Mary Tyler Moore Show</tvshowtitle>
                <year>1964</year>
                <title>Today I Am a Ma'am</title>
                <premiered>1970-09-26</premiered>
                <season>1</season>
                <episode>2</episode>
        </meta>
        <link>
		<sublink>search</sublink>
                <sublink>searchsd</sublink>
        </link>
        <animated_thumbnail></animated_thumbnail>
        <thumbnail>https://www.thetvdb.com/banners/_cache/episodes/77051/225946.jpg</thumbnail>
        <animated_fanart></animated_fanart>
        <fanart>https://www.thetvdb.com/banners/_cache/fanart/original/77051-4.jpg</fanart>
</item>

 <item>
        <title>The Mary Tyler Moore Show S01E03 - Bess, You is My Daughter Now</title>
        <meta>
                <content>episode</content>
                <imdb></imdb>
                <tvdb>77051</tvdb>
                <tvshowtitle>The Mary Tyler Moore Show</tvshowtitle>
                <year>1964</year>
                <title>Bess, You is My Daughter Now</title>
                <premiered>1970-10-03</premiered>
                <season>1</season>
                <episode>3</episode>
        </meta>
        <link>
		<sublink>search</sublink>
                <sublink>searchsd</sublink>
        </link>
        <animated_thumbnail></animated_thumbnail>
        <thumbnail>https://www.thetvdb.com/banners/_cache/episodes/77051/225947.jpg</thumbnail>
        <animated_fanart></animated_fanart>
        <fanart>https://www.thetvdb.com/banners/_cache/fanart/original/77051-4.jpg</fanart>
</item>

 <item>
        <title>The Mary Tyler Moore Show S01E04 - Divorce Isn't Everything</title>
        <meta>
                <content>episode</content>
                <imdb></imdb>
                <tvdb>77051</tvdb>
                <tvshowtitle>The Mary Tyler Moore Show</tvshowtitle>
                <year>1964</year>
                <title>Divorce Isn't Everything</title>
                <premiered>1970-10-10</premiered>
                <season>1</season>
                <episode>4</episode>
        </meta>
        <link>
		<sublink>search</sublink>
                <sublink>searchsd</sublink>
        </link>
        <animated_thumbnail></animated_thumbnail>
        <thumbnail>https://www.thetvdb.com/banners/_cache/episodes/77051/225948.jpg</thumbnail>
        <animated_fanart></animated_fanart>
        <fanart>https://www.thetvdb.com/banners/_cache/fanart/original/77051-4.jpg</fanart>
</item>

 <item>
        <title>The Mary Tyler Moore Show S01E05 - Keep Your Guard Up</title>
        <meta>
                <content>episode</content>
                <imdb></imdb>
                <tvdb>77051</tvdb>
                <tvshowtitle>The Mary Tyler Moore Show</tvshowtitle>
                <year>1964</year>
                <title>Keep Your Guard Up</title>
                <premiered>1970-10-17</premiered>
                <season>1</season>
                <episode>5</episode>
        </meta>
        <link>
		<sublink>search</sublink>
                <sublink>searchsd</sublink>
        </link>
        <animated_thumbnail></animated_thumbnail>
        <thumbnail>https://www.thetvdb.com/banners/_cache/episodes/77051/225949.jpg</thumbnail>
        <animated_fanart></animated_fanart>
        <fanart>https://www.thetvdb.com/banners/_cache/fanart/original/77051-4.jpg</fanart>
</item>

 <item>
        <title>The Mary Tyler Moore Show S01E06 - Support Your Local Mother</title>
        <meta>
                <content>episode</content>
                <imdb></imdb>
                <tvdb>77051</tvdb>
                <tvshowtitle>The Mary Tyler Moore Show</tvshowtitle>
                <year>1964</year>
                <title>Support Your Local Mother</title>
                <premiered>1970-10-24</premiered>
                <season>1</season>
                <episode>6</episode>
        </meta>
        <link>
		<sublink>search</sublink>
                <sublink>searchsd</sublink>
        </link>
        <animated_thumbnail></animated_thumbnail>
        <thumbnail>https://www.thetvdb.com/banners/_cache/episodes/77051/225950.jpg</thumbnail>
        <animated_fanart></animated_fanart>
        <fanart>https://www.thetvdb.com/banners/_cache/fanart/original/77051-4.jpg</fanart>
</item>

 <item>
        <title>The Mary Tyler Moore Show S01E07 - Toulouse-Lautrec is One of My Favorite Artists</title>
        <meta>
                <content>episode</content>
                <imdb></imdb>
                <tvdb>77051</tvdb>
                <tvshowtitle>The Mary Tyler Moore Show</tvshowtitle>
                <year>1964</year>
                <title>Toulouse-Lautrec is One of My Favorite Artists</title>
                <premiered>1970-10-31</premiered>
                <season>1</season>
                <episode>7</episode>
        </meta>
        <link>
		<sublink>search</sublink>
                <sublink>searchsd</sublink>
        </link>
        <animated_thumbnail></animated_thumbnail>
        <thumbnail>https://www.thetvdb.com/banners/_cache/episodes/77051/225951.jpg</thumbnail>
        <animated_fanart></animated_fanart>
        <fanart>https://www.thetvdb.com/banners/_cache/fanart/original/77051-4.jpg</fanart>
</item>
 <item>
        <title>The Mary Tyler Moore Show S01E08 - The Snow Must Go On</title>
        <meta>
                <content>episode</content>
                <imdb></imdb>
                <tvdb>77051</tvdb>
                <tvshowtitle>The Mary Tyler Moore Show</tvshowtitle>
                <year>1964</year>
                <title>The Snow Must Go On</title>
                <premiered>1970-11-07</premiered>
                <season>1</season>
                <episode>8</episode>
        </meta>
        <link>
		<sublink>search</sublink>
                <sublink>searchsd</sublink>
        </link>
        <animated_thumbnail></animated_thumbnail>
        <thumbnail>https://www.thetvdb.com/banners/_cache/episodes/77051/225952.jpg</thumbnail>
        <animated_fanart></animated_fanart>
        <fanart>https://www.thetvdb.com/banners/_cache/fanart/original/77051-4.jpg</fanart>
</item>

 <item>
        <title>The Mary Tyler Moore Show S01E09 - Bob & Rhoda & Teddy & Mary</title>
        <meta>
                <content>episode</content>
                <imdb></imdb>
                <tvdb>77051</tvdb>
                <tvshowtitle>The Mary Tyler Moore Show</tvshowtitle>
                <year>1964</year>
                <title>Bob & Rhoda & Teddy & Mary</title>
                <premiered>1970-11-14</premiered>
                <season>1</season>
                <episode>9</episode>
        </meta>
        <link>
		<sublink>search</sublink>
                <sublink>searchsd</sublink>
        </link>
        <animated_thumbnail></animated_thumbnail>
        <thumbnail>https://www.thetvdb.com/banners/_cache/episodes/77051/225953.jpg</thumbnail>
        <animated_fanart></animated_fanart>
        <fanart>https://www.thetvdb.com/banners/_cache/fanart/original/77051-4.jpg</fanart>
</item>

 <item>
        <title>The Mary Tyler Moore Show S01E10 - Assistant Wanted, Female</title>
        <meta>
                <content>episode</content>
                <imdb></imdb>
                <tvdb>77051</tvdb>
                <tvshowtitle>The Mary Tyler Moore Show</tvshowtitle>
                <year>1964</year>
                <title>Assistant Wanted, Female</title>
                <premiered>1970-11-21</premiered>
                <season>1</season>
                <episode>10</episode>
        </meta>
        <link>
		<sublink>search</sublink>
                <sublink>searchsd</sublink>
        </link>
        <animated_thumbnail></animated_thumbnail>
        <thumbnail>https://www.thetvdb.com/banners/_cache/episodes/77051/225954.jpg</thumbnail>
        <animated_fanart></animated_fanart>
        <fanart>https://www.thetvdb.com/banners/_cache/fanart/original/77051-4.jpg</fanart>
</item>
 <item>
        <title>The Mary Tyler Moore Show S01E11 - 1040 or Fight</title>
        <meta>
                <content>episode</content>
                <imdb></imdb>
                <tvdb>77051</tvdb>
                <tvshowtitle>The Mary Tyler Moore Show</tvshowtitle>
                <year>1964</year>
                <title>1040 or Fight</title>
                <premiered>1970-11-28</premiered>
                <season>1</season>
                <episode>11</episode>
        </meta>
        <link>
		<sublink>search</sublink>
                <sublink>searchsd</sublink>
        </link>
        <animated_thumbnail></animated_thumbnail>
        <thumbnail>https://www.thetvdb.com/banners/_cache/episodes/77051/225955.jpg</thumbnail>
        <animated_fanart></animated_fanart>
        <fanart>https://www.thetvdb.com/banners/_cache/fanart/original/77051-4.jpg</fanart>
</item>

 <item>
        <title>The Mary Tyler Moore Show S01E12 - Anchorman Overboard</title>
        <meta>
                <content>episode</content>
                <imdb></imdb>
                <tvdb>77051</tvdb>
                <tvshowtitle>The Mary Tyler Moore Show</tvshowtitle>
                <year>1964</year>
                <title>Anchorman Overboard</title>
                <premiered>1970-12-05</premiered>
                <season>1</season>
                <episode>12</episode>
        </meta>
        <link>
		<sublink>search</sublink>
                <sublink>searchsd</sublink>
        </link>
        <animated_thumbnail></animated_thumbnail>
        <thumbnail>https://www.thetvdb.com/banners/_cache/episodes/77051/225956.jpg</thumbnail>
        <animated_fanart></animated_fanart>
        <fanart>https://www.thetvdb.com/banners/_cache/fanart/original/77051-4.jpg</fanart>
</item>

 <item>
        <title>The Mary Tyler Moore Show S01E13 - He's All Yours</title>
        <meta>
                <content>episode</content>
                <imdb></imdb>
                <tvdb>77051</tvdb>
                <tvshowtitle>The Mary Tyler Moore Show</tvshowtitle>
                <year>1964</year>
                <title>He's All Yours</title>
                <premiered>1970-12-12</premiered>
                <season>1</season>
                <episode>13</episode>
        </meta>
        <link>
		<sublink>search</sublink>
                <sublink>searchsd</sublink>
        </link>
        <animated_thumbnail></animated_thumbnail>
        <thumbnail>https://www.thetvdb.com/banners/_cache/episodes/77051/225957.jpg</thumbnail>
        <animated_fanart></animated_fanart>
        <fanart>https://www.thetvdb.com/banners/_cache/fanart/original/77051-4.jpg</fanart>
</item>

 <item>
        <title>The Mary Tyler Moore Show S01E14 - Christmas and the Hard Luck Kid II</title>
        <meta>
                <content>episode</content>
                <imdb></imdb>
                <tvdb>77051</tvdb>
                <tvshowtitle>The Mary Tyler Moore Show</tvshowtitle>
                <year>1964</year>
                <title>Christmas and the Hard Luck Kid II</title>
                <premiered>1970-12-19</premiered>
                <season>1</season>
                <episode>14</episode>
        </meta>
        <link>
		<sublink>search</sublink>
                <sublink>searchsd</sublink>
        </link>
        <animated_thumbnail></animated_thumbnail>
        <thumbnail>https://www.thetvdb.com/banners/_cache/episodes/77051/225958.jpg</thumbnail>
        <animated_fanart></animated_fanart>
        <fanart>https://www.thetvdb.com/banners/_cache/fanart/original/77051-4.jpg</fanart>
</item>

 <item>
        <title>The Mary Tyler Moore Show S01E15 - Howard's Girl</title>
        <meta>
                <content>episode</content>
                <imdb></imdb>
                <tvdb>77051</tvdb>
                <tvshowtitle>The Mary Tyler Moore Show</tvshowtitle>
                <year>1964</year>
                <title>Howard's Girl</title>
                <premiered>1971-01-02</premiered>
                <season>1</season>
                <episode>15</episode>
        </meta>
        <link>
		<sublink>search</sublink>
                <sublink>searchsd</sublink>
        </link>
        <animated_thumbnail></animated_thumbnail>
        <thumbnail>https://www.thetvdb.com/banners/_cache/episodes/77051/225959.jpg</thumbnail>
        <animated_fanart></animated_fanart>
        <fanart>https://www.thetvdb.com/banners/_cache/fanart/original/77051-4.jpg</fanart>
</item>

 <item>
        <title>The Mary Tyler Moore Show S01E16 - Party is Such Sweet Sorrow</title>
        <meta>
                <content>episode</content>
                <imdb></imdb>
                <tvdb>77051</tvdb>
                <tvshowtitle>The Mary Tyler Moore Show</tvshowtitle>
                <year>1964</year>
                <title>Party is Such Sweet Sorrow</title>
                <premiered>1971-01-09</premiered>
                <season>1</season>
                <episode>16</episode>
        </meta>
        <link>
		<sublink>search</sublink>
                <sublink>searchsd</sublink>
        </link>
        <animated_thumbnail></animated_thumbnail>
        <thumbnail>https://www.thetvdb.com/banners/_cache/episodes/77051/225960.jpg</thumbnail>
        <animated_fanart></animated_fanart>
        <fanart>https://www.thetvdb.com/banners/_cache/fanart/original/77051-4.jpg</fanart>
</item>

 <item>
        <title>The Mary Tyler Moore Show S01E17 - Just a Lunch</title>
        <meta>
                <content>episode</content>
                <imdb></imdb>
                <tvdb>77051</tvdb>
                <tvshowtitle>The Mary Tyler Moore Show</tvshowtitle>
                <year>1964</year>
                <title>Just a Lunch</title>
                <premiered>1971-01-16</premiered>
                <season>1</season>
                <episode>17</episode>
        </meta>
        <link>
		<sublink>search</sublink>
                <sublink>searchsd</sublink>
        </link>
        <animated_thumbnail></animated_thumbnail>
        <thumbnail>https://www.thetvdb.com/banners/_cache/episodes/77051/225961.jpg</thumbnail>
        <animated_fanart></animated_fanart>
        <fanart>https://www.thetvdb.com/banners/_cache/fanart/original/77051-4.jpg</fanart>
</item>

 <item>
        <title>The Mary Tyler Moore Show S01E18 - Second Story Story</title>
        <meta>
                <content>episode</content>
                <imdb></imdb>
                <tvdb>77051</tvdb>
                <tvshowtitle>The Mary Tyler Moore Show</tvshowtitle>
                <year>1964</year>
                <title>Second Story Story</title>
                <premiered>1971-01-23</premiered>
                <season>1</season>
                <episode>18</episode>
        </meta>
        <link>
		<sublink>search</sublink>
                <sublink>searchsd</sublink>
        </link>
        <animated_thumbnail></animated_thumbnail>
        <thumbnail>https://www.thetvdb.com/banners/_cache/episodes/77051/225962.jpg</thumbnail>
        <animated_fanart></animated_fanart>
        <fanart>https://www.thetvdb.com/banners/_cache/fanart/original/77051-4.jpg</fanart>
</item>

 <item>
        <title>The Mary Tyler Moore Show S01E19 - We Closed in Minneapolis</title>
        <meta>
                <content>episode</content>
                <imdb></imdb>
                <tvdb>77051</tvdb>
                <tvshowtitle>The Mary Tyler Moore Show</tvshowtitle>
                <year>1964</year>
                <title>We Closed in Minneapolis</title>
                <premiered>1971-01-30</premiered>
                <season>1</season>
                <episode>19</episode>
        </meta>
        <link>
		<sublink>search</sublink>
                <sublink>searchsd</sublink>
        </link>
        <animated_thumbnail></animated_thumbnail>
        <thumbnail>https://www.thetvdb.com/banners/_cache/episodes/77051/225963.jpg</thumbnail>
        <animated_fanart></animated_fanart>
        <fanart>https://www.thetvdb.com/banners/_cache/fanart/original/77051-4.jpg</fanart>
</item>

 <item>
        <title>The Mary Tyler Moore Show S01E20 - Hi!</title>
        <meta>
                <content>episode</content>
                <imdb></imdb>
                <tvdb>77051</tvdb>
                <tvshowtitle>The Mary Tyler Moore Show</tvshowtitle>
                <year>1964</year>
                <title>Hi!</title>
                <premiered>1971-02-06</premiered>
                <season>1</season>
                <episode>20</episode>
        </meta>
        <link>
		<sublink>search</sublink>
                <sublink>searchsd</sublink>
        </link>
        <animated_thumbnail></animated_thumbnail>
        <thumbnail>https://www.thetvdb.com/banners/_cache/episodes/77051/225964.jpg</thumbnail>
        <animated_fanart></animated_fanart>
        <fanart>https://www.thetvdb.com/banners/_cache/fanart/original/77051-4.jpg</fanart>
</item>

 <item>
        <title>The Mary Tyler Moore Show S01E21 - The Boss Isn't Coming to Dinner</title>
        <meta>
                <content>episode</content>
                <imdb></imdb>
                <tvdb>77051</tvdb>
                <tvshowtitle>The Mary Tyler Moore Show</tvshowtitle>
                <year>1964</year>
                <title>The Boss Isn't Coming to Dinner</title>
                <premiered>1971-02-13</premiered>
                <season>1</season>
                <episode>21</episode>
        </meta>
        <link>
		<sublink>search</sublink>
                <sublink>searchsd</sublink>
        </link>
        <animated_thumbnail></animated_thumbnail>
        <thumbnail>https://www.thetvdb.com/banners/_cache/episodes/77051/225965.jpg</thumbnail>
        <animated_fanart></animated_fanart>
        <fanart>https://www.thetvdb.com/banners/_cache/fanart/original/77051-4.jpg</fanart>
</item>

 <item>
        <title>The Mary Tyler Moore Show S01E22 - A Friend in Deed</title>
        <meta>
                <content>episode</content>
                <imdb></imdb>
                <tvdb>77051</tvdb>
                <tvshowtitle>The Mary Tyler Moore Show</tvshowtitle>
                <year>1964</year>
                <title>A Friend in Deed</title>
                <premiered>1971-02-20</premiered>
                <season>1</season>
                <episode>22</episode>
        </meta>
        <link>
		<sublink>search</sublink>
                <sublink>searchsd</sublink>
        </link>
        <animated_thumbnail></animated_thumbnail>
        <thumbnail>https://www.thetvdb.com/banners/_cache/episodes/77051/225966.jpg</thumbnail>
        <animated_fanart></animated_fanart>
        <fanart>https://www.thetvdb.com/banners/_cache/fanart/original/77051-4.jpg</fanart>
</item>

 <item>
        <title>The Mary Tyler Moore Show S01E23 - Smokey the Bear Wants You</title>
        <meta>
                <content>episode</content>
                <imdb></imdb>
                <tvdb>77051</tvdb>
                <tvshowtitle>The Mary Tyler Moore Show</tvshowtitle>
                <year>1964</year>
                <title>Smokey the Bear Wants You</title>
                <premiered>1971-02-27</premiered>
                <season>1</season>
                <episode>23</episode>
        </meta>
        <link>
		<sublink>search</sublink>
                <sublink>searchsd</sublink>
        </link>
        <animated_thumbnail></animated_thumbnail>
        <thumbnail>https://www.thetvdb.com/banners/_cache/episodes/77051/225967.jpg</thumbnail>
        <animated_fanart></animated_fanart>
        <fanart>https://www.thetvdb.com/banners/_cache/fanart/original/77051-4.jpg</fanart>
</item>

 <item>
        <title>The Mary Tyler Moore Show S01E24 - The 45-Year-Old Man</title>
        <meta>
                <content>episode</content>
                <imdb></imdb>
                <tvdb>77051</tvdb>
                <tvshowtitle>The Mary Tyler Moore Show</tvshowtitle>
                <year>1964</year>
                <title>The 45-Year-Old Man</title>
                <premiered>1971-03-06</premiered>
                <season>1</season>
                <episode>24</episode>
        </meta>
        <link>
		<sublink>search</sublink>
                <sublink>searchsd</sublink>
        </link>
        <animated_thumbnail></animated_thumbnail>
        <thumbnail>https://www.thetvdb.com/banners/_cache/episodes/77051/225968.jpg</thumbnail>
        <animated_fanart></animated_fanart>
        <fanart>https://www.thetvdb.com/banners/_cache/fanart/original/77051-4.jpg</fanart>
</item>

