########################
<poster>Season 1</poster>
<thumbnail></thumbnail>
<fanart></fanart>
########################

 <item>
        <title>Porridge S01E01 - New Faces, Old Hands</title>
        <meta>
                <content>episode</content>
                <imdb></imdb>
                <tvdb>76578</tvdb>
                <tvshowtitle>Porridge</tvshowtitle>
                <year>1973</year>
                <title>New Faces, Old Hands</title>
                <premiered>1974-09-05</premiered>
                <season>1</season>
                <episode>1</episode>
        </meta>
        <link>
		<sublink>search</sublink>
                <sublink>searchsd</sublink>
        </link>
        <animated_thumbnail></animated_thumbnail>
        <thumbnail>https://www.thetvdb.com/banners/_cache/posters/76578-5.jpg</thumbnail>
        <animated_fanart></animated_fanart>
        <fanart>https://www.thetvdb.com/banners/_cache/fanart/original/76578-7.jpg</fanart>
</item>

 <item>
        <title>Porridge S01E02 - The Hustler</title>
        <meta>
                <content>episode</content>
                <imdb></imdb>
                <tvdb>76578</tvdb>
                <tvshowtitle>Porridge</tvshowtitle>
                <year>1973</year>
                <title>The Hustler</title>
                <premiered>1974-09-12</premiered>
                <season>1</season>
                <episode>2</episode>
        </meta>
        <link>
		<sublink>search</sublink>
                <sublink>searchsd</sublink>
        </link>
        <animated_thumbnail></animated_thumbnail>
        <thumbnail>https://www.thetvdb.com/banners/_cache/episodes/76578/54457.jpg</thumbnail>
        <animated_fanart></animated_fanart>
        <fanart>https://www.thetvdb.com/banners/_cache/fanart/original/76578-7.jpg</fanart>
</item>

 <item>
        <title>Porridge S01E03 - A Night In</title>
        <meta>
                <content>episode</content>
                <imdb></imdb>
                <tvdb>76578</tvdb>
                <tvshowtitle>Porridge</tvshowtitle>
                <year>1973</year>
                <title>A Night In</title>
                <premiered>1974-09-19</premiered>
                <season>1</season>
                <episode>3</episode>
        </meta>
        <link>
		<sublink>search</sublink>
                <sublink>searchsd</sublink>
        </link>
        <animated_thumbnail></animated_thumbnail>
        <thumbnail>https://www.thetvdb.com/banners/_cache/episodes/76578/54458.jpg</thumbnail>
        <animated_fanart></animated_fanart>
        <fanart>https://www.thetvdb.com/banners/_cache/fanart/original/76578-7.jpg</fanart>
</item>

 <item>
        <title>Porridge S01E04 - A Day Out</title>
        <meta>
                <content>episode</content>
                <imdb>tt0650986</imdb>
                <tvdb>76578</tvdb>
                <tvshowtitle>Porridge</tvshowtitle>
                <year>1973</year>
                <title>A Day Out</title>
                <premiered>1974-09-26</premiered>
                <season>1</season>
                <episode>4</episode>
        </meta>
        <link>
		<sublink>search</sublink>
                <sublink>searchsd</sublink>
        </link>
        <animated_thumbnail></animated_thumbnail>
        <thumbnail>https://www.thetvdb.com/banners/_cache/episodes/76578/54459.jpg</thumbnail>
        <animated_fanart></animated_fanart>
        <fanart>https://www.thetvdb.com/banners/_cache/fanart/original/76578-7.jpg</fanart>
</item>

 <item>
        <title>Porridge S01E05 - Ways and Means</title>
        <meta>
                <content>episode</content>
                <imdb>tt0758093</imdb>
                <tvdb>76578</tvdb>
                <tvshowtitle>Porridge</tvshowtitle>
                <year>1973</year>
                <title>Ways and Means</title>
                <premiered>1974-10-03</premiered>
                <season>1</season>
                <episode>5</episode>
        </meta>
        <link>
		<sublink>search</sublink>
                <sublink>searchsd</sublink>
        </link>
        <animated_thumbnail></animated_thumbnail>
        <thumbnail>https://www.thetvdb.com/banners/_cache/episodes/76578/54460.jpg</thumbnail>
        <animated_fanart></animated_fanart>
        <fanart>https://www.thetvdb.com/banners/_cache/fanart/original/76578-7.jpg</fanart>
</item>

 <item>
        <title>Porridge S01E06 - Men Without Women</title>
        <meta>
                <content>episode</content>
                <imdb>tt0650980</imdb>
                <tvdb>76578</tvdb>
                <tvshowtitle>Porridge</tvshowtitle>
                <year>1973</year>
                <title>Men Without Women</title>
                <premiered>1974-10-10</premiered>
                <season>1</season>
                <episode>6</episode>
        </meta>
        <link>
		<sublink>search</sublink>
                <sublink>searchsd</sublink>
        </link>
        <animated_thumbnail></animated_thumbnail>
        <thumbnail>https://www.thetvdb.com/banners/_cache/episodes/76578/54461.jpg</thumbnail>
        <animated_fanart></animated_fanart>
        <fanart>https://www.thetvdb.com/banners/_cache/fanart/original/76578-7.jpg</fanart>
</item>

