########################
<poster>Porridge</poster>
<thumbnail></thumbnail>
<fanart></fanart>
#############################

<dir>
        <name>Season 1</name>
        <meta>
                <content>season</content>
                <imdb>tt0071036</imdb>
                <tvdb>76578</tvdb>
                <tvshowtitle>Porridge</tvshowtitle>
                <year>1973</year>
                <season>1</season>
        </meta>
        <link>https://raw.githubusercontent.com/Doggmatic71/maddogg/master/plugin.video.laughtraxx/plugin.video.laughtraxx/resources/porridge1.xml</link>
        <thumbnail>https://www.thetvdb.com/banners/_cache/seasons/76578-1-2.jpg</thumbnail>
</dir>

<dir>		
        <name>Season 2</name>
        <meta>
                <content>season</content>
                <imdb>tt0071036</imdb>
                <tvdb>76578</tvdb>
                <tvshowtitle>Porridge</tvshowtitle>
                <year>1973</year>
                <season>2</season>
        </meta>
        <link></link>
        <thumbnail>https://www.thetvdb.com/banners/_cache/seasons/76578-2.jpg</thumbnail>		
</dir>

<dir>		
        <name>Season 3</name>
        <meta>
                <content>season</content>
                <imdb>tt0071036</imdb>
                <tvdb>76578</tvdb>
                <tvshowtitle>Porridge</tvshowtitle>
                <year>1973</year>
                <season>3</season>
        </meta>
        <link></link>
        <thumbnail>https://www.thetvdb.com/banners/_cache/seasons/76578-3.jpg</thumbnail>		
</dir>
