########################
<poster>Season 1</poster>
<thumbnail></thumbnail>
<fanart></fanart>
########################

 <item>
        <title>Sanford and Son S01E01 - Crossed Swords</title>
        <meta>
                <content>episode</content>
                <imdb></imdb>
                <tvdb>78193</tvdb>
                <tvshowtitle>Sanford and Son</tvshowtitle>
                <year>1972</year>
                <title>Crossed Swords</title>
                <premiered>1972-01-14</premiered>
                <season>1</season>
                <episode>1</episode>
        </meta>
        <link>
		<sublink>search</sublink>
                <sublink>searchsd</sublink>
        </link>
        <animated_thumbnail></animated_thumbnail>
        <thumbnail>https://www.thetvdb.com/banners/_cache/episodes/78193/274833.jpg</thumbnail>
        <animated_fanart></animated_fanart>
        <fanart>https://www.thetvdb.com/banners/_cache/episodes/78193/274833.jpg</fanart>
</item>

 <item>
        <title>Sanford and Son S01E02 - Happy Birthday, Pop</title>
        <meta>
                <content>episode</content>
                <imdb></imdb>
                <tvdb>78193</tvdb>
                <tvshowtitle>Sanford and Son</tvshowtitle>
                <year>1972</year>
                <title>Happy Birthday, Pop</title>
                <premiered>1972-01-21</premiered>
                <season>1</season>
                <episode>2</episode>
        </meta>
        <link>
		<sublink>search</sublink>
                <sublink>searchsd</sublink>
        </link>
        <animated_thumbnail></animated_thumbnail>
        <thumbnail>https://www.thetvdb.com/banners/_cache/episodes/78193/274834.jpg</thumbnail>
        <animated_fanart></animated_fanart>
        <fanart>https://www.thetvdb.com/banners/_cache/episodes/78193/274834.jpg</fanart>
</item>

 <item>
        <title>Sanford and Son S01E03 - Here Comes the Bride, There Goes the Bride</title>
        <meta>
                <content>episode</content>
                <imdb></imdb>
                <tvdb>78193</tvdb>
                <tvshowtitle>Sanford and Son</tvshowtitle>
                <year>1972</year>
                <title>Here Comes the Bride, There Goes the Bride</title>
                <premiered>1972-01-28</premiered>
                <season>1</season>
                <episode>3</episode>
        </meta>
        <link>
		<sublink>search</sublink>
                <sublink>searchsd</sublink>
        </link>
        <animated_thumbnail></animated_thumbnail>
        <thumbnail>https://www.thetvdb.com/banners/_cache/episodes/78193/274835.jpg</thumbnail>
        <animated_fanart></animated_fanart>
        <fanart>https://www.thetvdb.com/banners/_cache/episodes/78193/274835.jpg</fanart>
</item>

 <item>
        <title>Sanford and Son S01E04 - The Copper Caper</title>
        <meta>
                <content>episode</content>
                <imdb></imdb>
                <tvdb>78193</tvdb>
                <tvshowtitle>Sanford and Son</tvshowtitle>
                <year>1972</year>
                <title>The Copper Caper</title>
                <premiered>1972-02-04</premiered>
                <season>1</season>
                <episode>4</episode>
        </meta>
        <link>
		<sublink>search</sublink>
                <sublink>searchsd</sublink>
        </link>
        <animated_thumbnail></animated_thumbnail>
        <thumbnail>https://www.thetvdb.com/banners/_cache/episodes/78193/274836.jpg</thumbnail>
        <animated_fanart></animated_fanart>
        <fanart>https://www.thetvdb.com/banners/_cache/episodes/78193/274836.jpg</fanart>
</item>

 <item>
        <title>Sanford and Son S01E05 - A Matter of Life and Breath</title>
        <meta>
                <content>episode</content>
                <imdb></imdb>
                <tvdb>78193</tvdb>
                <tvshowtitle>Sanford and Son</tvshowtitle>
                <year>1972</year>
                <title>A Matter of Life and Breath</title>
                <premiered>1972-02-11</premiered>
                <season>1</season>
                <episode>5</episode>
        </meta>
        <link>
		<sublink>search</sublink>
                <sublink>searchsd</sublink>
        </link>
        <animated_thumbnail></animated_thumbnail>
        <thumbnail>https://www.thetvdb.com/banners/_cache/episodes/78193/274837.jpg</thumbnail>
        <animated_fanart></animated_fanart>
        <fanart>https://www.thetvdb.com/banners/_cache/episodes/78193/274837.jpg</fanart>
</item>

 <item>
        <title>Sanford and Son S01E06 - We Were Robbed</title>
        <meta>
                <content>episode</content>
                <imdb></imdb>
                <tvdb>78193</tvdb>
                <tvshowtitle>Sanford and Son</tvshowtitle>
                <year>1972</year>
                <title>We Were Robbed</title>
                <premiered>1972-02-18</premiered>
                <season>1</season>
                <episode>6</episode>
        </meta>
        <link>
		<sublink>search</sublink>
                <sublink>searchsd</sublink>
        </link>
        <animated_thumbnail></animated_thumbnail>
        <thumbnail>https://www.thetvdb.com/banners/_cache/episodes/78193/274838.jpg</thumbnail>
        <animated_fanart></animated_fanart>
        <fanart>https://www.thetvdb.com/banners/_cache/episodes/78193/274838.jpg</fanart>
</item>

 <item>
        <title>Sanford and Son S01E07 - A Pad for Lamont</title>
        <meta>
                <content>episode</content>
                <imdb></imdb>
                <tvdb>78193</tvdb>
                <tvshowtitle>Sanford and Son</tvshowtitle>
                <year>1972</year>
                <title>A Pad for Lamont</title>
                <premiered>1972-02-25</premiered>
                <season>1</season>
                <episode>7</episode>
        </meta>
        <link>
		<sublink>search</sublink>
                <sublink>searchsd</sublink>
        </link>
        <animated_thumbnail></animated_thumbnail>
        <thumbnail>https://www.thetvdb.com/banners/_cache/episodes/78193/274839.jpg</thumbnail>
        <animated_fanart></animated_fanart>
        <fanart>https://www.thetvdb.com/banners/_cache/episodes/78193/274839.jpg</fanart>
</item>

 <item>
        <title>Sanford and Son S01E08 - The Great Sanford Siege</title>
        <meta>
                <content>episode</content>
                <imdb></imdb>
                <tvdb>78193</tvdb>
                <tvshowtitle>Sanford and Son</tvshowtitle>
                <year>1972</year>
                <title>The Great Sanford Siege</title>
                <premiered>1972-03-03</premiered>
                <season>1</season>
                <episode>8</episode>
        </meta>
        <link>
		<sublink>search</sublink>
                <sublink>searchsd</sublink>
        </link>
        <animated_thumbnail></animated_thumbnail>
        <thumbnail>https://www.thetvdb.com/banners/_cache/episodes/78193/274840.jpg</thumbnail>
        <animated_fanart></animated_fanart>
        <fanart>https://www.thetvdb.com/banners/_cache/episodes/78193/274840.jpg</fanart>
</item>

 <item>
        <title>Sanford and Son S01E09 - Coffins for Sale</title>
        <meta>
                <content>episode</content>
                <imdb>tt0013341</imdb>
                <tvdb>78193</tvdb>
                <tvshowtitle>Sanford and Son</tvshowtitle>
                <year>1972</year>
                <title>Coffins for Sale</title>
                <premiered>1972-03-10</premiered>
                <season>1</season>
                <episode>9</episode>
        </meta>
        <link>
		<sublink>search</sublink>
                <sublink>searchsd</sublink>
        </link>
        <animated_thumbnail></animated_thumbnail>
        <thumbnail>https://www.thetvdb.com/banners/_cache/episodes/78193/274841.jpg</thumbnail>
        <animated_fanart></animated_fanart>
        <fanart>https://www.thetvdb.com/banners/_cache/episodes/78193/274841.jpg</fanart>
</item>

 <item>
        <title>Sanford and Son S01E10 - The Barracuda</title>
        <meta>
                <content>episode</content>
                <imdb></imdb>
                <tvdb>78193</tvdb>
                <tvshowtitle>Sanford and Son</tvshowtitle>
                <year>1972</year>
                <title>The Barracuda</title>
                <premiered>1972-03-17</premiered>
                <season>1</season>
                <episode>10</episode>
        </meta>
        <link>
		<sublink>search</sublink>
                <sublink>searchsd</sublink>
        </link>
        <animated_thumbnail></animated_thumbnail>
        <thumbnail>https://www.thetvdb.com/banners/_cache/episodes/78193/274842.jpg</thumbnail>
        <animated_fanart></animated_fanart>
        <fanart>https://www.thetvdb.com/banners/_cache/episodes/78193/274842.jpg</fanart>
</item>

 <item>
        <title>Sanford and Son S01E11 - TV or Not TV</title>
        <meta>
                <content>episode</content>
                <imdb></imdb>
                <tvdb>78193</tvdb>
                <tvshowtitle>Sanford and Son</tvshowtitle>
                <year>1972</year>
                <title>TV or Not TV</title>
                <premiered>1972-03-24</premiered>
                <season>1</season>
                <episode>11</episode>
        </meta>
        <link>
		<sublink>search</sublink>
                <sublink>searchsd</sublink>
        </link>
        <animated_thumbnail></animated_thumbnail>
        <thumbnail>https://www.thetvdb.com/banners/_cache/episodes/78193/274843.jpg</thumbnail>
        <animated_fanart></animated_fanart>
        <fanart>https://www.thetvdb.com/banners/_cache/episodes/78193/274843.jpg</fanart>
</item>

 <item>
        <title>Sanford and Son S01E12 - The Suitcase Case</title>
        <meta>
                <content>episode</content>
                <imdb></imdb>
                <tvdb>78193</tvdb>
                <tvshowtitle>Sanford and Son</tvshowtitle>
                <year>1972</year>
                <title>The Suitcase Case</title>
                <premiered>1972-03-31</premiered>
                <season>1</season>
                <episode>12</episode>
        </meta>
        <link>
		<sublink>search</sublink>
                <sublink>searchsd</sublink>
        </link>
        <animated_thumbnail></animated_thumbnail>
        <thumbnail>https://www.thetvdb.com/banners/_cache/episodes/78193/274844.jpg</thumbnail>
        <animated_fanart></animated_fanart>
        <fanart>https://www.thetvdb.com/banners/_cache/episodes/78193/274844.jpg</fanart>
</item>

 <item>
        <title>Sanford and Son S01E13 - The Return of the Barracuda</title>
        <meta>
                <content>episode</content>
                <imdb></imdb>
                <tvdb>78193</tvdb>
                <tvshowtitle>Sanford and Son</tvshowtitle>
                <year>1972</year>
                <title>The Return of the Barracuda</title>
                <premiered>1972-04-07</premiered>
                <season>1</season>
                <episode>13</episode>
        </meta>
        <link>
		<sublink>search</sublink>
                <sublink>searchsd</sublink>
        </link>
        <animated_thumbnail></animated_thumbnail>
        <thumbnail>https://www.thetvdb.com/banners/_cache/episodes/78193/274845.jpg</thumbnail>
        <animated_fanart></animated_fanart>
        <fanart>https://www.thetvdb.com/banners/_cache/episodes/78193/274845.jpg</fanart>
</item>

 <item>
        <title>Sanford and Son S01E14 - The Piano Movers</title>
        <meta>
                <content>episode</content>
                <imdb></imdb>
                <tvdb>78193</tvdb>
                <tvshowtitle>Sanford and Son</tvshowtitle>
                <year>1972</year>
                <title>The Piano Movers</title>
                <premiered>1972-04-14</premiered>
                <season>1</season>
                <episode>14</episode>
        </meta>
        <link>
		<sublink>search</sublink>
                <sublink>searchsd</sublink>
        </link>
        <animated_thumbnail></animated_thumbnail>
        <thumbnail>https://www.thetvdb.com/banners/_cache/episodes/78193/274846.jpg</thumbnail>
        <animated_fanart></animated_fanart>
        <fanart>https://www.thetvdb.com/banners/_cache/episodes/78193/274846.jpg</fanart>
</item>

