########################
<poster>Sanford and Son</poster>
<thumbnail></thumbnail>
<fanart></fanart>
#############################

<dir>
        <name>Season 1</name>
        <meta>
                <content>season</content>
                <imdb>tt0068128</imdb>
                <tvdb>78193</tvdb>
                <tvshowtitle>Sanford and Son</tvshowtitle>
                <year>1972</year>
                <season>1</season>
        </meta>
        <link>https://raw.githubusercontent.com/Doggmatic71/maddogg/master/plugin.video.laughtraxx/plugin.video.laughtraxx/resources/sanford1.xml</link>
        <thumbnail>https://www.thetvdb.com/banners/_cache/seasons/78193-1-2.jpg</thumbnail>
</dir>

<dir>		
        <name>Season 2</name>
        <meta>
                <content>season</content>
                <imdb>tt0068128</imdb>
                <tvdb>78193</tvdb>
                <tvshowtitle>Sanford and Son</tvshowtitle>
                <year>1972</year>
                <season>2</season>
        </meta>
        <link></link>
        <thumbnail>https://www.thetvdb.com/banners/_cache/seasons/78193-2.jpg</thumbnail>		
</dir>

<dir>		
        <name>Season 3</name>
        <meta>
                <content>season</content>
                <imdb>tt0068128</imdb>
                <tvdb>78193</tvdb>
                <tvshowtitle>Sanford and Son</tvshowtitle>
                <year>1972</year>
                <season>3</season>
        </meta>
        <link></link>
        <thumbnail>https://www.thetvdb.com/banners/_cache/seasons/78193-3.jpg</thumbnail>		
</dir>

<dir>		
        <name>Season 4</name>
        <meta>
                <content>season</content>
                <imdb>tt0068128</imdb>
                <tvdb>78193</tvdb>
                <tvshowtitle>Sanford and Son</tvshowtitle>
                <year>1972</year>
                <season>4</season>
        </meta>
        <link></link>
        <thumbnail>https://www.thetvdb.com/banners/_cache/seasons/78193-4.jpg</thumbnail>		
</dir>

<dir>		
        <name>Season 5</name>
        <meta>
                <content>season</content>
                <imdb>tt0068128</imdb>
                <tvdb>78193</tvdb>
                <tvshowtitle>Sanford and Son</tvshowtitle>
                <year>1972</year>
                <season>5</season>
        </meta>
        <link></link>
        <thumbnail>https://www.thetvdb.com/banners/_cache/seasons/78193-5.jpg</thumbnail>		
</dir>

<dir>		
        <name>Season 6</name>
        <meta>
                <content>season</content>
                <imdb>tt0068128</imdb>
                <tvdb>78193</tvdb>
                <tvshowtitle>Sanford and Son</tvshowtitle>
                <year>1972</year>
                <season>6</season>
        </meta>
        <link></link>
        <thumbnail>https://www.thetvdb.com/banners/_cache/seasons/78193-6.jpg</thumbnail>		
</dir>


