########################
<poster>Are You Being Served?</poster>
<thumbnail></thumbnail>
<fanart></fanart>
#############################

<dir>
        <name>Season 1</name>
        <meta>
                <content>season</content>
                <imdb>tt0068040</imdb>
                <tvdb>77879</tvdb>
                <tvshowtitle>Are You Being Served?</tvshowtitle>
                <year>1972</year>
                <season>1</season>
        </meta>
        <link>https://raw.githubusercontent.com/Doggmatic71/maddogg/master/plugin.video.laughtraxx/plugin.video.laughtraxx/resources/served1.xml</link>
        <thumbnail>https://www.thetvdb.com/banners/_cache/seasons/77879-1-2.jpg</thumbnail>
</dir>

<dir>		
        <name>Season 2</name>
        <meta>
                <content>season</content>
                <imdb>tt0068040</imdb>
                <tvdb>77879</tvdb>
                <tvshowtitle>Are You Being Served?</tvshowtitle>
                <year>1972</year>
                <season>2</season>
        </meta>
        <link></link>
        <thumbnail>https://www.thetvdb.com/banners/_cache/seasons/77879-2.jpg</thumbnail>		
</dir>

<dir>		
        <name>Season 3</name>
        <meta>
                <content>season</content>
                <imdb>tt0068040</imdb>
                <tvdb>77879</tvdb>
                <tvshowtitle>Are You Being Served?</tvshowtitle>
                <year>1972</year>
                <season>3</season>
        </meta>
        <link></link>
        <thumbnail>https://www.thetvdb.com/banners/_cache/seasons/77879-3.jpg</thumbnail>		
</dir>

<dir>		
        <name>Season 4</name>
        <meta>
                <content>season</content>
                <imdb>tt0068040</imdb>
                <tvdb>77879</tvdb>
                <tvshowtitle>Are You Being Served?</tvshowtitle>
                <year>1972</year>
                <season>4</season>
        </meta>
        <link></link>
        <thumbnail>https://www.thetvdb.com/banners/_cache/seasons/77879-4.jpg</thumbnail>		
</dir>

<dir>		
        <name>Season 5</name>
        <meta>
                <content>season</content>
                <imdb>tt0068040</imdb>
                <tvdb>77879</tvdb>
                <tvshowtitle>Are You Being Served?</tvshowtitle>
                <year>1972</year>
                <season>5</season>
        </meta>
        <link></link>
        <thumbnail>https://www.thetvdb.com/banners/_cache/seasons/77879-5.jpg</thumbnail>		
</dir>

<dir>		
        <name>Season 6</name>
        <meta>
                <content>season</content>
                <imdb>tt0068040</imdb>
                <tvdb>77879</tvdb>
                <tvshowtitle>Are You Being Served?</tvshowtitle>
                <year>1972</year>
                <season>6</season>
        </meta>
        <link></link>
        <thumbnail>https://www.thetvdb.com/banners/_cache/seasons/77879-6.jpg</thumbnail>		
</dir>

<dir>		
        <name>Season 7</name>
        <meta>
                <content>season</content>
                <imdb>tt0068040</imdb>
                <tvdb>77879</tvdb>
                <tvshowtitle>Are You Being Served?</tvshowtitle>
                <year>1972</year>
                <season>7</season>
        </meta>
        <link></link>
        <thumbnail>https://www.thetvdb.com/banners/_cache/seasons/77879-7.jpg</thumbnail>		
</dir>

<dir>		
        <name>Season 8</name>
        <meta>
                <content>season</content>
                <imdb>tt0068040</imdb>
                <tvdb>77879</tvdb>
                <tvshowtitle>Are You Being Served?</tvshowtitle>
                <year>1972</year>
                <season>8</season>
        </meta>
        <link></link>
        <thumbnail>https://www.thetvdb.com/banners/_cache/seasons/77879-8.jpg</thumbnail>		
</dir>

<dir>		
        <name>Season 9</name>
        <meta>
                <content>season</content>
                <imdb>tt0068040</imdb>
                <tvdb>77879</tvdb>
                <tvshowtitle>Are You Being Served?</tvshowtitle>
                <year>1972</year>
                <season>9</season>
        </meta>
        <link></link>
        <thumbnail>https://www.thetvdb.com/banners/_cache/seasons/77879-9.jpg</thumbnail>		
</dir>

<dir>		
        <name>Season 10</name>
        <meta>
                <content>season</content>
                <imdb>tt0068040</imdb>
                <tvdb>77879</tvdb>
                <tvshowtitle>Are You Being Served?</tvshowtitle>
                <year>1972</year>
                <season>10</season>
        </meta>
        <link></link>
        <thumbnail>https://www.thetvdb.com/banners/_cache/seasons/77879-10.jpg</thumbnail>		
</dir>
