########################
<poster>Season 1</poster>
<thumbnail></thumbnail>
<fanart></fanart>
########################

 <item>
        <title>Are You Being Served? S01E01 - Pilot</title>
        <meta>
                <content>episode</content>
                <imdb>tt0514520</imdb>
                <tvdb>77879</tvdb>
                <tvshowtitle>Are You Being Served?</tvshowtitle>
                <year>1972</year>
                <title>Pilot</title>
                <premiered>1972-09-08</premiered>
                <season>1</season>
                <episode>1</episode>
        </meta>
        <link>
		<sublink>search</sublink>
                <sublink>searchsd</sublink>
        </link>
        <animated_thumbnail></animated_thumbnail>
        <thumbnail>https://www.thetvdb.com/banners/_cache/posters/77879-4.jpg</thumbnail>
        <animated_fanart></animated_fanart>
        <fanart>https://www.thetvdb.com/banners/_cache/fanart/original/77879-2.jpg</fanart>
</item>

 <item>
        <title>Are You Being Served? S01E02 - Dear Sexy Knickers</title>
        <meta>
                <content>episode</content>
                <imdb>tt0514492</imdb>
                <tvdb>77879</tvdb>
                <tvshowtitle>Are You Being Served?</tvshowtitle>
                <year>1972</year>
                <title>Dear Sexy Knickers</title>
                <premiered>1973-03-21</premiered>
                <season>1</season>
                <episode>2</episode>
        </meta>
        <link>
		<sublink>search</sublink>
                <sublink>searchsd</sublink>
        </link>
        <animated_thumbnail></animated_thumbnail>
        <thumbnail>https://www.thetvdb.com/banners/_cache/posters/77879-4.jpg</thumbnail>
        <animated_fanart></animated_fanart>
        <fanart>https://www.thetvdb.com/banners/_cache/fanart/original/77879-2.jpg</fanart>
</item>

 <item>
        <title>Are You Being Served? S01E03 - Our Figures Are Slipping</title>
        <meta>
                <content>episode</content>
                <imdb>tt0514519</imdb>
                <tvdb>77879</tvdb>
                <tvshowtitle>Are You Being Served?</tvshowtitle>
                <year>1972</year>
                <title>Our Figures Are Slipping</title>
                <premiered>1973-03-28</premiered>
                <season>1</season>
                <episode>3</episode>
        </meta>
        <link>
		<sublink>search</sublink>
                <sublink>searchsd</sublink>
        </link>
        <animated_thumbnail></animated_thumbnail>
        <thumbnail>https://www.thetvdb.com/banners/_cache/posters/77879-4.jpg</thumbnail>
        <animated_fanart></animated_fanart>
        <fanart>https://www.thetvdb.com/banners/_cache/fanart/original/77879-2.jpg</fanart>
</item>

 <item>
        <title>Are You Being Served? S01E04 - Camping In</title>
        <meta>
                <content>episode</content>
                <imdb>tt0514485</imdb>
                <tvdb>77879</tvdb>
                <tvshowtitle>Are You Being Served?</tvshowtitle>
                <year>1972</year>
                <title>Camping In</title>
                <premiered>1973-04-04</premiered>
                <season>1</season>
                <episode>4</episode>
        </meta>
        <link>
		<sublink>search</sublink>
                <sublink>searchsd</sublink>
        </link>
        <animated_thumbnail></animated_thumbnail>
        <thumbnail>https://www.thetvdb.com/banners/_cache/posters/77879-4.jpg</thumbnail>
        <animated_fanart></animated_fanart>
        <fanart>https://www.thetvdb.com/banners/_cache/fanart/original/77879-2.jpg</fanart>
</item>

 <item>
        <title>Are You Being Served? S01E05 - His and Hers</title>
        <meta>
                <content>episode</content>
                <imdb>tt0514507</imdb>
                <tvdb>77879</tvdb>
                <tvshowtitle>Are You Being Served?</tvshowtitle>
                <year>1972</year>
                <title>His and Hers</title>
                <premiered>1973-04-11</premiered>
                <season>1</season>
                <episode>5</episode>
        </meta>
        <link>
		<sublink>search</sublink>
                <sublink>searchsd</sublink>
        </link>
        <animated_thumbnail></animated_thumbnail>
        <thumbnail>https://www.thetvdb.com/banners/_cache/posters/77879-4.jpg</thumbnail>
        <animated_fanart></animated_fanart>
        <fanart>https://www.thetvdb.com/banners/_cache/fanart/original/77879-2.jpg</fanart>
</item>

 <item>
        <title>Are You Being Served? S01E06 - Diamonds Are a Man's Best Friend</title>
        <meta>
                <content>episode</content>
                <imdb>tt0514493</imdb>
                <tvdb>77879</tvdb>
                <tvshowtitle>Are You Being Served?</tvshowtitle>
                <year>1972</year>
                <title>Diamonds Are a Man's Best Friend</title>
                <premiered>1973-04-18</premiered>
                <season>1</season>
                <episode>6</episode>
        </meta>
        <link>
		<sublink>search</sublink>
                <sublink>searchsd</sublink>
        </link>
        <animated_thumbnail></animated_thumbnail>
        <thumbnail>https://www.thetvdb.com/banners/_cache/posters/77879-4.jpg</thumbnail>
        <animated_fanart></animated_fanart>
        <fanart>https://www.thetvdb.com/banners/_cache/fanart/original/77879-2.jpg</fanart>
</item>
