########################
<poster>Get Smart</poster>
<thumbnail></thumbnail>
<fanart></fanart>
#############################

<dir>
        <name>Season 1</name>
        <meta>
                <content>season</content>
                <imdb>tt0058805</imdb>
                <tvdb>70386</tvdb>
                <tvshowtitle>Get Smart</tvshowtitle>
                <year>1965</year>
                <season>1</season>
        </meta>
        <link>https://raw.githubusercontent.com/Doggmatic71/maddogg/master/plugin.video.laughtraxx/plugin.video.laughtraxx/resources/smart1.xml</link>
        <thumbnail>https://www.thetvdb.com/banners/_cache/seasons/70386-1.jpg</thumbnail>
</dir>

<dir>		
        <name>Season 2</name>
        <meta>
                <content>season</content>
                <imdb>tt0058805</imdb>
                <tvdb>70386</tvdb>
                <tvshowtitle>Get Smart</tvshowtitle>
                <year>1965</year>
                <season>2</season>
        </meta>
        <link></link>
        <thumbnail>https://www.thetvdb.com/banners/_cache/seasons/70386-2.jpg</thumbnail>		
</dir>

<dir>		
        <name>Season 3</name>
        <meta>
                <content>season</content>
                <imdb>tt0058805</imdb>
                <tvdb>70386</tvdb>
                <tvshowtitle>Get Smart</tvshowtitle>
                <year>1965</year>
                <season>3</season>
        </meta>
        <link></link>
        <thumbnail>https://www.thetvdb.com/banners/_cache/seasons/70386-3.jpg</thumbnail>		
</dir>

<dir>		
        <name>Season 4</name>
        <meta>
                <content>season</content>
                <imdb>tt0058805</imdb>
                <tvdb>70386</tvdb>
                <tvshowtitle>Get Smart</tvshowtitle>
                <year>1965</year>
                <season>4</season>
        </meta>
        <link></link>
        <thumbnail>https://www.thetvdb.com/banners/_cache/seasons/70386-4.jpg</thumbnail>		
</dir>

<dir>		
        <name>Season 5</name>
        <meta>
                <content>season</content>
                <imdb>tt0058805</imdb>
                <tvdb>70386</tvdb>
                <tvshowtitle>Get Smart</tvshowtitle>
                <year>1965</year>
                <season>5</season>
        </meta>
        <link></link>
        <thumbnail>https://www.thetvdb.com/banners/_cache/seasons/70386-5.jpg</thumbnail>		
</dir>
