########################
<poster>Season 1</poster>
<thumbnail></thumbnail>
<fanart></fanart>
########################

 <item>
        <title>My Three Sons S01E01 - Chip-Off the Old Block</title>
        <meta>
                <content>episode</content>
                <imdb></imdb>
                <tvdb>71404</tvdb>
                <tvshowtitle>My Three Sons</tvshowtitle>
                <year>1960</year>
                <title>Chip-Off the Old Block</title>
                <premiered>1960-09-29</premiered>
                <season>1</season>
                <episode>1</episode>
        </meta>
        <link>
		<sublink>search</sublink>
                <sublink>searchsd</sublink>
        </link>
        <animated_thumbnail></animated_thumbnail>
        <thumbnail>https://www.thetvdb.com/banners/_cache/posters/71404-4.jpg</thumbnail>
        <animated_fanart></animated_fanart>
        <fanart>https://www.thetvdb.com/banners/_cache/fanart/original/71404-2.jpg</fanart>
</item>

 <item>
        <title>My Three Sons S01E02 - The Little Ragpicker</title>
        <meta>
                <content>episode</content>
                <imdb></imdb>
                <tvdb>71404</tvdb>
                <tvshowtitle>My Three Sons</tvshowtitle>
                <year>1960</year>
                <title>The Little Ragpicker</title>
                <premiered>1960-10-06</premiered>
                <season>1</season>
                <episode>2</episode>
        </meta>
        <link>
		<sublink>search</sublink>
                <sublink>searchsd</sublink>
        </link>
        <animated_thumbnail></animated_thumbnail>
        <thumbnail>https://www.thetvdb.com/banners/_cache/posters/71404-4.jpg</thumbnail>
        <animated_fanart></animated_fanart>
        <fanart>https://www.thetvdb.com/banners/_cache/fanart/original/71404-2.jpg</fanart>
</item>

 <item>
        <title>My Three Sons S01E03 - Bub in the Ointment</title>
        <meta>
                <content>episode</content>
                <imdb></imdb>
                <tvdb>71404</tvdb>
                <tvshowtitle>My Three Sons</tvshowtitle>
                <year>1960</year>
                <title>Bub in the Ointment</title>
                <premiered>1960-10-13</premiered>
                <season>1</season>
                <episode>3</episode>
        </meta>
        <link>
		<sublink>search</sublink>
                <sublink>searchsd</sublink>
        </link>
        <animated_thumbnail></animated_thumbnail>
        <thumbnail>https://www.thetvdb.com/banners/_cache/posters/71404-4.jpg</thumbnail>
        <animated_fanart></animated_fanart>
        <fanart>https://www.thetvdb.com/banners/_cache/fanart/original/71404-2.jpg</fanart>
</item>

 <item>
        <title>My Three Sons S01E04 - Countdown</title>
        <meta>
                <content>episode</content>
                <imdb></imdb>
                <tvdb>71404</tvdb>
                <tvshowtitle>My Three Sons</tvshowtitle>
                <year>1960</year>
                <title>Countdown</title>
                <premiered>1960-10-20</premiered>
                <season>1</season>
                <episode>4</episode>
        </meta>
        <link>
		<sublink>search</sublink>
                <sublink>searchsd</sublink>
        </link>
        <animated_thumbnail></animated_thumbnail>
        <thumbnail>https://www.thetvdb.com/banners/_cache/posters/71404-4.jpg</thumbnail>
        <animated_fanart></animated_fanart>
        <fanart>https://www.thetvdb.com/banners/_cache/fanart/original/71404-2.jpg</fanart>
</item>

 <item>
        <title>My Three Sons S01E05 - Brotherly Love</title>
        <meta>
                <content>episode</content>
                <imdb></imdb>
                <tvdb>71404</tvdb>
                <tvshowtitle>My Three Sons</tvshowtitle>
                <year>1960</year>
                <title>Brotherly Love</title>
                <premiered>1960-10-27</premiered>
                <season>1</season>
                <episode>5</episode>
        </meta>
        <link>
		<sublink>search</sublink>
                <sublink>searchsd</sublink>
        </link>
        <animated_thumbnail></animated_thumbnail>
        <thumbnail>https://www.thetvdb.com/banners/_cache/posters/71404-4.jpg</thumbnail>
        <animated_fanart></animated_fanart>
        <fanart>https://www.thetvdb.com/banners/_cache/fanart/original/71404-2.jpg</fanart>
</item>

 <item>
        <title>My Three Sons S01E06 - Adjust or Bust</title>
        <meta>
                <content>episode</content>
                <imdb></imdb>
                <tvdb>71404</tvdb>
                <tvshowtitle>My Three Sons</tvshowtitle>
                <year>1960</year>
                <title>Adjust or Bust</title>
                <premiered>1960-11-03</premiered>
                <season>1</season>
                <episode>6</episode>
        </meta>
        <link>
		<sublink>search</sublink>
                <sublink>searchsd</sublink>
        </link>
        <animated_thumbnail></animated_thumbnail>
        <thumbnail>https://www.thetvdb.com/banners/_cache/posters/71404-4.jpg</thumbnail>
        <animated_fanart></animated_fanart>
        <fanart>https://www.thetvdb.com/banners/_cache/fanart/original/71404-2.jpg</fanart>
</item>

 <item>
        <title>My Three Sons S01E07 - Lady Engineer</title>
        <meta>
                <content>episode</content>
                <imdb></imdb>
                <tvdb>71404</tvdb>
                <tvshowtitle>My Three Sons</tvshowtitle>
                <year>1960</year>
                <title>Lady Engineer</title>
                <premiered>1960-11-10</premiered>
                <season>1</season>
                <episode>7</episode>
        </meta>
        <link>
		<sublink>search</sublink>
                <sublink>searchsd</sublink>
        </link>
        <animated_thumbnail></animated_thumbnail>
        <thumbnail>https://www.thetvdb.com/banners/_cache/posters/71404-4.jpg</thumbnail>
        <animated_fanart></animated_fanart>
        <fanart>https://www.thetvdb.com/banners/_cache/fanart/original/71404-2.jpg</fanart>
</item>
 <item>
        <title>My Three Sons S01E08 - Chip's Harvest</title>
        <meta>
                <content>episode</content>
                <imdb></imdb>
                <tvdb>71404</tvdb>
                <tvshowtitle>My Three Sons</tvshowtitle>
                <year>1960</year>
                <title>Chip's Harvest</title>
                <premiered>1960-11-17</premiered>
                <season>1</season>
                <episode>8</episode>
        </meta>
        <link>
		<sublink>search</sublink>
                <sublink>searchsd</sublink>
        </link>
        <animated_thumbnail></animated_thumbnail>
        <thumbnail>https://www.thetvdb.com/banners/_cache/posters/71404-4.jpg</thumbnail>
        <animated_fanart></animated_fanart>
        <fanart>https://www.thetvdb.com/banners/_cache/fanart/original/71404-2.jpg</fanart>
</item>

 <item>
        <title>My Three Sons S01E09 - Raft on the River</title>
        <meta>
                <content>episode</content>
                <imdb></imdb>
                <tvdb>71404</tvdb>
                <tvshowtitle>My Three Sons</tvshowtitle>
                <year>1960</year>
                <title>Raft on the River</title>
                <premiered>1960-11-24</premiered>
                <season>1</season>
                <episode>9</episode>
        </meta>
        <link>
		<sublink>search</sublink>
                <sublink>searchsd</sublink>
        </link>
        <animated_thumbnail></animated_thumbnail>
        <thumbnail>https://www.thetvdb.com/banners/_cache/posters/71404-4.jpg</thumbnail>
        <animated_fanart></animated_fanart>
        <fanart>https://www.thetvdb.com/banners/_cache/fanart/original/71404-2.jpg</fanart>
</item>

 <item>
        <title>My Three Sons S01E10 - Lonesome George</title>
        <meta>
                <content>episode</content>
                <imdb></imdb>
                <tvdb>71404</tvdb>
                <tvshowtitle>My Three Sons</tvshowtitle>
                <year>1960</year>
                <title>Lonesome George</title>
                <premiered>1960-12-01</premiered>
                <season>1</season>
                <episode>10</episode>
        </meta>
        <link>
		<sublink>search</sublink>
                <sublink>searchsd</sublink>
        </link>
        <animated_thumbnail></animated_thumbnail>
        <thumbnail>https://www.thetvdb.com/banners/_cache/posters/71404-4.jpg</thumbnail>
        <animated_fanart></animated_fanart>
        <fanart>https://www.thetvdb.com/banners/_cache/fanart/original/71404-2.jpg</fanart>
</item>
 <item>
        <title>My Three Sons S01E11 - Spring Will Be a Little Late This Year</title>
        <meta>
                <content>episode</content>
                <imdb></imdb>
                <tvdb>71404</tvdb>
                <tvshowtitle>My Three Sons</tvshowtitle>
                <year>1960</year>
                <title>Spring Will Be a Little Late This Year</title>
                <premiered>1960-12-08</premiered>
                <season>1</season>
                <episode>11</episode>
        </meta>
        <link>
		<sublink>search</sublink>
                <sublink>searchsd</sublink>
        </link>
        <animated_thumbnail></animated_thumbnail>
        <thumbnail>https://www.thetvdb.com/banners/_cache/posters/71404-4.jpg</thumbnail>
        <animated_fanart></animated_fanart>
        <fanart>https://www.thetvdb.com/banners/_cache/fanart/original/71404-2.jpg</fanart>
</item>

 <item>
        <title>My Three Sons S01E12 - My Three Strikers</title>
        <meta>
                <content>episode</content>
                <imdb></imdb>
                <tvdb>71404</tvdb>
                <tvshowtitle>My Three Sons</tvshowtitle>
                <year>1960</year>
                <title>My Three Strikers</title>
                <premiered>1960-12-15</premiered>
                <season>1</season>
                <episode>12</episode>
        </meta>
        <link>
		<sublink>search</sublink>
                <sublink>searchsd</sublink>
        </link>
        <animated_thumbnail></animated_thumbnail>
        <thumbnail>https://www.thetvdb.com/banners/_cache/posters/71404-4.jpg</thumbnail>
        <animated_fanart></animated_fanart>
        <fanart>https://www.thetvdb.com/banners/_cache/fanart/original/71404-2.jpg</fanart>
</item>

 <item>
        <title>My Three Sons S01E13 - The Elopement</title>
        <meta>
                <content>episode</content>
                <imdb></imdb>
                <tvdb>71404</tvdb>
                <tvshowtitle>My Three Sons</tvshowtitle>
                <year>1960</year>
                <title>The Elopement</title>
                <premiered>1960-12-22</premiered>
                <season>1</season>
                <episode>13</episode>
        </meta>
        <link>
		<sublink>search</sublink>
                <sublink>searchsd</sublink>
        </link>
        <animated_thumbnail></animated_thumbnail>
        <thumbnail>https://www.thetvdb.com/banners/_cache/posters/71404-4.jpg</thumbnail>
        <animated_fanart></animated_fanart>
        <fanart>https://www.thetvdb.com/banners/_cache/fanart/original/71404-2.jpg</fanart>
</item>

 <item>
        <title>My Three Sons S01E14 - Mike's Brother</title>
        <meta>
                <content>episode</content>
                <imdb></imdb>
                <tvdb>71404</tvdb>
                <tvshowtitle>My Three Sons</tvshowtitle>
                <year>1960</year>
                <title>Mike's Brother</title>
                <premiered>1960-12-29</premiered>
                <season>1</season>
                <episode>14</episode>
        </meta>
        <link>
		<sublink>search</sublink>
                <sublink>searchsd</sublink>
        </link>
        <animated_thumbnail></animated_thumbnail>
        <thumbnail>https://www.thetvdb.com/banners/_cache/posters/71404-4.jpg</thumbnail>
        <animated_fanart></animated_fanart>
        <fanart>https://www.thetvdb.com/banners/_cache/fanart/original/71404-2.jpg</fanart>
</item>

 <item>
        <title>My Three Sons S01E15 - Domestic Trouble</title>
        <meta>
                <content>episode</content>
                <imdb></imdb>
                <tvdb>71404</tvdb>
                <tvshowtitle>My Three Sons</tvshowtitle>
                <year>1960</year>
                <title>Domestic Trouble</title>
                <premiered>1961-01-05</premiered>
                <season>1</season>
                <episode>15</episode>
        </meta>
        <link>
		<sublink>search</sublink>
                <sublink>searchsd</sublink>
        </link>
        <animated_thumbnail></animated_thumbnail>
        <thumbnail>https://www.thetvdb.com/banners/_cache/posters/71404-4.jpg</thumbnail>
        <animated_fanart></animated_fanart>
        <fanart>https://www.thetvdb.com/banners/_cache/fanart/original/71404-2.jpg</fanart>
</item>

 <item>
        <title>My Three Sons S01E16 - Bub Leaves Home</title>
        <meta>
                <content>episode</content>
                <imdb></imdb>
                <tvdb>71404</tvdb>
                <tvshowtitle>My Three Sons</tvshowtitle>
                <year>1960</year>
                <title>BBub Leaves Home</title>
                <premiered>1961-01-12</premiered>
                <season>1</season>
                <episode>16</episode>
        </meta>
        <link>
		<sublink>search</sublink>
                <sublink>searchsd</sublink>
        </link>
        <animated_thumbnail></animated_thumbnail>
        <thumbnail>https://www.thetvdb.com/banners/_cache/posters/71404-4.jpg</thumbnail>
        <animated_fanart></animated_fanart>
        <fanart>https://www.thetvdb.com/banners/_cache/fanart/original/71404-2.jpg</fanart>
</item>

 <item>
        <title>My Three Sons S01E17 - Mike in a Rush</title>
        <meta>
                <content>episode</content>
                <imdb></imdb>
                <tvdb>71404</tvdb>
                <tvshowtitle>My Three Sons</tvshowtitle>
                <year>1960</year>
                <title>Mike in a Rush</title>
                <premiered>1961-01-19</premiered>
                <season>1</season>
                <episode>17</episode>
        </meta>
        <link>
		<sublink>search</sublink>
                <sublink>searchsd</sublink>
        </link>
        <animated_thumbnail></animated_thumbnail>
        <thumbnail>https://www.thetvdb.com/banners/_cache/posters/71404-4.jpg</thumbnail>
        <animated_fanart></animated_fanart>
        <fanart>https://www.thetvdb.com/banners/_cache/fanart/original/71404-2.jpg</fanart>
</item>

 <item>
        <title>My Three Sons S01E18 - The Bully</title>
        <meta>
                <content>episode</content>
                <imdb></imdb>
                <tvdb>71404</tvdb>
                <tvshowtitle>My Three Sons</tvshowtitle>
                <year>1960</year>
                <title>The Bully</title>
                <premiered>1961-01-26</premiered>
                <season>1</season>
                <episode>18</episode>
        </meta>
        <link>
		<sublink>search</sublink>
                <sublink>searchsd</sublink>
        </link>
        <animated_thumbnail></animated_thumbnail>
        <thumbnail>https://www.thetvdb.com/banners/_cache/posters/71404-4.jpg</thumbnail>
        <animated_fanart></animated_fanart>
        <fanart>https://www.thetvdb.com/banners/_cache/fanart/original/71404-2.jpg</fanart>
</item>

 <item>
        <title>My Three Sons S01E19 - Organization Woman</title>
        <meta>
                <content>episode</content>
                <imdb></imdb>
                <tvdb>71404</tvdb>
                <tvshowtitle>My Three Sons</tvshowtitle>
                <year>1960</year>
                <title>Organization Woman</title>
                <premiered>1961-02-02</premiered>
                <season>1</season>
                <episode>19</episode>
        </meta>
        <link>
		<sublink>search</sublink>
                <sublink>searchsd</sublink>
        </link>
        <animated_thumbnail></animated_thumbnail>
        <thumbnail>https://www.thetvdb.com/banners/_cache/posters/71404-4.jpg</thumbnail>
        <animated_fanart></animated_fanart>
        <fanart>https://www.thetvdb.com/banners/_cache/fanart/original/71404-2.jpg</fanart>
</item>

 <item>
        <title>My Three Sons S01E20 - Other People's Houses</title>
        <meta>
                <content>episode</content>
                <imdb></imdb>
                <tvdb>71404</tvdb>
                <tvshowtitle>My Three Sons</tvshowtitle>
                <year>1960</year>
                <title>Other People's Houses</title>
                <premiered>1961-02-09</premiered>
                <season>1</season>
                <episode>20</episode>
        </meta>
        <link>
		<sublink>search</sublink>
                <sublink>searchsd</sublink>
        </link>
        <animated_thumbnail></animated_thumbnail>
        <thumbnail>https://www.thetvdb.com/banners/_cache/posters/71404-4.jpg</thumbnail>
        <animated_fanart></animated_fanart>
        <fanart>https://www.thetvdb.com/banners/_cache/fanart/original/71404-2.jpg</fanart>
</item>

 <item>
        <title>My Three Sons S01E21 - The Delinquent</title>
        <meta>
                <content>episode</content>
                <imdb></imdb>
                <tvdb>71404</tvdb>
                <tvshowtitle>My Three Sons</tvshowtitle>
                <year>1960</year>
                <title>The Delinquent</title>
                <premiered>1961-02-16</premiered>
                <season>1</season>
                <episode>21</episode>
        </meta>
        <link>
		<sublink>search</sublink>
                <sublink>searchsd</sublink>
        </link>
        <animated_thumbnail></animated_thumbnail>
        <thumbnail>https://www.thetvdb.com/banners/_cache/posters/71404-4.jpg</thumbnail>
        <animated_fanart></animated_fanart>
        <fanart>https://www.thetvdb.com/banners/_cache/fanart/original/71404-2.jpg</fanart>
</item>

 <item>
        <title>My Three Sons S01E22 - Man In a Trench Coat</title>
        <meta>
                <content>episode</content>
                <imdb></imdb>
                <tvdb>71404</tvdb>
                <tvshowtitle>My Three Sons</tvshowtitle>
                <year>1960</year>
                <title>Man In a Trench Coat</title>
                <premiered>1961-02-23</premiered>
                <season>1</season>
                <episode>22</episode>
        </meta>
        <link>
		<sublink>search</sublink>
                <sublink>searchsd</sublink>
        </link>
        <animated_thumbnail></animated_thumbnail>
        <thumbnail>https://www.thetvdb.com/banners/_cache/posters/71404-4.jpg</thumbnail>
        <animated_fanart></animated_fanart>
        <fanart>https://www.thetvdb.com/banners/_cache/fanart/original/71404-2.jpg</fanart>
</item>

 <item>
        <title>My Three Sons S01E23 - Deadline</title>
        <meta>
                <content>episode</content>
                <imdb></imdb>
                <tvdb>71404</tvdb>
                <tvshowtitle>My Three Sons</tvshowtitle>
                <year>1960</year>
                <title>Deadline</title>
                <premiered>1961-03-02</premiered>
                <season>1</season>
                <episode>23</episode>
        </meta>
        <link>
		<sublink>search</sublink>
                <sublink>searchsd</sublink>
        </link>
        <animated_thumbnail></animated_thumbnail>
        <thumbnail>https://www.thetvdb.com/banners/_cache/posters/71404-4.jpg</thumbnail>
        <animated_fanart></animated_fanart>
        <fanart>https://www.thetvdb.com/banners/_cache/fanart/original/71404-2.jpg</fanart>
</item>

 <item>
        <title>My Three Sons S01E24 - The Lostling</title>
        <meta>
                <content>episode</content>
                <imdb></imdb>
                <tvdb>71404</tvdb>
                <tvshowtitle>My Three Sons</tvshowtitle>
                <year>1960</year>
                <title>The Lostling</title>
                <premiered>1961-03-09</premiered>
                <season>1</season>
                <episode>24</episode>
        </meta>
        <link>
		<sublink>search</sublink>
                <sublink>searchsd</sublink>
        </link>
        <animated_thumbnail></animated_thumbnail>
        <thumbnail>https://www.thetvdb.com/banners/_cache/posters/71404-4.jpg</thumbnail>
        <animated_fanart></animated_fanart>
        <fanart>https://www.thetvdb.com/banners/_cache/fanart/original/71404-2.jpg</fanart>
</item>

 <item>
        <title>My Three Sons S01E25 - Off Key</title>
        <meta>
                <content>episode</content>
                <imdb></imdb>
                <tvdb>71404</tvdb>
                <tvshowtitle>My Three Sons</tvshowtitle>
                <year>1960</year>
                <title>Off Key</title>
                <premiered>1961-03-16</premiered>
                <season>1</season>
                <episode>25</episode>
        </meta>
        <link>
		<sublink>search</sublink>
                <sublink>searchsd</sublink>
        </link>
        <animated_thumbnail></animated_thumbnail>
        <thumbnail>https://www.thetvdb.com/banners/_cache/posters/71404-4.jpg</thumbnail>
        <animated_fanart></animated_fanart>
        <fanart>https://www.thetvdb.com/banners/_cache/fanart/original/71404-2.jpg</fanart>
</item>

 <item>
        <title>My Three Sons S01E26 - Small Adventure</title>
        <meta>
                <content>episode</content>
                <imdb></imdb>
                <tvdb>71404</tvdb>
                <tvshowtitle>My Three Sons</tvshowtitle>
                <year>1960</year>
                <title>Small Adventure</title>
                <premiered>1961-03-23</premiered>
                <season>1</season>
                <episode>26</episode>
        </meta>
        <link>
		<sublink>search</sublink>
                <sublink>searchsd</sublink>
        </link>
        <animated_thumbnail></animated_thumbnail>
        <thumbnail>https://www.thetvdb.com/banners/_cache/posters/71404-4.jpg</thumbnail>
        <animated_fanart></animated_fanart>
        <fanart>https://www.thetvdb.com/banners/_cache/fanart/original/71404-2.jpg</fanart>
</item>

 <item>
        <title>My Three Sons S01E27 - Soap Box Derby</title>
        <meta>
                <content>episode</content>
                <imdb></imdb>
                <tvdb>71404</tvdb>
                <tvshowtitle>My Three Sons</tvshowtitle>
                <year>1960</year>
                <title>Soap Box Derby</title>
                <premiered>1961-03-30</premiered>
                <season>1</season>
                <episode>27</episode>
        </meta>
        <link>
		<sublink>search</sublink>
                <sublink>searchsd</sublink>
        </link>
        <animated_thumbnail></animated_thumbnail>
        <thumbnail>https://www.thetvdb.com/banners/_cache/posters/71404-4.jpg</thumbnail>
        <animated_fanart></animated_fanart>
        <fanart>https://www.thetvdb.com/banners/_cache/fanart/original/71404-2.jpg</fanart>
</item>

 <item>
        <title>My Three Sons S01E28 - Unite or Sink</title>
        <meta>
                <content>episode</content>
                <imdb></imdb>
                <tvdb>71404</tvdb>
                <tvshowtitle>My Three Sons</tvshowtitle>
                <year>1960</year>
                <title>Unite or Sink</title>
                <premiered>1961-04-06</premiered>
                <season>1</season>
                <episode>28</episode>
        </meta>
        <link>
		<sublink>search</sublink>
                <sublink>searchsd</sublink>
        </link>
        <animated_thumbnail></animated_thumbnail>
        <thumbnail>https://www.thetvdb.com/banners/_cache/posters/71404-4.jpg</thumbnail>
        <animated_fanart></animated_fanart>
        <fanart>https://www.thetvdb.com/banners/_cache/fanart/original/71404-2.jpg</fanart>
</item>

 <item>
        <title>My Three Sons S01E29 - The Wiley Method</title>
        <meta>
                <content>episode</content>
                <imdb></imdb>
                <tvdb>71404</tvdb>
                <tvshowtitle>My Three Sons</tvshowtitle>
                <year>1960</year>
                <title>The Wiley Method</title>
                <premiered>1961-04-13</premiered>
                <season>1</season>
                <episode>29</episode>
        </meta>
        <link>
		<sublink>search</sublink>
                <sublink>searchsd</sublink>
        </link>
        <animated_thumbnail></animated_thumbnail>
        <thumbnail>https://www.thetvdb.com/banners/_cache/posters/71404-4.jpg</thumbnail>
        <animated_fanart></animated_fanart>
        <fanart>https://www.thetvdb.com/banners/_cache/fanart/original/71404-2.jpg</fanart>
</item>

 <item>
        <title>My Three Sons S01E30 - The National Pastime</title>
        <meta>
                <content>episode</content>
                <imdb></imdb>
                <tvdb>71404</tvdb>
                <tvshowtitle>My Three Sons</tvshowtitle>
                <year>1960</year>
                <title>The National Pastime</title>
                <premiered>1961-04-27</premiered>
                <season>1</season>
                <episode>30</episode>
        </meta>
        <link>
		<sublink>search</sublink>
                <sublink>searchsd</sublink>
        </link>
        <animated_thumbnail></animated_thumbnail>
        <thumbnail>https://www.thetvdb.com/banners/_cache/posters/71404-4.jpg</thumbnail>
        <animated_fanart></animated_fanart>
        <fanart>https://www.thetvdb.com/banners/_cache/fanart/original/71404-2.jpg</fanart>
</item>

 <item>
        <title>My Three Sons S01E31 - The Croaker</title>
        <meta>
                <content>episode</content>
                <imdb></imdb>
                <tvdb>71404</tvdb>
                <tvshowtitle>My Three Sons</tvshowtitle>
                <year>1960</year>
                <title>The Croaker</title>
                <premiered>1961-05-04</premiered>
                <season>1</season>
                <episode>31</episode>
        </meta>
        <link>
		<sublink>search</sublink>
                <sublink>searchsd</sublink>
        </link>
        <animated_thumbnail></animated_thumbnail>
        <thumbnail>https://www.thetvdb.com/banners/_cache/posters/71404-4.jpg</thumbnail>
        <animated_fanart></animated_fanart>
        <fanart>https://www.thetvdb.com/banners/_cache/fanart/original/71404-2.jpg</fanart>
</item>

 <item>
        <title>My Three Sons S01E32 - The Musician</title>
        <meta>
                <content>episode</content>
                <imdb></imdb>
                <tvdb>71404</tvdb>
                <tvshowtitle>My Three Sons</tvshowtitle>
                <year>1960</year>
                <title>The Musician</title>
                <premiered>1961-05-11</premiered>
                <season>1</season>
                <episode>32</episode>
        </meta>
        <link>
		<sublink>search</sublink>
                <sublink>searchsd</sublink>
        </link>
        <animated_thumbnail></animated_thumbnail>
        <thumbnail>https://www.thetvdb.com/banners/_cache/posters/71404-4.jpg</thumbnail>
        <animated_fanart></animated_fanart>
        <fanart>https://www.thetvdb.com/banners/_cache/fanart/original/71404-2.jpg</fanart>
</item>

 <item>
        <title>My Three Sons S01E33 - The Horseless Saddle</title>
        <meta>
                <content>episode</content>
                <imdb></imdb>
                <tvdb>71404</tvdb>
                <tvshowtitle>My Three Sons</tvshowtitle>
                <year>1960</year>
                <title>The Horseless Saddle</title>
                <premiered>1961-05-18</premiered>
                <season>1</season>
                <episode>33</episode>
        </meta>
        <link>
		<sublink>search</sublink>
                <sublink>searchsd</sublink>
        </link>
        <animated_thumbnail></animated_thumbnail>
        <thumbnail>https://www.thetvdb.com/banners/_cache/posters/71404-4.jpg</thumbnail>
        <animated_fanart></animated_fanart>
        <fanart>https://www.thetvdb.com/banners/_cache/fanart/original/71404-2.jpg</fanart>
</item>

 <item>
        <title>My Three Sons S01E34 - Trial by Separation</title>
        <meta>
                <content>episode</content>
                <imdb></imdb>
                <tvdb>71404</tvdb>
                <tvshowtitle>My Three Sons</tvshowtitle>
                <year>1960</year>
                <title>Trial by Separation</title>
                <premiered>1961-05-25</premiered>
                <season>1</season>
                <episode>34</episode>
        </meta>
        <link>
		<sublink>search</sublink>
                <sublink>searchsd</sublink>
        </link>
        <animated_thumbnail></animated_thumbnail>
        <thumbnail>https://www.thetvdb.com/banners/_cache/posters/71404-4.jpg</thumbnail>
        <animated_fanart></animated_fanart>
        <fanart>https://www.thetvdb.com/banners/_cache/fanart/original/71404-2.jpg</fanart>
</item>

 <item>
        <title>My Three Sons S01E35 - The Sunday Drive</title>
        <meta>
                <content>episode</content>
                <imdb></imdb>
                <tvdb>71404</tvdb>
                <tvshowtitle>My Three Sons</tvshowtitle>
                <year>1960</year>
                <title>The Sunday Drive</title>
                <premiered>1961-06-01</premiered>
                <season>1</season>
                <episode>35</episode>
        </meta>
        <link>
		<sublink>search</sublink>
                <sublink>searchsd</sublink>
        </link>
        <animated_thumbnail></animated_thumbnail>
        <thumbnail>https://www.thetvdb.com/banners/_cache/posters/71404-4.jpg</thumbnail>
        <animated_fanart></animated_fanart>
        <fanart>https://www.thetvdb.com/banners/_cache/fanart/original/71404-2.jpg</fanart>
</item>

 <item>
        <title>My Three Sons S01E36 - Fire Watch</title>
        <meta>
                <content>episode</content>
                <imdb></imdb>
                <tvdb>71404</tvdb>
                <tvshowtitle>My Three Sons</tvshowtitle>
                <year>1960</year>
                <title>Fire Watch</title>
                <premiered>1961-06-08</premiered>
                <season>1</season>
                <episode>36</episode>
        </meta>
        <link>
		<sublink>search</sublink>
                <sublink>searchsd</sublink>
        </link>
        <animated_thumbnail></animated_thumbnail>
        <thumbnail>https://www.thetvdb.com/banners/_cache/posters/71404-4.jpg</thumbnail>
        <animated_fanart></animated_fanart>
        <fanart>https://www.thetvdb.com/banners/_cache/fanart/original/71404-2.jpg</fanart>
</item>
