########################
<poster>My Three Sons</poster>
<thumbnail></thumbnail>
<fanart></fanart>
#############################

<dir>
        <name>Season 1</name>
        <meta>
                <content>season</content>
                <imdb>tt0053525</imdb>
                <tvdb>71404</tvdb>
                <tvshowtitle>My Three Sons</tvshowtitle>
                <year>1960</year>
                <season>1</season>
        </meta>
        <link>https://raw.githubusercontent.com/Doggmatic71/maddogg/master/plugin.video.laughtraxx/plugin.video.laughtraxx/resources/sons1.xml</link>
        <thumbnail>https://www.thetvdb.com/banners/_cache/seasons/71404-1-3.jpg</thumbnail>
</dir>

<dir>
        <name>Season 2</name>
        <meta>
                <content>season</content>
                <imdb>tt0053525</imdb>
                <tvdb>71404</tvdb>
                <tvshowtitle>My Three Sons</tvshowtitle>
                <year>1960</year>
                <season>2</season>
        </meta>
        <link></link>
        <thumbnail>https://www.thetvdb.com/banners/_cache/seasons/71404-2-3.jpg</thumbnail>
</dir>

<dir>
        <name>Season 3</name>
        <meta>
                <content>season</content>
                <imdb>tt0053525</imdb>
                <tvdb>71404</tvdb>
                <tvshowtitle>My Three Sons</tvshowtitle>
                <year>1960</year>
                <season>3</season>
        </meta>
        <link></link>
        <thumbnail>https://www.thetvdb.com/banners/_cache/seasons/71404-3-3.jpg</thumbnail>
</dir>

<dir>
        <name>Season 4</name>
        <meta>
                <content>season</content>
                <imdb>tt0053525</imdb>
                <tvdb>71404</tvdb>
                <tvshowtitle>My Three Sons</tvshowtitle>
                <year>1960</year>
                <season>4</season>
        </meta>
        <link></link>
        <thumbnail>https://www.thetvdb.com/banners/_cache/seasons/71404-4-3.jpg</thumbnail>
</dir>

<dir>
        <name>Season 5</name>
        <meta>
                <content>season</content>
                <imdb>tt0053525</imdb>
                <tvdb>71404</tvdb>
                <tvshowtitle>My Three Sons</tvshowtitle>
                <year>1960</year>
                <season>5</season>
        </meta>
        <link></link>
        <thumbnail>https://www.thetvdb.com/banners/_cache/seasons/71404-5-2.jpg</thumbnail>
</dir>

<dir>
        <name>Season 6</name>
        <meta>
                <content>season</content>
                <imdb>tt0053525</imdb>
                <tvdb>71404</tvdb>
                <tvshowtitle>My Three Sons</tvshowtitle>
                <year>1960</year>
                <season>6</season>
        </meta>
        <link></link>
        <thumbnail>https://www.thetvdb.com/banners/_cache/seasons/71404-6-2.jpg</thumbnail>
</dir>

<dir>
        <name>Season 7</name>
        <meta>
                <content>season</content>
                <imdb>tt0053525</imdb>
                <tvdb>71404</tvdb>
                <tvshowtitle>My Three Sons</tvshowtitle>
                <year>1960</year>
                <season>7</season>
        </meta>
        <link></link>
        <thumbnail>https://www.thetvdb.com/banners/_cache/seasons/71404-7-2.jpg</thumbnail>
</dir>

<dir>
        <name>Season 8</name>
        <meta>
                <content>season</content>
                <imdb>tt0053525</imdb>
                <tvdb>71404</tvdb>
                <tvshowtitle>My Three Sons</tvshowtitle>
                <year>1960</year>
                <season>8</season>
        </meta>
        <link></link>
        <thumbnail>https://www.thetvdb.com/banners/_cache/seasons/71404-8-2.jpg</thumbnail>
</dir>

<dir>
        <name>Season 9</name>
        <meta>
                <content>season</content>
                <imdb>tt0053525</imdb>
                <tvdb>71404</tvdb>
                <tvshowtitle>My Three Sons</tvshowtitle>
                <year>1960</year>
                <season>9</season>
        </meta>
        <link></link>
        <thumbnail>https://www.thetvdb.com/banners/_cache/seasons/71404-9-2.jpg</thumbnail>
</dir>

<dir>
        <name>Season 10</name>
        <meta>
                <content>season</content>
                <imdb>tt0053525</imdb>
                <tvdb>71404</tvdb>
                <tvshowtitle>My Three Sons</tvshowtitle>
                <year>1960</year>
                <season>10</season>
        </meta>
        <link></link>
        <thumbnail>https://www.thetvdb.com/banners/_cache/seasons/71404-10-2.jpg</thumbnail>
</dir>

<dir>
        <name>Season 11</name>
        <meta>
                <content>season</content>
                <imdb>tt0053525</imdb>
                <tvdb>71404</tvdb>
                <tvshowtitle>My Three Sons</tvshowtitle>
                <year>1960</year>
                <season>11</season>
        </meta>
        <link></link>
        <thumbnail>https://www.thetvdb.com/banners/_cache/seasons/71404-11-2.jpg</thumbnail>
</dir>

<dir>
        <name>Season 12</name>
        <meta>
                <content>season</content>
                <imdb>tt0053525</imdb>
                <tvdb>71404</tvdb>
                <tvshowtitle>My Three Sons</tvshowtitle>
                <year>1960</year>
                <season>12</season>
        </meta>
        <link></link>
        <thumbnail>https://www.thetvdb.com/banners/_cache/seasons/71404-12-3.jpg</thumbnail>
</dir>
