########################
<poster>Threes Company</poster>
<thumbnail></thumbnail>
<fanart></fanart>
#############################

<dir>
        <name>Season 1</name>
        <meta>
                <content>season</content>
                <imdb>tt0075596</imdb>
                <tvdb>77505</tvdb>
                <tvshowtitle>Threes Company</tvshowtitle>
                <year>1976</year>
                <season>1</season>
        </meta>
        <link>https://raw.githubusercontent.com/Doggmatic71/maddogg/master/plugin.video.laughtraxx/plugin.video.laughtraxx/resources/threes1.xml</link>
        <thumbnail>https://www.thetvdb.com/banners/_cache/seasons/629-1.jpg</thumbnail>
</dir>

<dir>		
        <name>Season 2</name>
        <meta>
                <content>season</content>
                <imdb>tt0075596</imdb>
                <tvdb>77505</tvdb>
                <tvshowtitle>Threes Company</tvshowtitle>
                <year>1976</year>
                <season>2</season>
        </meta>
        <link></link>
        <thumbnail>https://www.thetvdb.com/banners/_cache/seasons/77505-2-2.jpg</thumbnail>		
</dir>

<dir>		
        <name>Season 3</name>
        <meta>
                <content>season</content>
                <imdb>tt0075596</imdb>
                <tvdb>77505</tvdb>
                <tvshowtitle>Threes Company</tvshowtitle>
                <year>1976</year>
                <season>3</season>
        </meta>
        <link></link>
        <thumbnail>https://www.thetvdb.com/banners/_cache/seasons/77505-3.jpg</thumbnail>		
</dir>

<dir>		
        <name>Season 4</name>
        <meta>
                <content>season</content>
                <imdb>tt0075596</imdb>
                <tvdb>77505</tvdb>
                <tvshowtitle>Threes Company</tvshowtitle>
                <year>1976</year>
                <season>4</season>
        </meta>
        <link></link>
        <thumbnail>https://www.thetvdb.com/banners/_cache/seasons/629-4.jpg</thumbnail>		
</dir>

<dir>		
        <name>Season 5</name>
        <meta>
                <content>season</content>
                <imdb>tt0075596</imdb>
                <tvdb>77505</tvdb>
                <tvshowtitle>Threes Company</tvshowtitle>
                <year>1976</year>
                <season>5</season>
        </meta>
        <link></link>
        <thumbnail>https://www.thetvdb.com/banners/_cache/seasons/77505-5.jpg</thumbnail>		
</dir>

<dir>		
        <name>Season 6</name>
        <meta>
                <content>season</content>
                <imdb>tt0075596</imdb>
                <tvdb>77505</tvdb>
                <tvshowtitle>Threes Company</tvshowtitle>
                <year>1976</year>
                <season>6</season>
        </meta>
        <link></link>
        <thumbnail>https://www.thetvdb.com/banners/_cache/seasons/77505-6.jpg</thumbnail>		
</dir>

<dir>		
        <name>Season 7</name>
        <meta>
                <content>season</content>
                <imdb>tt0075596</imdb>
                <tvdb>77505</tvdb>
                <tvshowtitle>Threes Company</tvshowtitle>
                <year>1976</year>
                <season>7</season>
        </meta>
        <link></link>
        <thumbnail>https://www.thetvdb.com/banners/_cache/seasons/629-7.jpg</thumbnail>		
</dir>

<dir>		
        <name>Season 8</name>
        <meta>
                <content>season</content>
                <imdb>tt0075596</imdb>
                <tvdb>77505</tvdb>
                <tvshowtitle>Threes Company</tvshowtitle>
                <year>1976</year>
                <season>8</season>
        </meta>
        <link></link>
        <thumbnail>https://www.thetvdb.com/banners/_cache/seasons/629-8.jpg</thumbnail>		
</dir>
