########################
<poster>Season 1</poster>
<thumbnail></thumbnail>
<fanart></fanart>
########################

 <item>
        <title>Threes Company S01E01 - A Man about the House</title>
        <meta>
                <content>episode</content>
                <imdb></imdb>
                <tvdb>77505</tvdb>
                <tvshowtitle>Threes Company</tvshowtitle>
                <year>1976</year>
                <title>A Man about the House</title>
                <premiered>1977-03-15</premiered>
                <season>1</season>
                <episode>1</episode>
        </meta>
        <link>
		<sublink>search</sublink>
                <sublink>searchsd</sublink>
        </link>
        <animated_thumbnail></animated_thumbnail>
        <thumbnail>https://www.thetvdb.com/banners/_cache/posters/77505-5.jpg</thumbnail>
        <animated_fanart></animated_fanart>
        <fanart>https://www.thetvdb.com/banners/_cache/fanart/original/77505-4.jpg</fanart>
</item>

 <item>
        <title>Threes Company S01E02 - And Mother Makes Four</title>
        <meta>
                <content>episode</content>
                <imdb></imdb>
                <tvdb>77505</tvdb>
                <tvshowtitle>Threes Company</tvshowtitle>
                <year>1976</year>
                <title>And Mother Makes Four</title>
                <premiered>1977-03-24</premiered>
                <season>1</season>
                <episode>2</episode>
        </meta>
        <link>
		<sublink>search</sublink>
                <sublink>searchsd</sublink>
        </link>
        <animated_thumbnail></animated_thumbnail>
        <thumbnail>https://www.thetvdb.com/banners/_cache/posters/77505-5.jpg</thumbnail>
        <animated_fanart></animated_fanart>
        <fanart>https://www.thetvdb.com/banners/_cache/fanart/original/77505-4.jpg</fanart>
</item>

 <item>
        <title>Threes Company S01E03 - Roper's Niece</title>
        <meta>
                <content>episode</content>
                <imdb></imdb>
                <tvdb>77505</tvdb>
                <tvshowtitle>Threes Company</tvshowtitle>
                <year>1976</year>
                <title>Roper's Niece</title>
                <premiered>1977-03-31</premiered>
                <season>1</season>
                <episode>3</episode>
        </meta>
        <link>
		<sublink>search</sublink>
                <sublink>searchsd</sublink>
        </link>
        <animated_thumbnail></animated_thumbnail>
        <thumbnail>https://www.thetvdb.com/banners/_cache/posters/77505-5.jpg</thumbnail>
        <animated_fanart></animated_fanart>
        <fanart>https://www.thetvdb.com/banners/_cache/fanart/original/77505-4.jpg</fanart>
</item>

 <item>
        <title>Threes Company S01E04 - No Children, No Pets</title>
        <meta>
                <content>episode</content>
                <imdb></imdb>
                <tvdb>77505</tvdb>
                <tvshowtitle>Threes Company</tvshowtitle>
                <year>1976</year>
                <title>No Children, No Pets</title>
                <premiered>1977-04-07</premiered>
                <season>1</season>
                <episode>4</episode>
        </meta>
        <link>
		<sublink>search</sublink>
                <sublink>searchsd</sublink>
        </link>
        <animated_thumbnail></animated_thumbnail>
        <thumbnail>https://www.thetvdb.com/banners/_cache/posters/77505-5.jpg</thumbnail>
        <animated_fanart></animated_fanart>
        <fanart>https://www.thetvdb.com/banners/_cache/fanart/original/77505-4.jpg</fanart>
</item>

 <item>
        <title>Threes Company S01E05 - Jack the Giant Killer</title>
        <meta>
                <content>episode</content>
                <imdb></imdb>
                <tvdb>77505</tvdb>
                <tvshowtitle>Threes Company</tvshowtitle>
                <year>1976</year>
                <title>Jack the Giant Killer</title>
                <premiered>1977-04-14</premiered>
                <season>1</season>
                <episode>5</episode>
        </meta>
        <link>
		<sublink>search</sublink>
                <sublink>searchsd</sublink>
        </link>
        <animated_thumbnail></animated_thumbnail>
        <thumbnail>https://www.thetvdb.com/banners/_cache/posters/77505-5.jpg</thumbnail>
        <animated_fanart></animated_fanart>
        <fanart>https://www.thetvdb.com/banners/_cache/fanart/original/77505-4.jpg</fanart>
</item>

 <item>
        <title>Threes Company S01E06 - It's Only Money</title>
        <meta>
                <content>episode</content>
                <imdb></imdb>
                <tvdb>77505</tvdb>
                <tvshowtitle>Threes Company</tvshowtitle>
                <year>1976</year>
                <title>It's Only Money</title>
                <premiered>1977-04-21</premiered>
                <season>1</season>
                <episode>6</episode>
        </meta>
        <link>
		<sublink>search</sublink>
                <sublink>searchsd</sublink>
        </link>
        <animated_thumbnail></animated_thumbnail>
        <thumbnail>https://www.thetvdb.com/banners/_cache/posters/77505-5.jpg</thumbnail>
        <animated_fanart></animated_fanart>
        <fanart>https://www.thetvdb.com/banners/_cache/fanart/original/77505-4.jpg</fanart>
</item>
