########################
<poster>Season 1</poster>
<thumbnail></thumbnail>
<fanart></fanart>
########################

 <item>
        <title>WKRP in Cincinnati S01E01 - Pilot</title>
        <meta>
                <content>episode</content>
                <imdb></imdb>
                <tvdb>77761</tvdb>
                <tvshowtitle>WKRP in Cincinnati</tvshowtitle>
                <year>1978</year>
                <title>Pilot</title>
                <premiered>1978-09-18</premiered>
                <season>1</season>
                <episode>1</episode>
        </meta>
        <link>
		<sublink>search</sublink>
                <sublink>searchsd</sublink>
        </link>
        <animated_thumbnail></animated_thumbnail>
        <thumbnail>https://www.thetvdb.com/banners/_cache/posters/77761-1.jpg</thumbnail>
        <animated_fanart></animated_fanart>
        <fanart>https://www.thetvdb.com/banners/_cache/fanart/original/77761-5.jpg</fanart>
</item>

 <item>
        <title>WKRP in Cincinnati S01E02 - Pilot, Part 2</title>
        <meta>
                <content>episode</content>
                <imdb></imdb>
                <tvdb>77761</tvdb>
                <tvshowtitle>WKRP in Cincinnati</tvshowtitle>
                <year>1978</year>
                <title>Pilot, Part 2</title>
                <premiered>1978-09-25</premiered>
                <season>1</season>
                <episode>2</episode>
        </meta>
        <link>
		<sublink>search</sublink>
                <sublink>searchsd</sublink>
        </link>
        <animated_thumbnail></animated_thumbnail>
        <thumbnail>https://www.thetvdb.com/banners/_cache/posters/77761-1.jpg</thumbnail>
        <animated_fanart></animated_fanart>
        <fanart>https://www.thetvdb.com/banners/_cache/fanart/original/77761-5.jpg</fanart>
</item>

 <item>
        <title>WKRP in Cincinnati S01E03 - Les on a Ledge</title>
        <meta>
                <content>episode</content>
                <imdb></imdb>
                <tvdb>77761</tvdb>
                <tvshowtitle>WKRP in Cincinnati</tvshowtitle>
                <year>1978</year>
                <title>Les on a Ledge</title>
                <premiered>1978-10-02</premiered>
                <season>1</season>
                <episode>3</episode>
        </meta>
        <link>
		<sublink>search</sublink>
                <sublink>searchsd</sublink>
        </link>
        <animated_thumbnail></animated_thumbnail>
        <thumbnail>https://www.thetvdb.com/banners/_cache/posters/77761-1.jpg</thumbnail>
        <animated_fanart></animated_fanart>
        <fanart>https://www.thetvdb.com/banners/_cache/fanart/original/77761-5.jpg</fanart>
</item>

 <item>
        <title>WKRP in Cincinnati S01E04 - Hoodlum Rock</title>
        <meta>
                <content>episode</content>
                <imdb></imdb>
                <tvdb>77761</tvdb>
                <tvshowtitle>WKRP in Cincinnati</tvshowtitle>
                <year>1978</year>
                <title>Hoodlum Rock</title>
                <premiered>1978-10-09</premiered>
                <season>1</season>
                <episode>4</episode>
        </meta>
        <link>
		<sublink>search</sublink>
                <sublink>searchsd</sublink>
        </link>
        <animated_thumbnail></animated_thumbnail>
        <thumbnail>https://www.thetvdb.com/banners/_cache/posters/77761-1.jpg</thumbnail>
        <animated_fanart></animated_fanart>
        <fanart>https://www.thetvdb.com/banners/_cache/fanart/original/77761-5.jpg</fanart>
</item>

 <item>
        <title>WKRP in Cincinnati S01E05 - Hold-Up</title>
        <meta>
                <content>episode</content>
                <imdb></imdb>
                <tvdb>77761</tvdb>
                <tvshowtitle>WKRP in Cincinnati</tvshowtitle>
                <year>1978</year>
                <title>Hold-Up</title>
                <premiered>1978-10-16</premiered>
                <season>1</season>
                <episode>5</episode>
        </meta>
        <link>
		<sublink>search</sublink>
                <sublink>searchsd</sublink>
        </link>
        <animated_thumbnail></animated_thumbnail>
        <thumbnail>https://www.thetvdb.com/banners/_cache/posters/77761-1.jpg</thumbnail>
        <animated_fanart></animated_fanart>
        <fanart>https://www.thetvdb.com/banners/_cache/fanart/original/77761-5.jpg</fanart>
</item>

 <item>
        <title>WKRP in Cincinnati S01E06 - Bailey's Show</title>
        <meta>
                <content>episode</content>
                <imdb></imdb>
                <tvdb>77761</tvdb>
                <tvshowtitle>WKRP in Cincinnati</tvshowtitle>
                <year>1978</year>
                <title>Bailey's Show</title>
                <premiered>1978-10-23</premiered>
                <season>1</season>
                <episode>6</episode>
        </meta>
        <link>
		<sublink>search</sublink>
                <sublink>searchsd</sublink>
        </link>
        <animated_thumbnail></animated_thumbnail>
        <thumbnail>https://www.thetvdb.com/banners/_cache/posters/77761-1.jpg</thumbnail>
        <animated_fanart></animated_fanart>
        <fanart>https://www.thetvdb.com/banners/_cache/fanart/original/77761-5.jpg</fanart>
</item>

 <item>
        <title>WKRP in Cincinnati S01E07 - Turkeys Away</title>
        <meta>
                <content>episode</content>
                <imdb></imdb>
                <tvdb>77761</tvdb>
                <tvshowtitle>WKRP in Cincinnati</tvshowtitle>
                <year>1978</year>
                <title>Turkeys Away</title>
                <premiered>1978-10-30</premiered>
                <season>1</season>
                <episode>7</episode>
        </meta>
        <link>
		<sublink>search</sublink>
                <sublink>searchsd</sublink>
        </link>
        <animated_thumbnail></animated_thumbnail>
        <thumbnail>https://www.thetvdb.com/banners/_cache/posters/77761-1.jpg</thumbnail>
        <animated_fanart></animated_fanart>
        <fanart>https://www.thetvdb.com/banners/_cache/fanart/original/77761-5.jpg</fanart>
</item>
 <item>
        <title>WKRP in Cincinnati S01E08 - Love Returns</title>
        <meta>
                <content>episode</content>
                <imdb></imdb>
                <tvdb>77761</tvdb>
                <tvshowtitle>WKRP in Cincinnati</tvshowtitle>
                <year>1978</year>
                <title>Love Returns</title>
                <premiered>1978-11-06</premiered>
                <season>1</season>
                <episode>8</episode>
        </meta>
        <link>
		<sublink>search</sublink>
                <sublink>searchsd</sublink>
        </link>
        <animated_thumbnail></animated_thumbnail>
        <thumbnail>https://www.thetvdb.com/banners/_cache/posters/77761-1.jpg</thumbnail>
        <animated_fanart></animated_fanart>
        <fanart>https://www.thetvdb.com/banners/_cache/fanart/original/77761-5.jpg</fanart>
</item>

 <item>
        <title>WKRP in Cincinnati S01E09 - Mama's Review</title>
        <meta>
                <content>episode</content>
                <imdb></imdb>
                <tvdb>77761</tvdb>
                <tvshowtitle>WKRP in Cincinnati</tvshowtitle>
                <year>1978</year>
                <title>Mama's Review</title>
                <premiered>1979-01-15</premiered>
                <season>1</season>
                <episode>9</episode>
        </meta>
        <link>
		<sublink>search</sublink>
                <sublink>searchsd</sublink>
        </link>
        <animated_thumbnail></animated_thumbnail>
        <thumbnail>https://www.thetvdb.com/banners/_cache/posters/77761-1.jpg</thumbnail>
        <animated_fanart></animated_fanart>
        <fanart>https://www.thetvdb.com/banners/_cache/fanart/original/77761-5.jpg</fanart>
</item>

 <item>
        <title>WKRP in Cincinnati S01E10 - A Date with Jennifer</title>
        <meta>
                <content>episode</content>
                <imdb></imdb>
                <tvdb>77761</tvdb>
                <tvshowtitle>WKRP in Cincinnati</tvshowtitle>
                <year>1978</year>
                <title>A Date with Jennifer</title>
                <premiered>1979-01-22</premiered>
                <season>1</season>
                <episode>10</episode>
        </meta>
        <link>
		<sublink>search</sublink>
                <sublink>searchsd</sublink>
        </link>
        <animated_thumbnail></animated_thumbnail>
        <thumbnail>https://www.thetvdb.com/banners/_cache/posters/77761-1.jpg</thumbnail>
        <animated_fanart></animated_fanart>
        <fanart>https://www.thetvdb.com/banners/_cache/fanart/original/77761-5.jpg</fanart>
</item>
 <item>
        <title>WKRP in Cincinnati S01E11 - The Contest Nobody Could Win</title>
        <meta>
                <content>episode</content>
                <imdb></imdb>
                <tvdb>77761</tvdb>
                <tvshowtitle>WKRP in Cincinnati</tvshowtitle>
                <year>1978</year>
                <title>The Contest Nobody Could Win</title>
                <premiered>1979-01-29</premiered>
                <season>1</season>
                <episode>11</episode>
        </meta>
        <link>
		<sublink>search</sublink>
                <sublink>searchsd</sublink>
        </link>
        <animated_thumbnail></animated_thumbnail>
        <thumbnail>https://www.thetvdb.com/banners/_cache/posters/77761-1.jpg</thumbnail>
        <animated_fanart></animated_fanart>
        <fanart>https://www.thetvdb.com/banners/_cache/fanart/original/77761-5.jpg</fanart>
</item>

 <item>
        <title>WKRP in Cincinnati S01E12 - Tornado</title>
        <meta>
                <content>episode</content>
                <imdb></imdb>
                <tvdb>77761</tvdb>
                <tvshowtitle>WKRP in Cincinnati</tvshowtitle>
                <year>1978</year>
                <title>Tornado</title>
                <premiered>1979-02-05</premiered>
                <season>1</season>
                <episode>12</episode>
        </meta>
        <link>
		<sublink>search</sublink>
                <sublink>searchsd</sublink>
        </link>
        <animated_thumbnail></animated_thumbnail>
        <thumbnail>https://www.thetvdb.com/banners/_cache/posters/77761-1.jpg</thumbnail>
        <animated_fanart></animated_fanart>
        <fanart>https://www.thetvdb.com/banners/_cache/fanart/original/77761-5.jpg</fanart>
</item>

 <item>
        <title>WKRP in Cincinnati S01E13 - Goodbye, Johnny</title>
        <meta>
                <content>episode</content>
                <imdb></imdb>
                <tvdb>77761</tvdb>
                <tvshowtitle>WKRP in Cincinnati</tvshowtitle>
                <year>1978</year>
                <title>Goodbye, Johnny</title>
                <premiered>1979-02-19</premiered>
                <season>1</season>
                <episode>13</episode>
        </meta>
        <link>
		<sublink>search</sublink>
                <sublink>searchsd</sublink>
        </link>
        <animated_thumbnail></animated_thumbnail>
        <thumbnail>https://www.thetvdb.com/banners/_cache/posters/77761-1.jpg</thumbnail>
        <animated_fanart></animated_fanart>
        <fanart>https://www.thetvdb.com/banners/_cache/fanart/original/77761-5.jpg</fanart>
</item>

 <item>
        <title>WKRP in Cincinnati S01E14 - Johnny Comes Back</title>
        <meta>
                <content>episode</content>
                <imdb></imdb>
                <tvdb>77761</tvdb>
                <tvshowtitle>WKRP in Cincinnati</tvshowtitle>
                <year>1978</year>
                <title>Johnny Comes Back</title>
                <premiered>1979-02-26</premiered>
                <season>1</season>
                <episode>14</episode>
        </meta>
        <link>
		<sublink>search</sublink>
                <sublink>searchsd</sublink>
        </link>
        <animated_thumbnail></animated_thumbnail>
        <thumbnail>https://www.thetvdb.com/banners/_cache/posters/77761-1.jpg</thumbnail>
        <animated_fanart></animated_fanart>
        <fanart>https://www.thetvdb.com/banners/_cache/fanart/original/77761-5.jpg</fanart>
</item>

 <item>
        <title>WKRP in Cincinnati S01E15 - Never Leave Me, Lucille</title>
        <meta>
                <content>episode</content>
                <imdb></imdb>
                <tvdb>77761</tvdb>
                <tvshowtitle>WKRP in Cincinnati</tvshowtitle>
                <year>1978</year>
                <title>Never Leave Me, Lucille</title>
                <premiered>1979-03-05</premiered>
                <season>1</season>
                <episode>15</episode>
        </meta>
        <link>
		<sublink>search</sublink>
                <sublink>searchsd</sublink>
        </link>
        <animated_thumbnail></animated_thumbnail>
        <thumbnail>https://www.thetvdb.com/banners/_cache/posters/77761-1.jpg</thumbnail>
        <animated_fanart></animated_fanart>
        <fanart>https://www.thetvdb.com/banners/_cache/fanart/original/77761-5.jpg</fanart>
</item>

 <item>
        <title>WKRP in Cincinnati S01E16 - I Want to Keep My Baby</title>
        <meta>
                <content>episode</content>
                <imdb></imdb>
                <tvdb>77761</tvdb>
                <tvshowtitle>WKRP in Cincinnati</tvshowtitle>
                <year>1978</year>
                <title>I Want to Keep My Baby</title>
                <premiered>1979-03-12</premiered>
                <season>1</season>
                <episode>16</episode>
        </meta>
        <link>
		<sublink>search</sublink>
                <sublink>searchsd</sublink>
        </link>
        <animated_thumbnail></animated_thumbnail>
        <thumbnail>https://www.thetvdb.com/banners/_cache/posters/77761-1.jpg</thumbnail>
        <animated_fanart></animated_fanart>
        <fanart>https://www.thetvdb.com/banners/_cache/fanart/original/77761-5.jpg</fanart>
</item>

 <item>
        <title>WKRP in Cincinnati S01E17 - A Commercial Break</title>
        <meta>
                <content>episode</content>
                <imdb></imdb>
                <tvdb>77761</tvdb>
                <tvshowtitle>WKRP in Cincinnati</tvshowtitle>
                <year>1978</year>
                <title>A Commercial Break</title>
                <premiered>1979-03-26</premiered>
                <season>1</season>
                <episode>17</episode>
        </meta>
        <link>
		<sublink>search</sublink>
                <sublink>searchsd</sublink>
        </link>
        <animated_thumbnail></animated_thumbnail>
        <thumbnail>https://www.thetvdb.com/banners/_cache/posters/77761-1.jpg</thumbnail>
        <animated_fanart></animated_fanart>
        <fanart>https://www.thetvdb.com/banners/_cache/fanart/original/77761-5.jpg</fanart>
</item>

 <item>
        <title>WKRP in Cincinnati S01E18 - Who Is Gordon Sims?</title>
        <meta>
                <content>episode</content>
                <imdb></imdb>
                <tvdb>77761</tvdb>
                <tvshowtitle>WKRP in Cincinnati</tvshowtitle>
                <year>1978</year>
                <title>Who Is Gordon Sims?</title>
                <premiered>1979-04-02</premiered>
                <season>1</season>
                <episode>18</episode>
        </meta>
        <link>
		<sublink>search</sublink>
                <sublink>searchsd</sublink>
        </link>
        <animated_thumbnail></animated_thumbnail>
        <thumbnail>https://www.thetvdb.com/banners/_cache/posters/77761-1.jpg</thumbnail>
        <animated_fanart></animated_fanart>
        <fanart>https://www.thetvdb.com/banners/_cache/fanart/original/77761-5.jpg</fanart>
</item>

 <item>
        <title>WKRP in Cincinnati S01E19 - I Do, I Do... For Now</title>
        <meta>
                <content>episode</content>
                <imdb></imdb>
                <tvdb>77761</tvdb>
                <tvshowtitle>WKRP in Cincinnati</tvshowtitle>
                <year>1978</year>
                <title>I Do, I Do... For Now</title>
                <premiered>1979-04-23</premiered>
                <season>1</season>
                <episode>19</episode>
        </meta>
        <link>
		<sublink>search</sublink>
                <sublink>searchsd</sublink>
        </link>
        <animated_thumbnail></animated_thumbnail>
        <thumbnail>https://www.thetvdb.com/banners/_cache/posters/77761-1.jpg</thumbnail>
        <animated_fanart></animated_fanart>
        <fanart>https://www.thetvdb.com/banners/_cache/fanart/original/77761-5.jpg</fanart>
</item>

 <item>
        <title>WKRP in Cincinnati S01E20 - Young Master Carlson</title>
        <meta>
                <content>episode</content>
                <imdb></imdb>
                <tvdb>77761</tvdb>
                <tvshowtitle>WKRP in Cincinnati</tvshowtitle>
                <year>1978</year>
                <title>Young Master Carlson</title>
                <premiered>1979-04-30</premiered>
                <season>1</season>
                <episode>20</episode>
        </meta>
        <link>
		<sublink>search</sublink>
                <sublink>searchsd</sublink>
        </link>
        <animated_thumbnail></animated_thumbnail>
        <thumbnail>https://www.thetvdb.com/banners/_cache/posters/77761-1.jpg</thumbnail>
        <animated_fanart></animated_fanart>
        <fanart>https://www.thetvdb.com/banners/_cache/fanart/original/77761-5.jpg</fanart>
</item>

 <item>
        <title>WKRP in Cincinnati S01E21 - Fish Story</title>
        <meta>
                <content>episode</content>
                <imdb></imdb>
                <tvdb>77761</tvdb>
                <tvshowtitle>WKRP in Cincinnati</tvshowtitle>
                <year>1978</year>
                <title>Fish Story</title>
                <premiered>1979-05-28</premiered>
                <season>1</season>
                <episode>21</episode>
        </meta>
        <link>
		<sublink>search</sublink>
                <sublink>searchsd</sublink>
        </link>
        <animated_thumbnail></animated_thumbnail>
        <thumbnail>https://www.thetvdb.com/banners/_cache/posters/77761-1.jpg</thumbnail>
        <animated_fanart></animated_fanart>
        <fanart>https://www.thetvdb.com/banners/_cache/fanart/original/77761-5.jpg</fanart>
</item>

 <item>
        <title>WKRP in Cincinnati S01E22 - Preacher</title>
        <meta>
                <content>episode</content>
                <imdb></imdb>
                <tvdb>77761</tvdb>
                <tvshowtitle>WKRP in Cincinnati</tvshowtitle>
                <year>1978</year>
                <title>Preacher</title>
                <premiered>1979-06-04</premiered>
                <season>1</season>
                <episode>22</episode>
        </meta>
        <link>
		<sublink>search</sublink>
                <sublink>searchsd</sublink>
        </link>
        <animated_thumbnail></animated_thumbnail>
        <thumbnail>https://www.thetvdb.com/banners/_cache/posters/77761-1.jpg</thumbnail>
        <animated_fanart></animated_fanart>
        <fanart>https://www.thetvdb.com/banners/_cache/fanart/original/77761-5.jpg</fanart>
</item>
