########################
<poster>WKRP in Cincinnati</poster>
<thumbnail></thumbnail>
<fanart></fanart>
#############################

<dir>
        <name>Season 1</name>
        <meta>
                <content>season</content>
                <imdb>tt0077097</imdb>
                <tvdb>77761</tvdb>
                <tvshowtitle>WKRP in Cincinnati</tvshowtitle>
                <year>1978</year>
                <season>1</season>
        </meta>
        <link>https://raw.githubusercontent.com/Doggmatic71/maddogg/master/plugin.video.laughtraxx/plugin.video.laughtraxx/resources/WKRP1.xml</link>
        <thumbnail>https://www.thetvdb.com/banners/_cache/seasons/77761-1-3.jpg</thumbnail>
</dir>

<dir>		
        <name>Season 2</name>
        <meta>
                <content>season</content>
                <imdb>tt0077097</imdb>
                <tvdb>77761</tvdb>
                <tvshowtitle>WKRP in Cincinnati</tvshowtitle>
                <year>1978</year>
                <season>2</season>
        </meta>
        <link></link>
        <thumbnail>https://www.thetvdb.com/banners/_cache/seasons/77761-2-3.jpg</thumbnail>		
</dir>

<dir>		
        <name>Season 3</name>
        <meta>
                <content>season</content>
                <imdb>tt0077097</imdb>
                <tvdb>77761</tvdb>
                <tvshowtitle>WKRP in Cincinnati</tvshowtitle>
                <year>1978</year>
                <season>3</season>
        </meta>
        <link></link>
        <thumbnail>https://www.thetvdb.com/banners/_cache/seasons/77761-3-4.jpg</thumbnail>		
</dir>

<dir>		
        <name>Season 4</name>
        <meta>
                <content>season</content>
                <imdb>tt0077097</imdb>
                <tvdb>77761</tvdb>
                <tvshowtitle>WKRP in Cincinnati</tvshowtitle>
                <year>1978</year>
                <season>4</season>
        </meta>
        <link></link>
        <thumbnail>https://www.thetvdb.com/banners/_cache/seasons/77761-4-4.jpg</thumbnail>		
</dir>
