<?xml version="1.0" encoding="UTF-8" standalone="yes"?>
<addon id="plugin.video.polaris" name="Polaris" version="1.3" provider-name="DA Hawaiian">
	<requires>
		<import addon="xbmc.python" version="2.19.0" />
		<import addon="script.module.universalscrapers" version="1.0.0" />
        <import addon="script.module.python.koding.aio" version="0.0.1"/>
	</requires>
	<extension point="xbmc.python.pluginsource" library="default.py">
		<provides>video</provides>
	</extension>
	<extension point="xbmc.addon.metadata">
		<summary lang="en">A Mixture of Ideas</summary>
		<description lang="en">We do not host or own any content</description>
		<platform>all</platform>
		<genre>uk,usa</genre>
		<video_guide></video_guide>
		<video_preview></video_preview>
	</extension>
</addon>
