<?xml version="1.0" encoding="UTF-8" standalone="yes"?>
<addon id="plugin.video.stormy"
	name="Stormy's Youtube Experience"
	version="0.0.1"
	provider-name="John Doh">
	<requires>
		<import addon="xbmc.python" version="2.14.0"/>
        <import addon="script.module.python.koding.aio" version="0.9.6.6" />
		<import addon="script.module.addon.common" version="2.0.0"/>
		<import addon="plugin.video.youtube" version="5.0.0"/>
	</requires>
	<extension point="xbmc.python.pluginsource" library="default.py">
		<provides>video</provides>
	</extension>
	<extension point="xbmc.addon.metadata">
		<summary lang="en">Stormy's Youtube Experience</summary>
		<description lang="en"> Experience the world learning the experierences of others of others, from making and modifying Kodi to your likeing, to learning what others experience from building and living off the grid. I hope you like this Series. Comments and suggestions are always welcome, keeping in mind that this is my first attempt at web exposure ect.  ENJOY</description>
		<platform>all</platform>
	</extension>
</addon>
