########################
<poster>Seasons 16 - 20</poster>
<thumbnail></thumbnail>
<fanart></fanart>
########################

 <item>
        <title>The Three Stooges S16E01 - The Ghost Talks</title>
        <meta>
                <content>episode</content>
                <imdb></imdb>
                <tvdb>79173</tvdb>
                <tvshowtitle>The Three Stooges</tvshowtitle>
                <year>1934</year>
                <title>The Ghost Talks</title>
                <premiered>1949-02-03</premiered>
                <season>16</season>
                <episode>1</episode>
        </meta>
        <link>
		<sublink>search</sublink>
                <sublink>searchsd</sublink>
		<sublink>https://streamango.com/f/aceprrkpndtqrrbn/The_Three_Stooges_-_S_16_E_1_-_The_Ghost_Talks_mp4</sublink>
        </link>
        <animated_thumbnail></animated_thumbnail>
        <thumbnail>https://www.thetvdb.com/banners/_cache/episodes/79173/304581.jpg</thumbnail>
        <animated_fanart></animated_fanart>
        <fanart>https://www.thetvdb.com/banners/_cache/episodes/79173/304581.jpg</fanart>
</item>

 <item>
        <title>The Three Stooges S16E02 - Who Done It?</title>
        <meta>
                <content>episode</content>
                <imdb></imdb>
                <tvdb>79173</tvdb>
                <tvshowtitle>The Three Stooges</tvshowtitle>
                <year>1934</year>
                <title>Who Done It?</title>
                <premiered>1949-03-03</premiered>
                <season>16</season>
                <episode>2</episode>
        </meta>
        <link>
		<sublink>search</sublink>
                <sublink>searchsd</sublink>
		<sublink>https://streamango.com/f/laflbnkrocbadcfb/The_Three_Stooges_-_S_16_E_2_-_Who_Done_it_mp4</sublink>
        </link>
        <animated_thumbnail></animated_thumbnail>
        <thumbnail>https://www.thetvdb.com/banners/_cache/episodes/79173/304582.jpg</thumbnail>
        <animated_fanart></animated_fanart>
        <fanart>https://www.thetvdb.com/banners/_cache/episodes/79173/304582.jpg</fanart>
</item>

 <item>
        <title>The Three Stooges S16E03 - Hokus Pokus</title>
        <meta>
                <content>episode</content>
                <imdb></imdb>
                <tvdb>79173</tvdb>
                <tvshowtitle>The Three Stooges</tvshowtitle>
                <year>1934</year>
                <title>Hokus Pokus</title>
                <premiered>1949-05-05</premiered>
                <season>16</season>
                <episode>3</episode>
        </meta>
        <link>
		<sublink>search</sublink>
                <sublink>searchsd</sublink>
		<sublink>https://streamango.com/f/sdaokfermqqpcpqf/The_Three_Stooges_-_S_16_E_3_-_Hokus_Pokus_mp4</sublink>
        </link>
        <animated_thumbnail></animated_thumbnail>
        <thumbnail>https://www.thetvdb.com/banners/_cache/episodes/79173/304583.jpg</thumbnail>
        <animated_fanart></animated_fanart>
        <fanart>https://www.thetvdb.com/banners/_cache/episodes/79173/304583.jpg</fanart>
</item>

 <item>
        <title>The Three Stooges S16E04 - Fuelin' Around</title>
        <meta>
                <content>episode</content>
                <imdb></imdb>
                <tvdb>79173</tvdb>
                <tvshowtitle>The Three Stooges</tvshowtitle>
                <year>1934</year>
                <title>Fuelin' Around</title>
                <premiered>1949-07-07</premiered>
                <season>16</season>
                <episode>4</episode>
        </meta>
        <link>
		<sublink>search</sublink>
                <sublink>searchsd</sublink>
		<sublink>https://streamango.com/f/ssmpsbmcnlmefbpf/The_Three_Stooges_S16E04_Fuelin_Around_mp4</sublink>
        </link>
        <animated_thumbnail></animated_thumbnail>
        <thumbnail>https://www.thetvdb.com/banners/_cache/episodes/79173/304584.jpg</thumbnail>
        <animated_fanart></animated_fanart>
        <fanart>https://www.thetvdb.com/banners/_cache/episodes/79173/304584.jpg</fanart>
</item>

 <item>
        <title>The Three Stooges S16E05 - Malice in the Palace</title>
        <meta>
                <content>episode</content>
                <imdb></imdb>
                <tvdb>79173</tvdb>
                <tvshowtitle>The Three Stooges</tvshowtitle>
                <year>1934</year>
                <title>Malice in the Palace</title>
                <premiered>1949-09-01</premiered>
                <season>16</season>
                <episode>5</episode>
        </meta>
        <link>
		<sublink>search</sublink>
                <sublink>searchsd</sublink>
		<sublink>https://streamango.com/f/ctenreqcmrsqosot/The_Three_Stooges_-_S_16_E_5_-_Malice_in_the_Palace_mp4</sublink>
        </link>
        <animated_thumbnail></animated_thumbnail>
        <thumbnail>https://www.thetvdb.com/banners/_cache/episodes/79173/304585.jpg</thumbnail>
        <animated_fanart></animated_fanart>
        <fanart>https://www.thetvdb.com/banners/_cache/episodes/79173/304585.jpg</fanart>
</item>

 <item>
        <title>The Three Stooges S16E06 - Vegabond Loafers</title>
        <meta>
                <content>episode</content>
                <imdb></imdb>
                <tvdb>79173</tvdb>
                <tvshowtitle>The Three Stooges</tvshowtitle>
                <year>1934</year>
                <title>Vegabond Loafers</title>
                <premiered>1949-10-06</premiered>
                <season>16</season>
                <episode>6</episode>
        </meta>
        <link>
		<sublink>search</sublink>
                <sublink>searchsd</sublink>
		<sublink>https://streamango.com/f/dncocendspnntocb/The_Three_Stooges_S16E06_Vagabond_Loafers_mp4</sublink>
        </link>
        <animated_thumbnail></animated_thumbnail>
        <thumbnail>https://www.thetvdb.com/banners/_cache/episodes/79173/304586.jpg</thumbnail>
        <animated_fanart></animated_fanart>
        <fanart>https://www.thetvdb.com/banners/_cache/episodes/79173/304586.jpg</fanart>
</item>

 <item>
        <title>The Three Stooges S16E07 - Dunked in the Deep</title>
        <meta>
                <content>episode</content>
                <imdb></imdb>
                <tvdb>79173</tvdb>
                <tvshowtitle>The Three Stooges</tvshowtitle>
                <year>1934</year>
                <title>Dunked in the Deep</title>
                <premiered>1949-11-03</premiered>
                <season>16</season>
                <episode>7</episode>
        </meta>
        <link>
		<sublink>search</sublink>
                <sublink>searchsd</sublink>
		<sublink>https://streamango.com/f/dockndnndnpomepp/The_Three_Stooges_S16E07_Dunked_n_The_Deep_mp4</sublink>
        </link>
        <animated_thumbnail></animated_thumbnail>
        <thumbnail>https://www.thetvdb.com/banners/_cache/episodes/79173/304587.jpg</thumbnail>
        <animated_fanart></animated_fanart>
        <fanart>https://www.thetvdb.com/banners/_cache/episodes/79173/304587.jpg</fanart>
</item>

 <item>
        <title>The Three Stooges S17E01 - Punchy Cowpunchers</title>
        <meta>
                <content>episode</content>
                <imdb></imdb>
                <tvdb>79173</tvdb>
                <tvshowtitle>The Three Stooges</tvshowtitle>
                <year>1934</year>
                <title>Punchy Cowpunchers</title>
                <premiered>1950-01-05</premiered>
                <season>17</season>
                <episode>1</episode>
        </meta>
        <link>
		<sublink>search</sublink>
                <sublink>searchsd</sublink>
		<sublink>https://streamango.com/f/dnakmrmnoebccsmm/The_Three_Stooges_-_S_17_E_1_-_Punch_Cowpunchers_mp4</sublink>
        </link>
        <animated_thumbnail></animated_thumbnail>
        <thumbnail>https://www.thetvdb.com/banners/_cache/episodes/79173/304588.jpg</thumbnail>
        <animated_fanart></animated_fanart>
        <fanart>https://www.thetvdb.com/banners/_cache/episodes/79173/304588.jpg</fanart>
</item>

 <item>
        <title>The Three Stooges S17E02 - Hugs and Mugs</title>
        <meta>
                <content>episode</content>
                <imdb></imdb>
                <tvdb>79173</tvdb>
                <tvshowtitle>The Three Stooges</tvshowtitle>
                <year>1934</year>
                <title>Hugs and Mugs</title>
                <premiered>1950-02-02</premiered>
                <season>17</season>
                <episode>2</episode>
        </meta>
        <link>
		<sublink>search</sublink>
                <sublink>searchsd</sublink>
		<sublink>https://streamango.com/f/emkkamqmerpnrobb/The_Three_Stooges_-_S_17_E_2_-_Hugs_and_Mugs_mp4</sublink>
        </link>
        <animated_thumbnail></animated_thumbnail>
        <thumbnail>https://www.thetvdb.com/banners/_cache/episodes/79173/304589.jpg</thumbnail>
        <animated_fanart></animated_fanart>
        <fanart>https://www.thetvdb.com/banners/_cache/episodes/79173/304589.jpg</fanart>
</item>

 <item>
        <title>The Three Stooges S17E03 - Dopey Dicks</title>
        <meta>
                <content>episode</content>
                <imdb></imdb>
                <tvdb>79173</tvdb>
                <tvshowtitle>The Three Stooges</tvshowtitle>
                <year>1934</year>
                <title>Dopey Dicks</title>
                <premiered>1950-03-02</premiered>
                <season>17</season>
                <episode>3</episode>
        </meta>
        <link>
		<sublink>search</sublink>
                <sublink>searchsd</sublink>
		<sublink>https://streamango.com/f/mokrrloqnakenlam/The_Three_Stooges_S17E03_Dopey_Dicks_mp4</sublink>
        </link>
        <animated_thumbnail></animated_thumbnail>
        <thumbnail>https://www.thetvdb.com/banners/_cache/episodes/79173/304590.jpg</thumbnail>
        <animated_fanart></animated_fanart>
        <fanart>https://www.thetvdb.com/banners/_cache/episodes/79173/304590.jpg</fanart>
</item>

 <item>
        <title>The Three Stooges S17E04 - Love at First Bite</title>
        <meta>
                <content>episode</content>
                <imdb></imdb>
                <tvdb>79173</tvdb>
                <tvshowtitle>The Three Stooges</tvshowtitle>
                <year>1934</year>
                <title>Love at First Bite</title>
                <premiered>1950-05-04</premiered>
                <season>17</season>
                <episode>4</episode>
        </meta>
        <link>
		<sublink>search</sublink>
                <sublink>searchsd</sublink>
		<sublink>https://streamango.com/f/qotqlesdncapafte/The_Three_Stooges_-_S_17_E_4_-_Love_at_First_Bite_mp4</sublink>
        </link>
        <animated_thumbnail></animated_thumbnail>
        <thumbnail>https://www.thetvdb.com/banners/_cache/episodes/79173/304591.jpg</thumbnail>
        <animated_fanart></animated_fanart>
        <fanart>https://www.thetvdb.com/banners/_cache/episodes/79173/304591.jpg</fanart>
</item>

 <item>
        <title>The Three Stooges S17E05 - Self Made Maids</title>
        <meta>
                <content>episode</content>
                <imdb></imdb>
                <tvdb>79173</tvdb>
                <tvshowtitle>The Three Stooges</tvshowtitle>
                <year>1934</year>
                <title>Self Made Maids</title>
                <premiered>1950-07-06</premiered>
                <season>17</season>
                <episode>5</episode>
        </meta>
        <link>
		<sublink>search</sublink>
                <sublink>searchsd</sublink>
		<sublink>https://streamango.com/f/qepffrfpppkfqqcp/The_Three_Stooges_-_S_17_E_5_-_Self_Made_Maids_mp4</sublink>
        </link>
        <animated_thumbnail></animated_thumbnail>
        <thumbnail>https://www.thetvdb.com/banners/_cache/episodes/79173/304592.jpg</thumbnail>
        <animated_fanart></animated_fanart>
        <fanart>https://www.thetvdb.com/banners/_cache/episodes/79173/304592.jpg</fanart>
</item>

 <item>
        <title>The Three Stooges S17E06 - Three Hams on Rye</title>
        <meta>
                <content>episode</content>
                <imdb></imdb>
                <tvdb>79173</tvdb>
                <tvshowtitle>The Three Stooges</tvshowtitle>
                <year>1934</year>
                <title>Three Hams on Rye</title>
                <premiered>1950-09-07</premiered>
                <season>17</season>
                <episode>6</episode>
        </meta>
        <link>
		<sublink>search</sublink>
                <sublink>searchsd</sublink>
		<sublink>https://streamango.com/f/skdtlmclemkappsl/The_Three_Stooges_-_S_17_E_6_-_Three_Hams_on_Rye_mp4</sublink>
        </link>
        <animated_thumbnail></animated_thumbnail>
        <thumbnail>https://www.thetvdb.com/banners/_cache/episodes/79173/304593.jpg</thumbnail>
        <animated_fanart></animated_fanart>
        <fanart>https://www.thetvdb.com/banners/_cache/episodes/79173/304593.jpg</fanart>
</item>

 <item>
        <title>The Three Stooges S17E07 - Studio Stoops</title>
        <meta>
                <content>episode</content>
                <imdb></imdb>
                <tvdb>79173</tvdb>
                <tvshowtitle>The Three Stooges</tvshowtitle>
                <year>1934</year>
                <title>Studio Stoops</title>
                <premiered>1950-10-05</premiered>
                <season>17</season>
                <episode>7</episode>
        </meta>
        <link>
		<sublink>search</sublink>
                <sublink>searchsd</sublink>
		<sublink>https://streamango.com/f/qkomocrtepdknelq/The_Three_Stooges_-_S_17_E_7_-_Studio_Stoops_mp4</sublink>
        </link>
        <animated_thumbnail></animated_thumbnail>
        <thumbnail>https://www.thetvdb.com/banners/_cache/episodes/79173/304594.jpg</thumbnail>
        <animated_fanart></animated_fanart>
        <fanart>https://www.thetvdb.com/banners/_cache/episodes/79173/304594.jpg</fanart>
</item>

 <item>
        <title>The Three Stooges S17E08 - Slaphappy Sleuths</title>
        <meta>
                <content>episode</content>
                <imdb></imdb>
                <tvdb>79173</tvdb>
                <tvshowtitle>The Three Stooges</tvshowtitle>
                <year>1934</year>
                <title>Slaphappy Sleuths</title>
                <premiered>1950-10-09</premiered>
                <season>17</season>
                <episode>8</episode>
        </meta>
        <link>
		<sublink>search</sublink>
                <sublink>searchsd</sublink>
		<sublink>https://streamango.com/f/oeofflrebnqqfbrm/The_Three_Stooges_-_S_17_E_8_-_Slaphappy_Sleuths_mp4</sublink>
        </link>
        <animated_thumbnail></animated_thumbnail>
        <thumbnail>https://www.thetvdb.com/banners/_cache/episodes/79173/304595.jpg</thumbnail>
        <animated_fanart></animated_fanart>
        <fanart>https://www.thetvdb.com/banners/_cache/episodes/79173/304595.jpg</fanart>
</item>

 <item>
        <title>The Three Stooges S17E09 - A Snitch in Time</title>
        <meta>
                <content>episode</content>
                <imdb></imdb>
                <tvdb>79173</tvdb>
                <tvshowtitle>The Three Stooges</tvshowtitle>
                <year>1934</year>
                <title>A Snitch in Time</title>
                <premiered>1950-12-07</premiered>
                <season>17</season>
                <episode>9</episode>
        </meta>
        <link>
		<sublink>search</sublink>
                <sublink>searchsd</sublink>
		<sublink>https://streamango.com/f/ptatbakktmfbstft/The_Three_Stooges_-_S_17_E_9_-_A_Snitch_Time_mp4</sublink>
        </link>
        <animated_thumbnail></animated_thumbnail>
        <thumbnail>https://www.thetvdb.com/banners/_cache/episodes/79173/304596.jpg</thumbnail>
        <animated_fanart></animated_fanart>
        <fanart>https://www.thetvdb.com/banners/_cache/episodes/79173/304596.jpg</fanart>
</item>

 <item>
        <title>The Three Stooges S18E01 - Three Arabian Nuts</title>
        <meta>
                <content>episode</content>
                <imdb></imdb>
                <tvdb>79173</tvdb>
                <tvshowtitle>The Three Stooges</tvshowtitle>
                <year>1934</year>
                <title>Three Arabian Nuts</title>
                <premiered>1951-01-04</premiered>
                <season>18</season>
                <episode>1</episode>
        </meta>
        <link>
		<sublink>search</sublink>
                <sublink>searchsd</sublink>
		<sublink>https://streamango.com/f/psbbnssllmoqasdk/The_Three_Stooges_S18E01_Three_Arabian_Nuts_mp4</sublink>
        </link>
        <animated_thumbnail></animated_thumbnail>
        <thumbnail>https://www.thetvdb.com/banners/_cache/episodes/79173/304597.jpg</thumbnail>
        <animated_fanart></animated_fanart>
        <fanart>https://www.thetvdb.com/banners/_cache/episodes/79173/304597.jpg</fanart>
</item>

 <item>
        <title>The Three Stooges S18E02 - Baby Sitters Jitters</title>
        <meta>
                <content>episode</content>
                <imdb></imdb>
                <tvdb>79173</tvdb>
                <tvshowtitle>The Three Stooges</tvshowtitle>
                <year>1934</year>
                <title>Baby Sitters Jitters</title>
                <premiered>1951-02-01</premiered>
                <season>18</season>
                <episode>2</episode>
        </meta>
        <link>
		<sublink>search</sublink>
                <sublink>searchsd</sublink>
		<sublink>https://streamango.com/f/qqkltoroadbpntrm/The_Three_Stooges_S18E02_Baby_Sitters_Jitters_mp4</sublink>
        </link>
        <animated_thumbnail></animated_thumbnail>
        <thumbnail>https://www.thetvdb.com/banners/_cache/episodes/79173/304598.jpg</thumbnail>
        <animated_fanart></animated_fanart>
        <fanart>https://www.thetvdb.com/banners/_cache/episodes/79173/304598.jpg</fanart>
</item>

 <item>
        <title>The Three Stooges S18E03 - Don't Throw That Knife</title>
        <meta>
                <content>episode</content>
                <imdb></imdb>
                <tvdb>79173</tvdb>
                <tvshowtitle>The Three Stooges</tvshowtitle>
                <year>1934</year>
                <title>Don't Throw That Knife</title>
                <premiered>1951-05-03</premiered>
                <season>18</season>
                <episode>3</episode>
        </meta>
        <link>
		<sublink>search</sublink>
                <sublink>searchsd</sublink>
		<sublink>https://streamango.com/f/tekcmeabdaspbqpr/The_Three_Stooges_-_S_18_E_3_-_Don_t_Throw_That_Knife_mp4</sublink>
        </link>
        <animated_thumbnail></animated_thumbnail>
        <thumbnail>https://www.thetvdb.com/banners/_cache/episodes/79173/304599.jpg</thumbnail>
        <animated_fanart></animated_fanart>
        <fanart>https://www.thetvdb.com/banners/_cache/episodes/79173/304599.jpg</fanart>
</item>

 <item>
        <title>The Three Stooges S18E04 - Scrambled Brains</title>
        <meta>
                <content>episode</content>
                <imdb></imdb>
                <tvdb>79173</tvdb>
                <tvshowtitle>The Three Stooges</tvshowtitle>
                <year>1934</year>
                <title>Scrambled Brains</title>
                <premiered>1951-07-07</premiered>
                <season>18</season>
                <episode>4</episode>
        </meta>
        <link>
		<sublink>search</sublink>
                <sublink>searchsd</sublink>
		<sublink>https://streamango.com/f/qqackqdlmtslocdl/The_Three_Stooges_-_S_18_E_4_-_Scrambled_Brains_mp4</sublink>
        </link>
        <animated_thumbnail></animated_thumbnail>
        <thumbnail>https://www.thetvdb.com/banners/_cache/episodes/79173/304600.jpg</thumbnail>
        <animated_fanart></animated_fanart>
        <fanart>https://www.thetvdb.com/banners/_cache/episodes/79173/304600.jpg</fanart>
</item>

 <item>
        <title>The Three Stooges S18E05 - Merry Mavericks</title>
        <meta>
                <content>episode</content>
                <imdb></imdb>
                <tvdb>79173</tvdb>
                <tvshowtitle>The Three Stooges</tvshowtitle>
                <year>1934</year>
                <title>Merry Mavericks</title>
                <premiered>1951-09-06</premiered>
                <season>18</season>
                <episode>5</episode>
        </meta>
        <link>
		<sublink>search</sublink>
                <sublink>searchsd</sublink>
		<sublink>https://streamango.com/f/fbnppctkppamsbec/The_Three_Stooges_-_S_18_E_5_-_Merry_Mavericks_mp4</sublink>
        </link>
        <animated_thumbnail></animated_thumbnail>
        <thumbnail>https://www.thetvdb.com/banners/_cache/episodes/79173/304601.jpg</thumbnail>
        <animated_fanart></animated_fanart>
        <fanart>https://www.thetvdb.com/banners/_cache/episodes/79173/304601.jpg</fanart>
</item>

 <item>
        <title>The Three Stooges S18E06 - The Tooth Will Out</title>
        <meta>
                <content>episode</content>
                <imdb></imdb>
                <tvdb>79173</tvdb>
                <tvshowtitle>The Three Stooges</tvshowtitle>
                <year>1934</year>
                <title>The Tooth Will Out</title>
                <premiered>1951-10-04</premiered>
                <season>18</season>
                <episode>6</episode>
        </meta>
        <link>
		<sublink>search</sublink>
                <sublink>searchsd</sublink>
		<sublink>https://streamango.com/f/dmbmattlloolstnd/The_Three_Stooges_-_S_18_E_6_-_The_Tooth_Will_Out_mp4</sublink>
        </link>
        <animated_thumbnail></animated_thumbnail>
        <thumbnail>https://www.thetvdb.com/banners/_cache/episodes/79173/304602.jpg</thumbnail>
        <animated_fanart></animated_fanart>
        <fanart>https://www.thetvdb.com/banners/_cache/episodes/79173/304602.jpg</fanart>
</item>

 <item>
        <title>The Three Stooges S18E07 - Hula-La-La</title>
        <meta>
                <content>episode</content>
                <imdb></imdb>
                <tvdb>79173</tvdb>
                <tvshowtitle>The Three Stooges</tvshowtitle>
                <year>1934</year>
                <title>Hula-La-La</title>
                <premiered>1951-11-01</premiered>
                <season>18</season>
                <episode>7</episode>
        </meta>
        <link>
		<sublink>search</sublink>
                <sublink>searchsd</sublink>
		<sublink>https://streamango.com/f/rcbplnclospbpdkf/The_Three_Stooges_-_S_18_E_7_-_Hula-La-La_mp4</sublink>
        </link>
        <animated_thumbnail></animated_thumbnail>
        <thumbnail>https://www.thetvdb.com/banners/_cache/episodes/79173/304603.jpg</thumbnail>
        <animated_fanart></animated_fanart>
        <fanart>https://www.thetvdb.com/banners/_cache/episodes/79173/304603.jpg</fanart>
</item>

 <item>
        <title>The Three Stooges S18E08 - Pest Man Wins</title>
        <meta>
                <content>episode</content>
                <imdb></imdb>
                <tvdb>79173</tvdb>
                <tvshowtitle>The Three Stooges</tvshowtitle>
                <year>1934</year>
                <title>Pest Man Wins</title>
                <premiered>1951-12-06</premiered>
                <season>18</season>
                <episode>8</episode>
        </meta>
        <link>
		<sublink>search</sublink>
                <sublink>searchsd</sublink>
		<sublink>https://streamango.com/f/sarrkooblcnqkmqq/The_Three_Stooges_-_S_18_E_8_-_Pest_Man_Wins_mp4</sublink>
        </link>
        <animated_thumbnail></animated_thumbnail>
        <thumbnail>https://www.thetvdb.com/banners/_cache/episodes/79173/304604.jpg</thumbnail>
        <animated_fanart></animated_fanart>
        <fanart>https://www.thetvdb.com/banners/_cache/episodes/79173/304604.jpg</fanart>
</item>

 <item>
        <title>The Three Stooges S19E01 - A Missed Fortune</title>
        <meta>
                <content>episode</content>
                <imdb></imdb>
                <tvdb>79173</tvdb>
                <tvshowtitle>The Three Stooges</tvshowtitle>
                <year>1934</year>
                <title>A Missed Fortune</title>
                <premiered>1952-01-03</premiered>
                <season>19</season>
                <episode>1</episode>
        </meta>
        <link>
		<sublink>search</sublink>
                <sublink>searchsd</sublink>
		<sublink>https://streamango.com/f/mqllkotmccmabbat/The_Three_Stooges_S19E01_A_Missed_Fortune_mp4</sublink>
        </link>
        <animated_thumbnail></animated_thumbnail>
        <thumbnail>https://www.thetvdb.com/banners/_cache/episodes/79173/304605.jpg</thumbnail>
        <animated_fanart></animated_fanart>
        <fanart>https://www.thetvdb.com/banners/_cache/episodes/79173/304605.jpg</fanart>
</item>

 <item>
        <title>The Three Stooges S19E02 - Listen, Judge</title>
        <meta>
                <content>episode</content>
                <imdb></imdb>
                <tvdb>79173</tvdb>
                <tvshowtitle>The Three Stooges</tvshowtitle>
                <year>1934</year>
                <title>Listen, Judge</title>
                <premiered>1952-03-06</premiered>
                <season>19</season>
                <episode>2</episode>
        </meta>
        <link>
		<sublink>search</sublink>
                <sublink>searchsd</sublink>
		<sublink>https://streamango.com/f/tsknbambkpfokran/The_Three_Stooges_-_S_19_E_2_-_Listen_Judge_mp4</sublink>
        </link>
        <animated_thumbnail></animated_thumbnail>
        <thumbnail>https://www.thetvdb.com/banners/_cache/episodes/79173/304606.jpg</thumbnail>
        <animated_fanart></animated_fanart>
        <fanart>https://www.thetvdb.com/banners/_cache/episodes/79173/304606.jpg</fanart>
</item>

 <item>
        <title>The Three Stooges S19E03 - Corny Casanovas</title>
        <meta>
                <content>episode</content>
                <imdb></imdb>
                <tvdb>79173</tvdb>
                <tvshowtitle>The Three Stooges</tvshowtitle>
                <year>1934</year>
                <title>Corny Casanovas</title>
                <premiered>1952-05-01</premiered>
                <season>19</season>
                <episode>3</episode>
        </meta>
        <link>
		<sublink>search</sublink>
                <sublink>searchsd</sublink>
		<sublink>https://streamango.com/f/kkneboftsfaemrpn/The_Three_Stooges_-_S_19_E_3_-_Corny_Casanovas_mp4</sublink>
        </link>
        <animated_thumbnail></animated_thumbnail>
        <thumbnail>https://www.thetvdb.com/banners/_cache/episodes/79173/304607.jpg</thumbnail>
        <animated_fanart></animated_fanart>
        <fanart>https://www.thetvdb.com/banners/_cache/episodes/79173/304607.jpg</fanart>
</item>

 <item>
        <title>The Three Stooges S19E04 - He Cooked His Goose</title>
        <meta>
                <content>episode</content>
                <imdb></imdb>
                <tvdb>79173</tvdb>
                <tvshowtitle>The Three Stooges</tvshowtitle>
                <year>1934</year>
                <title>He Cooked His Goose</title>
                <premiered>1952-07-03</premiered>
                <season>19</season>
                <episode>4</episode>
        </meta>
        <link>
		<sublink>search</sublink>
                <sublink>searchsd</sublink>
		<sublink>https://streamango.com/f/eoepccllkmoamlnc/The_Three_Stooges_-_S_19_E_4_-_He_Cooked_His_Goose_mp4</sublink>
        </link>
        <animated_thumbnail></animated_thumbnail>
        <thumbnail>https://www.thetvdb.com/banners/_cache/episodes/79173/304608.jpg</thumbnail>
        <animated_fanart></animated_fanart>
        <fanart>https://www.thetvdb.com/banners/_cache/episodes/79173/304608.jpg</fanart>
</item>

 <item>
        <title>The Three Stooges S19E05 - Gents in a Jam</title>
        <meta>
                <content>episode</content>
                <imdb></imdb>
                <tvdb>79173</tvdb>
                <tvshowtitle>The Three Stooges</tvshowtitle>
                <year>1934</year>
                <title>Gents in a Jam</title>
                <premiered>1952-07-04</premiered>
                <season>19</season>
                <episode>5</episode>
        </meta>
        <link>
		<sublink>search</sublink>
                <sublink>searchsd</sublink>
		<sublink>https://streamango.com/f/fadqdnoomsoqqbcp/The_Three_Stooges_-_S_19_E_5_-_Gents_in_a_Jam_mp4</sublink>
        </link>
        <animated_thumbnail></animated_thumbnail>
        <thumbnail>https://www.thetvdb.com/banners/_cache/episodes/79173/304609.jpg</thumbnail>
        <animated_fanart></animated_fanart>
        <fanart>https://www.thetvdb.com/banners/_cache/episodes/79173/304609.jpg</fanart>
</item>

 <item>
        <title>The Three Stooges S19E06 - Three Dark Horses</title>
        <meta>
                <content>episode</content>
                <imdb></imdb>
                <tvdb>79173</tvdb>
                <tvshowtitle>The Three Stooges</tvshowtitle>
                <year>1934</year>
                <title>Three Dark Horses</title>
                <premiered>1952-10-16</premiered>
                <season>19</season>
                <episode>6</episode>
        </meta>
        <link>
		<sublink>search</sublink>
                <sublink>searchsd</sublink>
		<sublink>https://streamango.com/f/nbdfsparclkdlfmf/The_Three_Stooges_-_S_19_E_6_-_Three_Dark_Horses_mp4</sublink>
        </link>
        <animated_thumbnail></animated_thumbnail>
        <thumbnail>https://www.thetvdb.com/banners/_cache/episodes/79173/304610.jpg</thumbnail>
        <animated_fanart></animated_fanart>
        <fanart>https://www.thetvdb.com/banners/_cache/episodes/79173/304610.jpg</fanart>
</item>

 <item>
        <title>The Three Stooges S19E07 - Cuckoo on a Choo Choo</title>
        <meta>
                <content>episode</content>
                <imdb></imdb>
                <tvdb>79173</tvdb>
                <tvshowtitle>The Three Stooges</tvshowtitle>
                <year>1934</year>
                <title>Cuckoo on a Choo Choo</title>
                <premiered>1952-12-04</premiered>
                <season>19</season>
                <episode>7</episode>
        </meta>
        <link>
		<sublink>search</sublink>
                <sublink>searchsd</sublink>
		<sublink>https://streamango.com/f/kpbkdmtrlstedfrk/The_Three_Stooges_-_S_19_E_7_-_Cuckoo_on_a_Choo_Choo_mp4</sublink>
        </link>
        <animated_thumbnail></animated_thumbnail>
        <thumbnail>https://www.thetvdb.com/banners/_cache/episodes/79173/304611.jpg</thumbnail>
        <animated_fanart></animated_fanart>
        <fanart>https://www.thetvdb.com/banners/_cache/episodes/79173/304611.jpg</fanart>
</item>

 <item>
        <title>The Three Stooges S20E01 - Up in Daisy's Penthouse</title>
        <meta>
                <content>episode</content>
                <imdb></imdb>
                <tvdb>79173</tvdb>
                <tvshowtitle>The Three Stooges</tvshowtitle>
                <year>1934</year>
                <title>Up in Daisy's Penthouse</title>
                <premiered>1953-02-05</premiered>
                <season>20</season>
                <episode>1</episode>
        </meta>
        <link>
		<sublink>search</sublink>
                <sublink>searchsd</sublink>
		<sublink>https://streamango.com/f/knnqpfsenbbsbked/The_Three_Stooges_-_S_20_E_1_mp4</sublink>
        </link>
        <animated_thumbnail></animated_thumbnail>
        <thumbnail>https://www.thetvdb.com/banners/_cache/episodes/79173/304612.jpg</thumbnail>
        <animated_fanart></animated_fanart>
        <fanart>https://www.thetvdb.com/banners/_cache/episodes/79173/304612.jpg</fanart>
</item>

 <item>
        <title>The Three Stooges S20E02 - Booty and the Beast</title>
        <meta>
                <content>episode</content>
                <imdb></imdb>
                <tvdb>79173</tvdb>
                <tvshowtitle>The Three Stooges</tvshowtitle>
                <year>1934</year>
                <title>Booty and the Beast</title>
                <premiered>1953-03-05</premiered>
                <season>20</season>
                <episode>2</episode>
        </meta>
        <link>
		<sublink>search</sublink>
                <sublink>searchsd</sublink>
		<sublink>https://streamango.com/f/adseqadbbdbmeeap/The_Three_Stooges_-_S_20_E_2_-_Booty_and_the_Beast_mp4</sublink>
        </link>
        <animated_thumbnail></animated_thumbnail>
        <thumbnail>https://www.thetvdb.com/banners/_cache/episodes/79173/304613.jpg</thumbnail>
        <animated_fanart></animated_fanart>
        <fanart>https://www.thetvdb.com/banners/_cache/episodes/79173/304613.jpg</fanart>
</item>

 <item>
        <title>The Three Stooges S20E03 - Loose Loot</title>
        <meta>
                <content>episode</content>
                <imdb></imdb>
                <tvdb>79173</tvdb>
                <tvshowtitle>The Three Stooges</tvshowtitle>
                <year>1934</year>
                <title>Loose Loot</title>
                <premiered>1953-04-02</premiered>
                <season>20</season>
                <episode>3</episode>
        </meta>
        <link>
		<sublink>search</sublink>
                <sublink>searchsd</sublink>
		<sublink>https://streamango.com/f/feptfccrldasqnot/The_Three_Stooges_S20E03_Loose_Loot_mp4</sublink>
        </link>
        <animated_thumbnail></animated_thumbnail>
        <thumbnail>https://www.thetvdb.com/banners/_cache/episodes/79173/304614.jpg</thumbnail>
        <animated_fanart></animated_fanart>
        <fanart>https://www.thetvdb.com/banners/_cache/episodes/79173/304614.jpg</fanart>
</item>

 <item>
        <title>The Three Stooges S20E04 - Tricky Dicks</title>
        <meta>
                <content>episode</content>
                <imdb></imdb>
                <tvdb>79173</tvdb>
                <tvshowtitle>The Three Stooges</tvshowtitle>
                <year>1934</year>
                <title>Tricky Dicks</title>
                <premiered>1953-05-07</premiered>
                <season>20</season>
                <episode>4</episode>
        </meta>
        <link>
		<sublink>search</sublink>
                <sublink>searchsd</sublink>
		<sublink>https://streamango.com/f/tkansndrssflebrs/The_Three_Stooges_-_S_20_E_4_-_Tricky_Dicks_mp4</sublink>
        </link>
        <animated_thumbnail></animated_thumbnail>
        <thumbnail>https://www.thetvdb.com/banners/_cache/episodes/79173/304615.jpg</thumbnail>
        <animated_fanart></animated_fanart>
        <fanart>https://www.thetvdb.com/banners/_cache/episodes/79173/304615.jpg</fanart>
</item>

 <item>
        <title>The Three Stooges S20E05 - Spooks!</title>
        <meta>
                <content>episode</content>
                <imdb></imdb>
                <tvdb>79173</tvdb>
                <tvshowtitle>The Three Stooges</tvshowtitle>
                <year>1934</year>
                <title>Spooks!</title>
                <premiered>1953-06-53</premiered>
                <season>20</season>
                <episode>5</episode>
        </meta>
        <link>
		<sublink>search</sublink>
                <sublink>searchsd</sublink>
		<sublink>https://streamango.com/f/pdnspobmdaladamr/The_Three_Stooges_-_S_20_E_5_-_Spooks_mp4</sublink>
        </link>
        <animated_thumbnail></animated_thumbnail>
        <thumbnail>https://www.thetvdb.com/banners/_cache/episodes/79173/304616.jpg</thumbnail>
        <animated_fanart></animated_fanart>
        <fanart>https://www.thetvdb.com/banners/_cache/episodes/79173/304616.jpg</fanart>
</item>

 <item>
        <title>The Three Stooges S20E06 - Pardon My Backfire</title>
        <meta>
                <content>episode</content>
                <imdb></imdb>
                <tvdb>79173</tvdb>
                <tvshowtitle>The Three Stooges</tvshowtitle>
                <year>1934</year>
                <title>Pardon My Backfire</title>
                <premiered>1953-08-15</premiered>
                <season>20</season>
                <episode>6</episode>
        </meta>
        <link>
		<sublink>search</sublink>
                <sublink>searchsd</sublink>
		<sublink>https://streamango.com/f/tpdpnotnakmoslsp/The_Three_Stooges_-_S_20_E_6_-_Pardon_My_Backfire_mp4</sublink>
        </link>
        <animated_thumbnail></animated_thumbnail>
        <thumbnail>https://www.thetvdb.com/banners/_cache/episodes/79173/304617.jpg</thumbnail>
        <animated_fanart></animated_fanart>
        <fanart>https://www.thetvdb.com/banners/_cache/episodes/79173/304617.jpg</fanart>
</item>

 <item>
        <title>The Three Stooges S20E07 - Rips, Sew and Stitch</title>
        <meta>
                <content>episode</content>
                <imdb></imdb>
                <tvdb>79173</tvdb>
                <tvshowtitle>The Three Stooges</tvshowtitle>
                <year>1934</year>
                <title>Rips, Sew and Stitch</title>
                <premiered>1953-09-03</premiered>
                <season>20</season>
                <episode>7</episode>
        </meta>
        <link>
		<sublink>search</sublink>
                <sublink>searchsd</sublink>
		<sublink>https://streamango.com/f/rqssnflckdsmabto/The_Three_Stooges_-_S_20_E_7_-_Rip_Sew_and_Stitch_mp4</sublink>
        </link>
        <animated_thumbnail></animated_thumbnail>
        <thumbnail>https://www.thetvdb.com/banners/_cache/episodes/79173/304618.jpg</thumbnail>
        <animated_fanart></animated_fanart>
        <fanart>https://www.thetvdb.com/banners/_cache/episodes/79173/304618.jpg</fanart>
</item>

 <item>
        <title>The Three Stooges S20E08 - Bubble Trouble</title>
        <meta>
                <content>episode</content>
                <imdb></imdb>
                <tvdb>79173</tvdb>
                <tvshowtitle>The Three Stooges</tvshowtitle>
                <year>1934</year>
                <title>Bubble Trouble</title>
                <premiered>1953-10-08</premiered>
                <season>20</season>
                <episode>8</episode>
        </meta>
        <link>
		<sublink>search</sublink>
                <sublink>searchsd</sublink>
		<sublink>https://streamango.com/f/fcsndpqqdrftosqt/The_Three_Stooges_-_S_20_E_8_-_Bubble_Trouble_mp4</sublink>
        </link>
        <animated_thumbnail></animated_thumbnail>
        <thumbnail>https://www.thetvdb.com/banners/_cache/episodes/79173/304619.jpg</thumbnail>
        <animated_fanart></animated_fanart>
        <fanart>https://www.thetvdb.com/banners/_cache/episodes/79173/304619.jpg</fanart>
</item>

 <item>
        <title>The Three Stooges S20E09 - Goof on the Roof</title>
        <meta>
                <content>episode</content>
                <imdb></imdb>
                <tvdb>79173</tvdb>
                <tvshowtitle>The Three Stooges</tvshowtitle>
                <year>1934</year>
                <title>Goof on the Roof</title>
                <premiered>1953-11-03</premiered>
                <season>20</season>
                <episode>9</episode>
        </meta>
        <link>
		<sublink>search</sublink>
                <sublink>searchsd</sublink>
		<sublink>https://streamango.com/f/cqrdsdcedpnencoc/The_Three_Stooges_-_S_20_E_9_-_Goof_on_the_Roof_mp4</sublink>
        </link>
        <animated_thumbnail></animated_thumbnail>
        <thumbnail>https://www.thetvdb.com/banners/_cache/episodes/79173/304620.jpg</thumbnail>
        <animated_fanart></animated_fanart>
        <fanart>https://www.thetvdb.com/banners/_cache/episodes/79173/304620.jpg</fanart>
</item>
