########################
<poster>Seasons 1 - 5</poster>
<thumbnail></thumbnail>
<fanart></fanart>
########################

 <item>
        <title>The Three Stooges S01E01 - Woman Haters</title>
        <meta>
                <content>episode</content>
                <imdb>tt0026000</imdb>
                <tvdb>79173</tvdb>
                <tvshowtitle>The Three Stooges</tvshowtitle>
                <year>1934</year>
                <title>Woman Haters</title>
                <premiered>1934-05-05</premiered>
                <season>1</season>
                <episode>1</episode>
        </meta>
        <link>
		<sublink>search</sublink>
                <sublink>searchsd</sublink>
		<sublink>https://streamango.com/f/osmdelqqtmrcacpk/The_Three_Stooges_-_S_1_E_1_-_Woman_Haters_mp4</sublink>
        </link>
        <animated_thumbnail></animated_thumbnail>
        <thumbnail>https://www.thetvdb.com/banners/_cache/episodes/79173/304469.jpg</thumbnail>
        <animated_fanart></animated_fanart>
        <fanart>https://www.thetvdb.com/banners/_cache/episodes/79173/304469.jpg</fanart>
</item>

 <item>
        <title>The Three Stooges S01E02 - Punch Drunks</title>
        <meta>
                <content>episode</content>
                <imdb>tt0025688</imdb>
                <tvdb>79173</tvdb>
                <tvshowtitle>The Three Stooges</tvshowtitle>
                <year>1934</year>
                <title>Punch Drunks</title>
                <premiered>1934-07-13</premiered>
                <season>1</season>
                <episode>2</episode>
        </meta>
        <link>
		<sublink>search</sublink>
                <sublink>searchsd</sublink>
		<sublink>https://streamango.com/f/akocpqbssdmotsns/The_Three_Stooges_S01E02_Punch_Drunks_mp4</sublink>
        </link>
        <animated_thumbnail></animated_thumbnail>
        <thumbnail>https://www.thetvdb.com/banners/_cache/episodes/79173/304470.jpg</thumbnail>
        <animated_fanart></animated_fanart>
        <fanart>https://www.thetvdb.com/banners/_cache/episodes/79173/304470.jpg</fanart>
</item>

 <item>
        <title>The Three Stooges S01E03 - Men in Black</title>
        <meta>
                <content>episode</content>
                <imdb>tt0025488</imdb>
                <tvdb>79173</tvdb>
                <tvshowtitle>The Three Stooges</tvshowtitle>
                <year>1934</year>
                <title>Men in Black</title>
                <premiered>1934-09-28</premiered>
                <season>1</season>
                <episode>3</episode>
        </meta>
        <link>
		<sublink>search</sublink>
                <sublink>searchsd</sublink>
		<sublink>https://streamango.com/f/taffnaffoqobpleb/The_Three_Stooges_S01E03_Men_n_Black_mp4</sublink>
        </link>
        <animated_thumbnail></animated_thumbnail>
        <thumbnail>https://www.thetvdb.com/banners/_cache/episodes/79173/304471.jpg</thumbnail>
        <animated_fanart></animated_fanart>
        <fanart>https://www.thetvdb.com/banners/_cache/episodes/79173/304471.jpg</fanart>
</item>

 <item>
        <title>The Three Stooges S01E04 - Three Little Pigskins</title>
        <meta>
                <content>episode</content>
                <imdb>tt0025889</imdb>
                <tvdb>79173</tvdb>
                <tvshowtitle>The Three Stooges</tvshowtitle>
                <year>1934</year>
                <title>Three Little Pigskins</title>
                <premiered>1934-12-08</premiered>
                <season>1</season>
                <episode>4</episode>
        </meta>
        <link>
		<sublink>search</sublink>
                <sublink>searchsd</sublink>
		<sublink>https://streamango.com/f/kpcsopnkbfcmrqaf/The_Three_Stooges_-_S_1_E_4_-_Three_Little_Pigskins_mp4</sublink>
        </link>
        <animated_thumbnail></animated_thumbnail>
        <thumbnail>https://www.thetvdb.com/banners/_cache/episodes/79173/304472.jpg</thumbnail>
        <animated_fanart></animated_fanart>
        <fanart>https://www.thetvdb.com/banners/_cache/episodes/79173/304472.jpg</fanart>
</item>

 <item>
        <title>The Three Stooges S02E01 - Horses' Collars</title>
        <meta>
                <content>episode</content>
                <imdb>tt0026494</imdb>
                <tvdb>79173</tvdb>
                <tvshowtitle>The Three Stooges</tvshowtitle>
                <year>1934</year>
                <title>Horses' Collars</title>
                <premiered>1935-01-10</premiered>
                <season>2</season>
                <episode>1</episode>
        </meta>
        <link>
		<sublink>search</sublink>
                <sublink>searchsd</sublink>
		<sublink>https://streamango.com/f/rmordncnskkolked/The_Three_Stooges_-_S_2_E_1_-_Horses_Collars_mp4</sublink>
        </link>
        <animated_thumbnail></animated_thumbnail>
        <thumbnail>https://www.thetvdb.com/banners/_cache/episodes/79173/304473.jpg</thumbnail>
        <animated_fanart></animated_fanart>
        <fanart>https://www.thetvdb.com/banners/_cache/episodes/79173/304473.jpg</fanart>
</item>

 <item>
        <title>The Three Stooges S02E02 - Restless Knights</title>
        <meta>
                <content>episode</content>
                <imdb></imdb>
                <tvdb>79173</tvdb>
                <tvshowtitle>The Three Stooges</tvshowtitle>
                <year>1934</year>
                <title>Restless Knights</title>
                <premiered>1935-02-20</premiered>
                <season>2</season>
                <episode>2</episode>
        </meta>
        <link>
		<sublink>search</sublink>
                <sublink>searchsd</sublink>
		<sublink>https://streamango.com/f/tekkaqbdomksrrdb/The_Three_Stooges_S02E02_Restless_Knights_mp4</sublink>
        </link>
        <animated_thumbnail></animated_thumbnail>
        <thumbnail>https://www.thetvdb.com/banners/_cache/episodes/79173/304474.jpg</thumbnail>
        <animated_fanart></animated_fanart>
        <fanart>https://www.thetvdb.com/banners/_cache/episodes/79173/304474.jpg</fanart>
</item>

 <item>
        <title>The Three Stooges S02E03 - Pop Goes the Easel</title>
        <meta>
                <content>episode</content>
                <imdb></imdb>
                <tvdb>79173</tvdb>
                <tvshowtitle>The Three Stooges</tvshowtitle>
                <year>1934</year>
                <title>Pop Goes the Easel</title>
                <premiered>1935-3-29</premiered>
                <season>2</season>
                <episode>3</episode>
        </meta>
        <link>
		<sublink>search</sublink>
                <sublink>searchsd</sublink>
		<sublink>https://streamango.com/f/pqqfsopqsmbakpcn/The_Three_Stooges_S02E03_Pop_Goes_The_Easel_mp4</sublink>
        </link>
        <animated_thumbnail></animated_thumbnail>
        <thumbnail>https://www.thetvdb.com/banners/_cache/episodes/79173/304475.jpg</thumbnail>
        <animated_fanart></animated_fanart>
        <fanart>https://www.thetvdb.com/banners/_cache/episodes/79173/304475.jpg</fanart>
</item>

 <item>
        <title>The Three Stooges S02E04 - Uncivil Warriors</title>
        <meta>
                <content>episode</content>
                <imdb>tt0027152</imdb>
                <tvdb>79173</tvdb>
                <tvshowtitle>The Three Stooges</tvshowtitle>
                <year>1934</year>
                <title>Uncivil Warriors</title>
                <premiered>1935-04-26</premiered>
                <season>2</season>
                <episode>4</episode>
        </meta>
        <link>
		<sublink>search</sublink>
                <sublink>searchsd</sublink>
		<sublink>https://streamango.com/f/dspnqokptmndpsmm/The_Three_Stooges_S02E04_Uncivil_Warriors_mp4</sublink>
        </link>
        <animated_thumbnail></animated_thumbnail>
        <thumbnail>https://www.thetvdb.com/banners/_cache/episodes/79173/304476.jpg</thumbnail>
        <animated_fanart></animated_fanart>
        <fanart>https://www.thetvdb.com/banners/_cache/episodes/79173/304476.jpg</fanart>
</item>

 <item>
        <title>The Three Stooges S02E05 - Pardon My Scotch</title>
        <meta>
                <content>episode</content>
                <imdb>tt0026848</imdb>
                <tvdb>79173</tvdb>
                <tvshowtitle>The Three Stooges</tvshowtitle>
                <year>1934</year>
                <title>Pardon My Scotch</title>
                <premiered>1935-08-01</premiered>
                <season>2</season>
                <episode>5</episode>
        </meta>
        <link>
		<sublink>search</sublink>
                <sublink>searchsd</sublink>
		<sublink>https://streamango.com/f/ermkrknpsbcdamdd/The_Three_Stooges_-_S_2_E_5_-_Pardon_My_Scotch_mp4</sublink>
        </link>
        <animated_thumbnail></animated_thumbnail>
        <thumbnail>https://www.thetvdb.com/banners/_cache/episodes/79173/304477.jpg</thumbnail>
        <animated_fanart></animated_fanart>
        <fanart>https://www.thetvdb.com/banners/_cache/episodes/79173/304477.jpg</fanart>
</item>

 <item>
        <title>The Three Stooges S02E06 - Hoi Polloi</title>
        <meta>
                <content>episode</content>
                <imdb></imdb>
                <tvdb>79173</tvdb>
                <tvshowtitle>The Three Stooges</tvshowtitle>
                <year>1934</year>
                <title>Hoi Polloi</title>
                <premiered>1935-08-29</premiered>
                <season>2</season>
                <episode>6</episode>
        </meta>
        <link>
		<sublink>search</sublink>
                <sublink>searchsd</sublink>
		<sublink>https://streamango.com/f/cdkbeccokdqqbkpk/The_Three_Stooges_-_S_2_E_6_-_Hoi_Polloi_mp4</sublink>
        </link>
        <animated_thumbnail></animated_thumbnail>
        <thumbnail>https://www.thetvdb.com/banners/_cache/episodes/79173/304478.jpg</thumbnail>
        <animated_fanart></animated_fanart>
        <fanart>https://www.thetvdb.com/banners/_cache/episodes/79173/304478.jpg</fanart>
</item>

 <item>
        <title>The Three Stooges S02E07 - Three Little Beers</title>
        <meta>
                <content>episode</content>
                <imdb></imdb>
                <tvdb>79173</tvdb>
                <tvshowtitle>The Three Stooges</tvshowtitle>
                <year>1934</year>
                <title>Three Little Beers</title>
                <premiered>1935-11-28</premiered>
                <season>2</season>
                <episode>7</episode>
        </meta>
        <link>
		<sublink>search</sublink>
                <sublink>searchsd</sublink>
		<sublink>https://streamango.com/f/ncmpfdmsdneplber/The_Three_Stooges_-_S_2_E_7_-_Three_Little_Beers_mp4</sublink>
        </link>
        <animated_thumbnail></animated_thumbnail>
        <thumbnail>https://www.thetvdb.com/banners/_cache/episodes/79173/304479.jpg</thumbnail>
        <animated_fanart></animated_fanart>
        <fanart>https://www.thetvdb.com/banners/_cache/episodes/79173/304479.jpg</fanart>
</item>

 <item>
        <title>The Three Stooges S03E01 - Ants in the Pantry</title>
        <meta>
                <content>episode</content>
                <imdb></imdb>
                <tvdb>79173</tvdb>
                <tvshowtitle>The Three Stooges</tvshowtitle>
                <year>1934</year>
                <title>Ants in the Pantry</title>
                <premiered>1936-02-06</premiered>
                <season>3</season>
                <episode>1</episode>
        </meta>
        <link>
		<sublink>search</sublink>
                <sublink>searchsd</sublink>
		<sublink>https://streamango.com/f/dcraslbkcdlstlea/The_Three_Stooges_-_S_3_E_1_-_Ants_in_the_Pantry_mp4</sublink>
        </link>
        <animated_thumbnail></animated_thumbnail>
        <thumbnail>https://www.thetvdb.com/banners/_cache/episodes/79173/304480.jpg</thumbnail>
        <animated_fanart></animated_fanart>
        <fanart>https://www.thetvdb.com/banners/_cache/episodes/79173/304480.jpg</fanart>
</item>

 <item>
        <title>The Three Stooges S03E02 - Movie Maniacs</title>
        <meta>
                <content>episode</content>
                <imdb></imdb>
                <tvdb>79173</tvdb>
                <tvshowtitle>The Three Stooges</tvshowtitle>
                <year>1934</year>
                <title>Movie Maniacs</title>
                <premiered>1936-02-20</premiered>
                <season>3</season>
                <episode>2</episode>
        </meta>
        <link>
		<sublink>search</sublink>
                <sublink>searchsd</sublink>
		<sublink>https://streamango.com/f/ensdcpdkrlldnrps/The_Three_Stooges_S03E02_Movie_Maniacs_mp4</sublink>
        </link>
        <animated_thumbnail></animated_thumbnail>
        <thumbnail>https://www.thetvdb.com/banners/_cache/episodes/79173/304481.jpg</thumbnail>
        <animated_fanart></animated_fanart>
        <fanart>https://www.thetvdb.com/banners/_cache/episodes/79173/304481.jpg</fanart>
</item>

 <item>
        <title>The Three Stooges S03E03 - Half Shot Shooters</title>
        <meta>
                <content>episode</content>
                <imdb></imdb>
                <tvdb>79173</tvdb>
                <tvshowtitle>The Three Stooges</tvshowtitle>
                <year>1934</year>
                <title>Half Shot Shooters</title>
                <premiered>1936-04-30</premiered>
                <season>3</season>
                <episode>3</episode>
        </meta>
        <link>
		<sublink>search</sublink>
                <sublink>searchsd</sublink>
		<sublink>https://streamango.com/f/nckfstskdebcaacs/The_Three_Stooges_S03E03_Half_Shot_Shooters_mp4</sublink>
        </link>
        <animated_thumbnail></animated_thumbnail>
        <thumbnail>https://www.thetvdb.com/banners/_cache/episodes/79173/304482.jpg</thumbnail>
        <animated_fanart></animated_fanart>
        <fanart>https://www.thetvdb.com/banners/_cache/episodes/79173/304482.jpg</fanart>
</item>

 <item>
        <title>The Three Stooges S03E04 - Disorder in the Court</title>
        <meta>
                <content>episode</content>
                <imdb></imdb>
                <tvdb>79173</tvdb>
                <tvshowtitle>The Three Stooges</tvshowtitle>
                <year>1934</year>
                <title>Disorder in the Court</title>
                <premiered>1936-05-30</premiered>
                <season>3</season>
                <episode>4</episode>
        </meta>
        <link>
		<sublink>search</sublink>
                <sublink>searchsd</sublink>
		<sublink>https://streamango.com/f/eddqqcfrcblmobsc/The_Three_Stooges_-_S_3_E_4_-_Disorder_in_the_Court_mp4</sublink>
        </link>
        <animated_thumbnail></animated_thumbnail>
        <thumbnail>https://www.thetvdb.com/banners/_cache/episodes/79173/304483.jpg</thumbnail>
        <animated_fanart></animated_fanart>
        <fanart>https://www.thetvdb.com/banners/_cache/episodes/79173/304483.jpg</fanart>
</item>

 <item>
        <title>The Three Stooges S03E05 - A Pain in the Pullman</title>
        <meta>
                <content>episode</content>
                <imdb></imdb>
                <tvdb>79173</tvdb>
                <tvshowtitle>The Three Stooges</tvshowtitle>
                <year>1934</year>
                <title>A Pain in the Pullman</title>
                <premiered>1936-06-27</premiered>
                <season>3</season>
                <episode>5</episode>
        </meta>
        <link>
		<sublink>search</sublink>
                <sublink>searchsd</sublink>
		<sublink>https://streamango.com/f/tnntasdtcolcbpln/The_Three_Stooges_-_S_3_E_5_-_A_Pain_in_the_Pullman_mp4</sublink>
        </link>
        <animated_thumbnail></animated_thumbnail>
        <thumbnail>https://www.thetvdb.com/banners/_cache/episodes/79173/304484.jpg</thumbnail>
        <animated_fanart></animated_fanart>
        <fanart>https://www.thetvdb.com/banners/_cache/episodes/79173/304484.jpg</fanart>
</item>

 <item>
        <title>The Three Stooges S03E06 - False Alarms</title>
        <meta>
                <content>episode</content>
                <imdb></imdb>
                <tvdb>79173</tvdb>
                <tvshowtitle>The Three Stooges</tvshowtitle>
                <year>1934</year>
                <title>False Alarms</title>
                <premiered>1936-08-16</premiered>
                <season>3</season>
                <episode>6</episode>
        </meta>
        <link>
		<sublink>search</sublink>
                <sublink>searchsd</sublink>
		<sublink>https://streamango.com/f/fplcbfoftfcaraoc/The_Three_Stooges_-_S_3_E_6_-_False_Alarms_mp4</sublink>
        </link>
        <animated_thumbnail></animated_thumbnail>
        <thumbnail>https://www.thetvdb.com/banners/_cache/episodes/79173/304485.jpg</thumbnail>
        <animated_fanart></animated_fanart>
        <fanart>https://www.thetvdb.com/banners/_cache/episodes/79173/304485.jpg</fanart>
</item>

 <item>
        <title>The Three Stooges S03E07 - Whoops, I'm an Indian!</title>
        <meta>
                <content>episode</content>
                <imdb></imdb>
                <tvdb>79173</tvdb>
                <tvshowtitle>The Three Stooges</tvshowtitle>
                <year>1934</year>
                <title>Whoops, I'm an Indian!</title>
                <premiered>1936-09-11</premiered>
                <season>3</season>
                <episode>7</episode>
        </meta>
        <link>
		<sublink>search</sublink>
                <sublink>searchsd</sublink>
		<sublink>https://streamango.com/f/srnpnoqecpsfmcop/The_Three_Stooges_-_S_3_E_7_-_Whoops_I_m_an_Indian_mp4</sublink>
        </link>
        <animated_thumbnail></animated_thumbnail>
        <thumbnail>https://www.thetvdb.com/banners/_cache/episodes/79173/304486.jpg</thumbnail>
        <animated_fanart></animated_fanart>
        <fanart>https://www.thetvdb.com/banners/_cache/episodes/79173/304486.jpg</fanart>
</item>

 <item>
        <title>The Three Stooges S03E08 - Slippery Silks</title>
        <meta>
                <content>episode</content>
                <imdb></imdb>
                <tvdb>79173</tvdb>
                <tvshowtitle>The Three Stooges</tvshowtitle>
                <year>1934</year>
                <title>Slippery Silks</title>
                <premiered>1936-12-27</premiered>
                <season>3</season>
                <episode>8</episode>
        </meta>
        <link>
		<sublink>search</sublink>
                <sublink>searchsd</sublink>
		<sublink>https://streamango.com/f/eomeceabressqskr/The_Three_Stooges_S03E08_Slippery_Silks_mp4</sublink>
        </link>
        <animated_thumbnail></animated_thumbnail>
        <thumbnail>https://www.thetvdb.com/banners/_cache/episodes/79173/304487.jpg</thumbnail>
        <animated_fanart></animated_fanart>
        <fanart>https://www.thetvdb.com/banners/_cache/episodes/79173/304487.jpg</fanart>
</item>

 <item>
        <title>The Three Stooges S04E01 - Grips, Grunts and Groans</title>
        <meta>
                <content>episode</content>
                <imdb>tt0028960</imdb>
                <tvdb>79173</tvdb>
                <tvshowtitle>The Three Stooges</tvshowtitle>
                <year>1934</year>
                <title>Grips, Grunts and Groans</title>
                <premiered>1937-01-15</premiered>
                <season>4</season>
                <episode>1</episode>
        </meta>
        <link>
		<sublink>search</sublink>
                <sublink>searchsd</sublink>
		<sublink>https://streamango.com/f/tdrfqqqtccobtrdl/The_Three_Stooges_-_S_4_E_1_-_Grips_Grunts_and_Groans_mp4</sublink>
        </link>
        <animated_thumbnail></animated_thumbnail>
        <thumbnail>https://www.thetvdb.com/banners/_cache/episodes/79173/304488.jpg</thumbnail>
        <animated_fanart></animated_fanart>
        <fanart>https://www.thetvdb.com/banners/_cache/episodes/79173/304488.jpg</fanart>
</item>

 <item>
        <title>The Three Stooges S04E02 - Dizzy Doctors</title>
        <meta>
                <content>episode</content>
                <imdb></imdb>
                <tvdb>79173</tvdb>
                <tvshowtitle>The Three Stooges</tvshowtitle>
                <year>1934</year>
                <title>Dizzy Doctors</title>
                <premiered>1937-03-19</premiered>
                <season>4</season>
                <episode>2</episode>
        </meta>
        <link>
		<sublink>search</sublink>
                <sublink>searchsd</sublink>
		<sublink>https://streamango.com/f/kfqdrbndbkfbqnlo/The_Three_Stooges_-_S_4_E_2_-_Dizzy_Doctors_mp4</sublink>
        </link>
        <animated_thumbnail></animated_thumbnail>
        <thumbnail>https://www.thetvdb.com/banners/_cache/episodes/79173/304489.jpg</thumbnail>
        <animated_fanart></animated_fanart>
        <fanart>https://www.thetvdb.com/banners/_cache/episodes/79173/304489.jpg</fanart>
</item>

 <item>
        <title>The Three Stooges S04E03 - 3 Dumb Clucks</title>
        <meta>
                <content>episode</content>
                <imdb>tt0029665</imdb>
                <tvdb>79173</tvdb>
                <tvshowtitle>The Three Stooges</tvshowtitle>
                <year>1934</year>
                <title>3 Dumb Clucks</title>
                <premiered>1937-04-17</premiered>
                <season>4</season>
                <episode>3</episode>
        </meta>
        <link>
		<sublink>search</sublink>
                <sublink>searchsd</sublink>
		<sublink>https://streamango.com/f/pcsomfberrdqmaer/The_Three_Stooges_-_S_4_E_3_-_3_Dumb_Clucks_mp4</sublink>
        </link>
        <animated_thumbnail></animated_thumbnail>
        <thumbnail>https://www.thetvdb.com/banners/_cache/episodes/79173/304490.jpg</thumbnail>
        <animated_fanart></animated_fanart>
        <fanart>https://www.thetvdb.com/banners/_cache/episodes/79173/304490.jpg</fanart>
</item>

 <item>
        <title>The Three Stooges S04E04 - Back to the Woods</title>
        <meta>
                <content>episode</content>
                <imdb></imdb>
                <tvdb>79173</tvdb>
                <tvshowtitle>The Three Stooges</tvshowtitle>
                <year>1934</year>
                <title>Back to the Woods</title>
                <premiered>1937-05-15</premiered>
                <season>4</season>
                <episode>4</episode>
        </meta>
        <link>
		<sublink>search</sublink>
                <sublink>searchsd</sublink>
		<sublink>https://streamango.com/f/scrbnfpaqtrpabad/The_Three_Stooges_S04E04_Back_In_The_Woods_mp4</sublink>
        </link>
        <animated_thumbnail></animated_thumbnail>
        <thumbnail>https://www.thetvdb.com/banners/_cache/episodes/79173/304491.jpg</thumbnail>
        <animated_fanart></animated_fanart>
        <fanart>https://www.thetvdb.com/banners/_cache/episodes/79173/304491.jpg</fanart>
</item>

 <item>
        <title>The Three Stooges S04E05 - Goofs and Saddles</title>
        <meta>
                <content>episode</content>
                <imdb></imdb>
                <tvdb>79173</tvdb>
                <tvshowtitle>The Three Stooges</tvshowtitle>
                <year>1934</year>
                <title>Goofs and Saddles</title>
                <premiered>1937-07-02</premiered>
                <season>4</season>
                <episode>5</episode>
        </meta>
        <link>
		<sublink>search</sublink>
                <sublink>searchsd</sublink>
		<sublink>https://streamango.com/f/ldcletmqkmommman/The_Three_Stooges_S04E05_Goofs_And_Saddles_mp4</sublink>
        </link>
        <animated_thumbnail></animated_thumbnail>
        <thumbnail>https://www.thetvdb.com/banners/_cache/episodes/79173/304492.jpg</thumbnail>
        <animated_fanart></animated_fanart>
        <fanart>https://www.thetvdb.com/banners/_cache/episodes/79173/304492.jpg</fanart>
</item>

 <item>
        <title>The Three Stooges S04E06 - Cash and Carry</title>
        <meta>
                <content>episode</content>
                <imdb></imdb>
                <tvdb>79173</tvdb>
                <tvshowtitle>The Three Stooges</tvshowtitle>
                <year>1934</year>
                <title>Cash and Carry</title>
                <premiered>1937-09-03</premiered>
                <season>4</season>
                <episode>6</episode>
        </meta>
        <link>
		<sublink>search</sublink>
                <sublink>searchsd</sublink>
		<sublink>https://streamango.com/f/bdmqpfsnsmnokbcs/The_Three_Stooges_-_S_4_E_6_-_Cash_and_Carry_mp4</sublink>
        </link>
        <animated_thumbnail></animated_thumbnail>
        <thumbnail>https://www.thetvdb.com/banners/_cache/episodes/79173/304493.jpg</thumbnail>
        <animated_fanart></animated_fanart>
        <fanart>https://www.thetvdb.com/banners/_cache/episodes/79173/304493.jpg</fanart>
</item>

 <item>
        <title>The Three Stooges S04E07 - Playing the Ponies</title>
        <meta>
                <content>episode</content>
                <imdb></imdb>
                <tvdb>79173</tvdb>
                <tvshowtitle>The Three Stooges</tvshowtitle>
                <year>1934</year>
                <title>Playing the Ponies</title>
                <premiered>1937-10-15</premiered>
                <season>4</season>
                <episode>7</episode>
        </meta>
        <link>
		<sublink>search</sublink>
                <sublink>searchsd</sublink>
		<sublink>https://streamango.com/f/daqsrnbnrdsqcakn/The_Three_Stooges_S04E07_Playing_The_Ponies_mp4</sublink>
        </link>
        <animated_thumbnail></animated_thumbnail>
        <thumbnail>https://www.thetvdb.com/banners/_cache/episodes/79173/304494.jpg</thumbnail>
        <animated_fanart></animated_fanart>
        <fanart>https://www.thetvdb.com/banners/_cache/episodes/79173/304494.jpg</fanart>
</item>

 <item>
        <title>The Three Stooges S04E08 - The Sitter Downers</title>
        <meta>
                <content>episode</content>
                <imdb></imdb>
                <tvdb>79173</tvdb>
                <tvshowtitle>The Three Stooges</tvshowtitle>
                <year>1934</year>
                <title>The Sitter Downers</title>
                <premiered>1937-11-26</premiered>
                <season>4</season>
                <episode>8</episode>
        </meta>
        <link>
		<sublink>search</sublink>
                <sublink>searchsd</sublink>
		<sublink>https://streamango.com/f/bomfobrfkqtdaatm/The_Three_Stooges_S04E08_The_Sitter_Downers_mp4</sublink>
        </link>
        <animated_thumbnail></animated_thumbnail>
        <thumbnail>https://www.thetvdb.com/banners/_cache/episodes/79173/304487.jpg</thumbnail>
        <animated_fanart></animated_fanart>
        <fanart>https://www.thetvdb.com/banners/_cache/episodes/79173/304487.jpg</fanart>
</item>

 <item>
        <title>The Three Stooges S05E01 - Termites of 1938</title>
        <meta>
                <content>episode</content>
                <imdb></imdb>
                <tvdb>79173</tvdb>
                <tvshowtitle>The Three Stooges</tvshowtitle>
                <year>1934</year>
                <title>Termites of 1938</title>
                <premiered>1938-01-07</premiered>
                <season>5</season>
                <episode>1</episode>
        </meta>
        <link>
		<sublink>search</sublink>
                <sublink>searchsd</sublink>
		<sublink>https://streamango.com/f/ntmnkrlkreespakq/The_Three_Stooges_-_S_5_E_1_-_Termites_of_1938_mp4</sublink>
        </link>
        <animated_thumbnail></animated_thumbnail>
        <thumbnail>https://www.thetvdb.com/banners/_cache/episodes/79173/304496.jpg</thumbnail>
        <animated_fanart></animated_fanart>
        <fanart>https://www.thetvdb.com/banners/_cache/episodes/79173/304496.jpg</fanart>
</item>

 <item>
        <title>The Three Stooges S05E02 - Wee Wee Monsieur</title>
        <meta>
                <content>episode</content>
                <imdb></imdb>
                <tvdb>79173</tvdb>
                <tvshowtitle>The Three Stooges</tvshowtitle>
                <year>1934</year>
                <title>Wee Wee Monsieur</title>
                <premiered>1938-02-18</premiered>
                <season>5</season>
                <episode>2</episode>
        </meta>
        <link>
		<sublink>search</sublink>
                <sublink>searchsd</sublink>
		<sublink>https://streamango.com/f/kmqckmcdtkatqdfn/The_Three_Stooges_S05E02_Wee_Wee_Monsieur_mp4</sublink>
        </link>
        <animated_thumbnail></animated_thumbnail>
        <thumbnail>https://www.thetvdb.com/banners/_cache/episodes/79173/304497.jpg</thumbnail>
        <animated_fanart></animated_fanart>
        <fanart>https://www.thetvdb.com/banners/_cache/episodes/79173/304497.jpg</fanart>
</item>

 <item>
        <title>The Three Stooges S05E03 - Tassels in the Air</title>
        <meta>
                <content>episode</content>
                <imdb></imdb>
                <tvdb>79173</tvdb>
                <tvshowtitle>The Three Stooges</tvshowtitle>
                <year>1934</year>
                <title>Tassels in the Air</title>
                <premiered>1938-04-01</premiered>
                <season>5</season>
                <episode>3</episode>
        </meta>
        <link>
		<sublink>search</sublink>
                <sublink>searchsd</sublink>
		<sublink>https://streamango.com/f/mfbkqcfnkolktlek/The_Three_Stooges_-_S_5_E_3_-_Tassels_in_the_Air_mp4</sublink>
        </link>
        <animated_thumbnail></animated_thumbnail>
        <thumbnail>https://www.thetvdb.com/banners/_cache/episodes/79173/304498.jpg</thumbnail>
        <animated_fanart></animated_fanart>
        <fanart>https://www.thetvdb.com/banners/_cache/episodes/79173/304498.jpg</fanart>
</item>

 <item>
        <title>The Three Stooges S05E04 - Healthy, Wealthy and Dumb</title>
        <meta>
                <content>episode</content>
                <imdb></imdb>
                <tvdb>79173</tvdb>
                <tvshowtitle>The Three Stooges</tvshowtitle>
                <year>1934</year>
                <title>Healthy, Wealthy and Dumb</title>
                <premiered>1938-05-30</premiered>
                <season>5</season>
                <episode>4</episode>
        </meta>
        <link>
		<sublink>search</sublink>
                <sublink>searchsd</sublink>
		<sublink>https://streamango.com/f/lklebqcepndtneop/The_Three_Stooges_-_S_5_E_4_-_Healthy_Wealthy_and_Dumb_mp4</sublink>
        </link>
        <animated_thumbnail></animated_thumbnail>
        <thumbnail>https://www.thetvdb.com/banners/_cache/episodes/79173/304500.jpg</thumbnail>
        <animated_fanart></animated_fanart>
        <fanart>https://www.thetvdb.com/banners/_cache/episodes/79173/304500.jpg</fanart>
</item>

 <item>
        <title>The Three Stooges S05E05 - Violent is the Word for Curly</title>
        <meta>
                <content>episode</content>
                <imdb></imdb>
                <tvdb>79173</tvdb>
                <tvshowtitle>The Three Stooges</tvshowtitle>
                <year>1934</year>
                <title>Violent is the Word for Curly</title>
                <premiered>1938-07-02</premiered>
                <season>5</season>
                <episode>5</episode>
        </meta>
        <link>
		<sublink>search</sublink>
                <sublink>searchsd</sublink>
		<sublink>https://streamango.com/f/apkemakrpqtmfpce/The_Three_Stooges_-_S_5_E_5_-_Violent_is_the_Word_for_Curly_mp4</sublink>
        </link>
        <animated_thumbnail></animated_thumbnail>
        <thumbnail>https://www.thetvdb.com/banners/_cache/episodes/79173/304501.jpg</thumbnail>
        <animated_fanart></animated_fanart>
        <fanart>https://www.thetvdb.com/banners/_cache/episodes/79173/304501.jpg</fanart>
</item>

 <item>
        <title>The Three Stooges S05E06 - Three Missing Links</title>
        <meta>
                <content>episode</content>
                <imdb></imdb>
                <tvdb>79173</tvdb>
                <tvshowtitle>The Three Stooges</tvshowtitle>
                <year>1934</year>
                <title>Three Missing Links</title>
                <premiered>1938-07-29</premiered>
                <season>5</season>
                <episode>6</episode>
        </meta>
        <link>
		<sublink>search</sublink>
                <sublink>searchsd</sublink>
		<sublink>https://streamango.com/f/ofatfcnbrdskmeob/The_Three_Stooges_-_S_5_E_6_-_Three_Missing_Links_mp4</sublink>
        </link>
        <animated_thumbnail></animated_thumbnail>
        <thumbnail>https://www.thetvdb.com/banners/_cache/episodes/79173/304502.jpg</thumbnail>
        <animated_fanart></animated_fanart>
        <fanart>https://www.thetvdb.com/banners/_cache/episodes/79173/304502.jpg</fanart>
</item>

 <item>
        <title>The Three Stooges S05E07 - Mutts to You</title>
        <meta>
                <content>episode</content>
                <imdb></imdb>
                <tvdb>79173</tvdb>
                <tvshowtitle>The Three Stooges</tvshowtitle>
                <year>1934</year>
                <title>Mutts to You</title>
                <premiered>1938-10-14</premiered>
                <season>5</season>
                <episode>7</episode>
        </meta>
        <link>
		<sublink>search</sublink>
                <sublink>searchsd</sublink>
		<sublink>https://streamango.com/f/norptantnscbtnqm/The_Three_Stooges_S05E07_Mutts_To_You_mp4</sublink>
        </link>
        <animated_thumbnail></animated_thumbnail>
        <thumbnail>https://www.thetvdb.com/banners/_cache/episodes/79173/304503.jpg</thumbnail>
        <animated_fanart></animated_fanart>
        <fanart>https://www.thetvdb.com/banners/_cache/episodes/79173/304503.jpg</fanart>
</item>

 <item>
        <title>The Three Stooges S05E08 - Flat Foot Stooges</title>
        <meta>
                <content>episode</content>
                <imdb></imdb>
                <tvdb>79173</tvdb>
                <tvshowtitle>The Three Stooges</tvshowtitle>
                <year>1934</year>
                <title>Flat Foot Stooges</title>
                <premiered>1938-12-05</premiered>
                <season>5</season>
                <episode>8</episode>
        </meta>
        <link>
		<sublink>search</sublink>
                <sublink>searchsd</sublink>
		<sublink>https://streamango.com/f/pbcfllsrtpmrlrsp/The_Three_Stooges_-_S_5_E_8_-_Flat_Foot_Stooges_mp4</sublink>
        </link>
        <animated_thumbnail></animated_thumbnail>
        <thumbnail>https://www.thetvdb.com/banners/_cache/episodes/79173/304499.jpg</thumbnail>
        <animated_fanart></animated_fanart>
        <fanart>https://www.thetvdb.com/banners/_cache/episodes/79173/304499.jpg</fanart>
</item>
