########################
<poster>Seasons 6 - 10</poster>
<thumbnail></thumbnail>
<fanart></fanart>
########################

 <item>
        <title>The Three Stooges S06E01 - Three Little Sew and Sews</title>
        <meta>
                <content>episode</content>
                <imdb></imdb>
                <tvdb>79173</tvdb>
                <tvshowtitle>The Three Stooges</tvshowtitle>
                <year>1934</year>
                <title>Three Little Sew and Sews</title>
                <premiered>1939-01-06</premiered>
                <season>6</season>
                <episode>1</episode>
        </meta>
        <link>
		<sublink>search</sublink>
                <sublink>searchsd</sublink>
		<sublink>https://streamango.com/f/marsdnqocftbcenm/The_Three_Stooges_-_S_6_E_1_-_Three_Little_Sew_and_Sews_mp4</sublink>
        </link>
        <animated_thumbnail></animated_thumbnail>
        <thumbnail>https://www.thetvdb.com/banners/_cache/episodes/79173/304504.jpg</thumbnail>
        <animated_fanart></animated_fanart>
        <fanart>https://www.thetvdb.com/banners/_cache/episodes/79173/304504.jpg</fanart>
</item>

 <item>
        <title>The Three Stooges S06E02 - We Want Our Mummy</title>
        <meta>
                <content>episode</content>
                <imdb>tt0032116</imdb>
                <tvdb>79173</tvdb>
                <tvshowtitle>The Three Stooges</tvshowtitle>
                <year>1934</year>
                <title>We Want Our Mummy</title>
                <premiered>1939-02-24</premiered>
                <season>6</season>
                <episode>2</episode>
        </meta>
        <link>
		<sublink>search</sublink>
                <sublink>searchsd</sublink>
		<sublink>https://streamango.com/f/mdokofpamnlelcmd/The_Three_Stooges_-_S_6_E_2_-_We_Want_Our_Mummy_mp4</sublink>
        </link>
        <animated_thumbnail></animated_thumbnail>
        <thumbnail>https://www.thetvdb.com/banners/_cache/episodes/79173/304505.jpg</thumbnail>
        <animated_fanart></animated_fanart>
        <fanart>https://www.thetvdb.com/banners/_cache/episodes/79173/304505.jpg</fanart>
</item>

 <item>
        <title>The Three Stooges S06E03 - A Ducking They Did Go</title>
        <meta>
                <content>episode</content>
                <imdb>tt0025488</imdb>
                <tvdb>79173</tvdb>
                <tvshowtitle>The Three Stooges</tvshowtitle>
                <year>1934</year>
                <title>A Ducking They Did Go</title>
                <premiered>1939-04-07</premiered>
                <season>6</season>
                <episode>3</episode>
        </meta>
        <link>
		<sublink>search</sublink>
                <sublink>searchsd</sublink>
		<sublink>https://streamango.com/f/fclmdddlseacmstf/The_Three_Stooges_S06E03_A_Ducking_They_Did_Go_mp4</sublink>
        </link>
        <animated_thumbnail></animated_thumbnail>
        <thumbnail>https://www.thetvdb.com/banners/_cache/episodes/79173/304506.jpg</thumbnail>
        <animated_fanart></animated_fanart>
        <fanart>https://www.thetvdb.com/banners/_cache/episodes/79173/304506.jpg</fanart>
</item>

 <item>
        <title>The Three Stooges S06E04 - Yes, We Have No Bonanza</title>
        <meta>
                <content>episode</content>
                <imdb>tt0032150</imdb>
                <tvdb>79173</tvdb>
                <tvshowtitle>The Three Stooges</tvshowtitle>
                <year>1934</year>
                <title>Yes, We Have No Bonanza</title>
                <premiered>1939-05-19</premiered>
                <season>6</season>
                <episode>4</episode>
        </meta>
        <link>
		<sublink>search</sublink>
                <sublink>searchsd</sublink>
		<sublink>https://streamango.com/f/mbtdobfkmalfsfld/The_Three_Stooges_-_S_6_E_4_-_Yes_We_Have_No_Bonanza_mp4</sublink>
        </link>
        <animated_thumbnail></animated_thumbnail>
        <thumbnail>https://www.thetvdb.com/banners/_cache/episodes/79173/304507.jpg</thumbnail>
        <animated_fanart></animated_fanart>
        <fanart>https://www.thetvdb.com/banners/_cache/episodes/79173/304507.jpg</fanart>
</item>

 <item>
        <title>The Three Stooges S06E05 - Saved by the Belle</title>
        <meta>
                <content>episode</content>
                <imdb></imdb>
                <tvdb>79173</tvdb>
                <tvshowtitle>The Three Stooges</tvshowtitle>
                <year>1934</year>
                <title>Saved by the Belle</title>
                <premiered>1939-06-30</premiered>
                <season>6</season>
                <episode>5</episode>
        </meta>
        <link>
		<sublink>search</sublink>
                <sublink>searchsd</sublink>
		<sublink>https://streamango.com/f/oreposcbdbsafoqb/The_Three_Stooges_S06E05_Saved_By_The_Belle_mp4</sublink>
        </link>
        <animated_thumbnail></animated_thumbnail>
        <thumbnail>https://www.thetvdb.com/banners/_cache/episodes/79173/304508.jpg</thumbnail>
        <animated_fanart></animated_fanart>
        <fanart>https://www.thetvdb.com/banners/_cache/episodes/79173/304508.jpg</fanart>
</item>

 <item>
        <title>The Three Stooges S06E06 - Calling All Curs</title>
        <meta>
                <content>episode</content>
                <imdb></imdb>
                <tvdb>79173</tvdb>
                <tvshowtitle>The Three Stooges</tvshowtitle>
                <year>1934</year>
                <title>Calling All Curs</title>
                <premiered>1939-08-25</premiered>
                <season>6</season>
                <episode>6</episode>
        </meta>
        <link>
		<sublink>search</sublink>
                <sublink>searchsd</sublink>
		<sublink>https://streamango.com/f/epebsamafsoknoqf/The_Three_Stooges_S06E06_Calling_All_Curs_mp4</sublink>
        </link>
        <animated_thumbnail></animated_thumbnail>
        <thumbnail>https://www.thetvdb.com/banners/_cache/episodes/79173/304507.jpg</thumbnail>
        <animated_fanart></animated_fanart>
        <fanart>https://www.thetvdb.com/banners/_cache/episodes/79173/304507.jpg</fanart>
</item>

 <item>
        <title>The Three Stooges S06E07 - Oily to Bed, Oily to Rise</title>
        <meta>
                <content>episode</content>
                <imdb></imdb>
                <tvdb>79173</tvdb>
                <tvshowtitle>The Three Stooges</tvshowtitle>
                <year>1934</year>
                <title>Oily to Bed, Oily to Rise</title>
                <premiered>1939-10-06</premiered>
                <season>6</season>
                <episode>7</episode>
        </meta>
        <link>
		<sublink>search</sublink>
                <sublink>searchsd</sublink>
		<sublink>https://streamango.com/f/lfbssenqstattfqc/The_Three_Stooges_S06E07_Oily_To_Bed_Oily_To_Rise_mp4</sublink>
        </link>
        <animated_thumbnail></animated_thumbnail>
        <thumbnail>https://www.thetvdb.com/banners/_cache/episodes/79173/304510.jpg</thumbnail>
        <animated_fanart></animated_fanart>
        <fanart>https://www.thetvdb.com/banners/_cache/episodes/79173/304510.jpg</fanart>
</item>

 <item>
        <title>The Three Stooges S06E08 - Three Sappy People</title>
        <meta>
                <content>episode</content>
                <imdb></imdb>
                <tvdb>79173</tvdb>
                <tvshowtitle>The Three Stooges</tvshowtitle>
                <year>1934</year>
                <title>Three Sappy People</title>
                <premiered>1939-12-01</premiered>
                <season>6</season>
                <episode>8</episode>
        </meta>
        <link>
		<sublink>search</sublink>
                <sublink>searchsd</sublink>
		<sublink>https://streamango.com/f/cfdomkmstapsoftf/The_Three_Stooges_-_S_6_E_8_-_Three_Sappy_People_mp4</sublink>
        </link>
        <animated_thumbnail></animated_thumbnail>
        <thumbnail>https://www.thetvdb.com/banners/_cache/episodes/79173/304511.jpg</thumbnail>
        <animated_fanart></animated_fanart>
        <fanart>https://www.thetvdb.com/banners/_cache/episodes/79173/304511.jpg</fanart>
</item>

 <item>
        <title>The Three Stooges S07E01 - You Nazty Spy!</title>
        <meta>
                <content>episode</content>
                <imdb>tt0033281</imdb>
                <tvdb>79173</tvdb>
                <tvshowtitle>The Three Stooges</tvshowtitle>
                <year>1934</year>
                <title>You Nazty Spy!</title>
                <premiered>1940-01-19</premiered>
                <season>7</season>
                <episode>1</episode>
        </meta>
        <link>
		<sublink>search</sublink>
                <sublink>searchsd</sublink>
		<sublink>https://streamango.com/f/dldqlsdqmltsmsam/The_Three_Stooges_-_S_7_E_1_-_You_Natzy_Spy_mp4</sublink>
        </link>
        <animated_thumbnail></animated_thumbnail>
        <thumbnail>https://www.thetvdb.com/banners/_cache/episodes/79173/304512.jpg</thumbnail>
        <animated_fanart></animated_fanart>
        <fanart>https://www.thetvdb.com/banners/_cache/episodes/79173/304512.jpg</fanart>
</item>

 <item>
        <title>The Three Stooges S07E02 - Rockin' Through the Rockies</title>
        <meta>
                <content>episode</content>
                <imdb>tt0032995</imdb>
                <tvdb>79173</tvdb>
                <tvshowtitle>The Three Stooges</tvshowtitle>
                <year>1934</year>
                <title>Rockin' Through the Rockies</title>
                <premiered>1940-03-08</premiered>
                <season>7</season>
                <episode>2</episode>
        </meta>
        <link>
		<sublink>search</sublink>
                <sublink>searchsd</sublink>
		<sublink>https://streamango.com/f/lrmllmmotffsscab/The_Three_Stooges_S07E02_Rockin_Thru_The_Rockies_mp4</sublink>
        </link>
        <animated_thumbnail></animated_thumbnail>
        <thumbnail>https://www.thetvdb.com/banners/_cache/episodes/79173/304513.jpg</thumbnail>
        <animated_fanart></animated_fanart>
        <fanart>https://www.thetvdb.com/banners/_cache/episodes/79173/304513.jpg</fanart>
</item>

 <item>
        <title>The Three Stooges S07E03 - A Plumbing We Will Go</title>
        <meta>
                <content>episode</content>
                <imdb>tt0032917</imdb>
                <tvdb>79173</tvdb>
                <tvshowtitle>The Three Stooges</tvshowtitle>
                <year>1934</year>
                <title>A Plumbing We Will Go</title>
                <premiered>1940-04-19</premiered>
                <season>7</season>
                <episode>3</episode>
        </meta>
        <link>
		<sublink>search</sublink>
                <sublink>searchsd</sublink>
		<sublink>https://streamango.com/f/cmtdtammbqqbfqcb/The_Three_Stooges_-_S_7_E_3_-_A_Plumbing_We_Will_Go_mp4</sublink>
        </link>
        <animated_thumbnail></animated_thumbnail>
        <thumbnail>https://www.thetvdb.com/banners/_cache/episodes/79173/304514.jpg</thumbnail>
        <animated_fanart></animated_fanart>
        <fanart>https://www.thetvdb.com/banners/_cache/episodes/79173/304514.jpg</fanart>
</item>

 <item>
        <title>The Three Stooges S07E04 - Nutty but Nice</title>
        <meta>
                <content>episode</content>
                <imdb>tt0032855</imdb>
                <tvdb>79173</tvdb>
                <tvshowtitle>The Three Stooges</tvshowtitle>
                <year>1934</year>
                <title>Nutty but Nice</title>
                <premiered>1940-06-14</premiered>
                <season>7</season>
                <episode>4</episode>
        </meta>
        <link>
		<sublink>search</sublink>
                <sublink>searchsd</sublink>
		<sublink>https://streamango.com/f/qpmnrcemnstcofmd/The_Three_Stooges_-_S_7_E_4_-_Nutty_But_Nice_mp4</sublink>
        </link>
        <animated_thumbnail></animated_thumbnail>
        <thumbnail>https://www.thetvdb.com/banners/_cache/episodes/79173/304515.jpg</thumbnail>
        <animated_fanart></animated_fanart>
        <fanart>https://www.thetvdb.com/banners/_cache/episodes/79173/304515.jpg</fanart>
</item>

 <item>
        <title>The Three Stooges S07E05 - How High is Up?</title>
        <meta>
                <content>episode</content>
                <imdb>tt0032611</imdb>
                <tvdb>79173</tvdb>
                <tvshowtitle>The Three Stooges</tvshowtitle>
                <year>1934</year>
                <title>How High is Up?</title>
                <premiered>1940-07-26</premiered>
                <season>7</season>
                <episode>5</episode>
        </meta>
        <link>
		<sublink>search</sublink>
                <sublink>searchsd</sublink>
		<sublink>https://streamango.com/f/mfbasededfpdsdfk/The_Three_Stooges_S07E05_How_High_s_Up_mp4</sublink>
        </link>
        <animated_thumbnail></animated_thumbnail>
        <thumbnail>https://www.thetvdb.com/banners/_cache/episodes/79173/304516.jpg</thumbnail>
        <animated_fanart></animated_fanart>
        <fanart>https://www.thetvdb.com/banners/_cache/episodes/79173/304516.jpg</fanart>
</item>

 <item>
        <title>The Three Stooges S07E06 - From Nurse to Worse</title>
        <meta>
                <content>episode</content>
                <imdb>tt0032496</imdb>
                <tvdb>79173</tvdb>
                <tvshowtitle>The Three Stooges</tvshowtitle>
                <year>1934</year>
                <title>From Nurse to Worse</title>
                <premiered>1940-08-23</premiered>
                <season>7</season>
                <episode>6</episode>
        </meta>
        <link>
		<sublink>search</sublink>
                <sublink>searchsd</sublink>
		<sublink>https://streamango.com/f/okloddbqpoclmabs/The_Three_Stooges_-_S_7_E_6_-_From_Nurse_to_Worse_mp4</sublink>
        </link>
        <animated_thumbnail></animated_thumbnail>
        <thumbnail>https://www.thetvdb.com/banners/_cache/episodes/79173/304517.jpg</thumbnail>
        <animated_fanart></animated_fanart>
        <fanart>https://www.thetvdb.com/banners/_cache/episodes/79173/304517.jpg</fanart>
</item>

 <item>
        <title>The Three Stooges S07E07 - No Census, No Feeling</title>
        <meta>
                <content>episode</content>
                <imdb>tt0032845</imdb>
                <tvdb>79173</tvdb>
                <tvshowtitle>The Three Stooges</tvshowtitle>
                <year>1934</year>
                <title>No Census, No Feeling</title>
                <premiered>1940-10-04</premiered>
                <season>7</season>
                <episode>7</episode>
        </meta>
        <link>
		<sublink>search</sublink>
                <sublink>searchsd</sublink>
		<sublink>https://streamango.com/f/osqaaeqomlcsflor/The_Three_Stooges_-_S_7_E_7_-_No_Sensus_No_Feeling_mp4</sublink>
        </link>
        <animated_thumbnail></animated_thumbnail>
        <thumbnail>https://www.thetvdb.com/banners/_cache/episodes/79173/304518.jpg</thumbnail>
        <animated_fanart></animated_fanart>
        <fanart>https://www.thetvdb.com/banners/_cache/episodes/79173/304518.jpg</fanart>
</item>

 <item>
        <title>The Three Stooges S07E08 - Cuckoo Cavaliers</title>
        <meta>
                <content>episode</content>
                <imdb>tt0032371</imdb>
                <tvdb>79173</tvdb>
                <tvshowtitle>The Three Stooges</tvshowtitle>
                <year>1934</year>
                <title>Cuckoo Cavaliers</title>
                <premiered>1940-11-15</premiered>
                <season>7</season>
                <episode>8</episode>
        </meta>
        <link>
		<sublink>search</sublink>
                <sublink>searchsd</sublink>
		<sublink>https://www.youtube.com/watch?v=LbOrdqoJQEY</sublink>
        </link>
        <animated_thumbnail></animated_thumbnail>
        <thumbnail>https://www.thetvdb.com/banners/_cache/episodes/79173/304519.jpg</thumbnail>
        <animated_fanart></animated_fanart>
        <fanart>https://www.thetvdb.com/banners/_cache/episodes/79173/304519.jpg</fanart>
</item>

 <item>
        <title>The Three Stooges S07E09 - Boobs in Arms</title>
        <meta>
                <content>episode</content>
                <imdb>tt0032270</imdb>
                <tvdb>79173</tvdb>
                <tvshowtitle>The Three Stooges</tvshowtitle>
                <year>1934</year>
                <title>Boobs in Arms</title>
                <premiered>1940-12-27</premiered>
                <season>7</season>
                <episode>9</episode>
        </meta>
        <link>
		<sublink>search</sublink>
                <sublink>searchsd</sublink>
		<sublink>https://streamango.com/f/baaaqnossnnlmoae/The_Three_Stooges_S07E02_Boobs_n_Arms_mp4</sublink>
        </link>
        <animated_thumbnail></animated_thumbnail>
        <thumbnail>https://www.thetvdb.com/banners/_cache/episodes/79173/304520.jpg</thumbnail>
        <animated_fanart></animated_fanart>
        <fanart>https://www.thetvdb.com/banners/_cache/episodes/79173/304520.jpg</fanart>
</item>

 <item>
        <title>The Three Stooges S08E01 - So Long Mr. Chumps</title>
        <meta>
                <content>episode</content>
                <imdb></imdb>
                <tvdb>79173</tvdb>
                <tvshowtitle>The Three Stooges</tvshowtitle>
                <year>1934</year>
                <title>So Long Mr. Chumps</title>
                <premiered>1941-02-07</premiered>
                <season>8</season>
                <episode>1</episode>
        </meta>
        <link>
		<sublink>search</sublink>
                <sublink>searchsd</sublink>
		<sublink>https://streamango.com/f/cpodktaffecrdcnf/The_Three_Stooges_-_S_8_E_1_-_So_Long_Mr_Chumps_mp4</sublink>
        </link>
        <animated_thumbnail></animated_thumbnail>
        <thumbnail>https://www.thetvdb.com/banners/_cache/episodes/79173/304521.jpg</thumbnail>
        <animated_fanart></animated_fanart>
        <fanart>https://www.thetvdb.com/banners/_cache/episodes/79173/304521.jpg</fanart>
</item>

 <item>
        <title>The Three Stooges S08E02 - Dutiful but Dumb</title>
        <meta>
                <content>episode</content>
                <imdb></imdb>
                <tvdb>79173</tvdb>
                <tvshowtitle>The Three Stooges</tvshowtitle>
                <year>1934</year>
                <title>Dutiful but Dumb</title>
                <premiered>1941-03-21</premiered>
                <season>8</season>
                <episode>2</episode>
        </meta>
        <link>
		<sublink>search</sublink>
                <sublink>searchsd</sublink>
		<sublink>https://streamango.com/f/oqptbonapcqpqbcp/The_Three_Stooges_-_S_8_E_2_-_Duitful_but_Dumb_mp4</sublink>
        </link>
        <animated_thumbnail></animated_thumbnail>
        <thumbnail>https://www.thetvdb.com/banners/_cache/episodes/79173/304522.jpg</thumbnail>
        <animated_fanart></animated_fanart>
        <fanart>https://www.thetvdb.com/banners/_cache/episodes/79173/304522.jpg</fanart>
</item>

 <item>
        <title>The Three Stooges S08E03 - All the World's a Stooge</title>
        <meta>
                <content>episode</content>
                <imdb></imdb>
                <tvdb>79173</tvdb>
                <tvshowtitle>The Three Stooges</tvshowtitle>
                <year>1934</year>
                <title>All the World's a Stooge</title>
                <premiered>1941-05-16</premiered>
                <season>8</season>
                <episode>3</episode>
        </meta>
        <link>
		<sublink>search</sublink>
                <sublink>searchsd</sublink>
		<sublink>https://streamango.com/f/qlspfcrtnedoteok/The_Three_Stooges_S08E03_All_The_World_s_A_Stooge_mp4</sublink>
        </link>
        <animated_thumbnail></animated_thumbnail>
        <thumbnail>https://www.thetvdb.com/banners/_cache/episodes/79173/304523.jpg</thumbnail>
        <animated_fanart></animated_fanart>
        <fanart>https://www.thetvdb.com/banners/_cache/episodes/79173/304523.jpg</fanart>
</item>

 <item>
        <title>The Three Stooges S08E04 - I'll Never Heil Again</title>
        <meta>
                <content>episode</content>
                <imdb></imdb>
                <tvdb>79173</tvdb>
                <tvshowtitle>The Three Stooges</tvshowtitle>
                <year>1934</year>
                <title>I'll Never Heil Again</title>
                <premiered>1941-07-11</premiered>
                <season>8</season>
                <episode>4</episode>
        </meta>
        <link>
		<sublink>search</sublink>
                <sublink>searchsd</sublink>
		<sublink>https://streamango.com/f/eraecrkemmeempmn/The_Three_Stooges_S08E04_I_ll_Never_Heil_Again_mp4</sublink>
        </link>
        <animated_thumbnail></animated_thumbnail>
        <thumbnail>https://www.thetvdb.com/banners/_cache/episodes/79173/304524.jpg</thumbnail>
        <animated_fanart></animated_fanart>
        <fanart>https://www.thetvdb.com/banners/_cache/episodes/79173/304524.jpg</fanart>
</item>

 <item>
        <title>The Three Stooges S08E05 - An Ache in Every Stake</title>
        <meta>
                <content>episode</content>
                <imdb></imdb>
                <tvdb>79173</tvdb>
                <tvshowtitle>The Three Stooges</tvshowtitle>
                <year>1934</year>
                <title>An Ache in Every Stake</title>
                <premiered>1941-08-22</premiered>
                <season>8</season>
                <episode>5</episode>
        </meta>
        <link>
		<sublink>search</sublink>
                <sublink>searchsd</sublink>
		<sublink>https://streamango.com/f/sntaksmbebcdfkko/The_Three_Stooges_-_S_8_E_5_-_An_Ache_in_Every_Stake_mp4</sublink>
        </link>
        <animated_thumbnail></animated_thumbnail>
        <thumbnail>https://www.thetvdb.com/banners/_cache/episodes/79173/304525.jpg</thumbnail>
        <animated_fanart></animated_fanart>
        <fanart>https://www.thetvdb.com/banners/_cache/episodes/79173/304525.jpg</fanart>
</item>

 <item>
        <title>The Three Stooges S08E06 - In the Sweet Pie and Pie</title>
        <meta>
                <content>episode</content>
                <imdb></imdb>
                <tvdb>79173</tvdb>
                <tvshowtitle>The Three Stooges</tvshowtitle>
                <year>1934</year>
                <title>In the Sweet Pie and Pie</title>
                <premiered>1941-10-16</premiered>
                <season>8</season>
                <episode>6</episode>
        </meta>
        <link>
		<sublink>search</sublink>
                <sublink>searchsd</sublink>
		<sublink>https://streamango.com/f/pbpkdfclcbmrfopd/The_Three_Stooges_-_S_8_E_6_-_In_the_Sweet_Pie_and_Pie_mp4</sublink>
        </link>
        <animated_thumbnail></animated_thumbnail>
        <thumbnail>https://www.thetvdb.com/banners/_cache/episodes/79173/304526.jpg</thumbnail>
        <animated_fanart></animated_fanart>
        <fanart>https://www.thetvdb.com/banners/_cache/episodes/79173/304526.jpg</fanart>
</item>

 <item>
        <title>The Three Stooges S08E07 - Some More of Samoa</title>
        <meta>
                <content>episode</content>
                <imdb></imdb>
                <tvdb>79173</tvdb>
                <tvshowtitle>The Three Stooges</tvshowtitle>
                <year>1934</year>
                <title>Some More of Samoa</title>
                <premiered>1941-12-04</premiered>
                <season>8</season>
                <episode>7</episode>
        </meta>
        <link>
		<sublink>search</sublink>
                <sublink>searchsd</sublink>
		<sublink>https://streamango.com/f/soktanlkldqoacon/The_Three_Stooges_-_S_8_E_7_-_Some_More_of_Samoa_mp4</sublink>
        </link>
        <animated_thumbnail></animated_thumbnail>
        <thumbnail>https://www.thetvdb.com/banners/_cache/episodes/79173/304527.jpg</thumbnail>
        <animated_fanart></animated_fanart>
        <fanart>https://www.thetvdb.com/banners/_cache/episodes/79173/304527.jpg</fanart>
</item>

 <item>
        <title>The Three Stooges S09E01 - Loco Boy Makes Good</title>
        <meta>
                <content>episode</content>
                <imdb></imdb>
                <tvdb>79173</tvdb>
                <tvshowtitle>The Three Stooges</tvshowtitle>
                <year>1934</year>
                <title>Loco Boy Makes Good</title>
                <premiered>1942-01-08</premiered>
                <season>9</season>
                <episode>1</episode>
        </meta>
        <link>
		<sublink>search</sublink>
                <sublink>searchsd</sublink>
		<sublink>https://streamango.com/f/elblopqbmfsdlado/The_Three_Stooges_S09E01_Loco_Boy_Makes_Good_mp4</sublink>
        </link>
        <animated_thumbnail></animated_thumbnail>
        <thumbnail>https://www.thetvdb.com/banners/_cache/episodes/79173/304528.jpg</thumbnail>
        <animated_fanart></animated_fanart>
        <fanart>https://www.thetvdb.com/banners/_cache/episodes/79173/304528.jpg</fanart>
</item>

 <item>
        <title>The Three Stooges S09E02 - Cactus Makes Perfect</title>
        <meta>
                <content>episode</content>
                <imdb></imdb>
                <tvdb>79173</tvdb>
                <tvshowtitle>The Three Stooges</tvshowtitle>
                <year>1934</year>
                <title>Cactus Makes Perfect</title>
                <premiered>1942-02-26</premiered>
                <season>9</season>
                <episode>2</episode>
        </meta>
        <link>
		<sublink>search</sublink>
                <sublink>searchsd</sublink>
		<sublink>https://streamango.com/f/daaslkopenteammt/The_Three_Stooges_-_S_9_E_2_-_Cactus_Makes_Perfect_mp4</sublink>
        </link>
        <animated_thumbnail></animated_thumbnail>
        <thumbnail>https://www.thetvdb.com/banners/_cache/episodes/79173/304529.jpg</thumbnail>
        <animated_fanart></animated_fanart>
        <fanart>https://www.thetvdb.com/banners/_cache/episodes/79173/304529.jpg</fanart>
</item>

 <item>
        <title>The Three Stooges S09E03 - What's the Matador</title>
        <meta>
                <content>episode</content>
                <imdb>tt0029665</imdb>
                <tvdb>79173</tvdb>
                <tvshowtitle>The Three Stooges</tvshowtitle>
                <year>1934</year>
                <title>What's the Matador</title>
                <premiered>1942-04-23</premiered>
                <season>9</season>
                <episode>3</episode>
        </meta>
        <link>
		<sublink>search</sublink>
                <sublink>searchsd</sublink>
		<sublink>https://streamango.com/f/baapaeesasenntkl/The_Three_Stooges_S09E03_What_s_The_Matador_mp4</sublink>
        </link>
        <animated_thumbnail></animated_thumbnail>
        <thumbnail>https://www.thetvdb.com/banners/_cache/episodes/79173/304530.jpg</thumbnail>
        <animated_fanart></animated_fanart>
        <fanart>https://www.thetvdb.com/banners/_cache/episodes/79173/304530.jpg</fanart>
</item>

 <item>
        <title>The Three Stooges S09E04 - Matri-Phony</title>
        <meta>
                <content>episode</content>
                <imdb></imdb>
                <tvdb>79173</tvdb>
                <tvshowtitle>The Three Stooges</tvshowtitle>
                <year>1934</year>
                <title>Matri-Phony</title>
                <premiered>1942-07-02</premiered>
                <season>9</season>
                <episode>4</episode>
        </meta>
        <link>
		<sublink>search</sublink>
                <sublink>searchsd</sublink>
		<sublink>https://streamango.com/f/eobcfcrbeedtnrtt/The_Three_Stooges_-_S_9_E_4_-_Matri-Phony_mp4</sublink>
        </link>
        <animated_thumbnail></animated_thumbnail>
        <thumbnail>https://www.thetvdb.com/banners/_cache/episodes/79173/304531.jpg</thumbnail>
        <animated_fanart></animated_fanart>
        <fanart>https://www.thetvdb.com/banners/_cache/episodes/79173/304531.jpg</fanart>
</item>

 <item>
        <title>The Three Stooges S09E05 - Three Smart Saps</title>
        <meta>
                <content>episode</content>
                <imdb></imdb>
                <tvdb>79173</tvdb>
                <tvshowtitle>The Three Stooges</tvshowtitle>
                <year>1934</year>
                <title>Three Smart Saps</title>
                <premiered>1942-07-30</premiered>
                <season>9</season>
                <episode>5</episode>
        </meta>
        <link>
		<sublink>search</sublink>
                <sublink>searchsd</sublink>
		<sublink>https://streamango.com/f/bmdebstqenmfcasm/The_Three_Stooges_-_S_9_E_5_-_Three_Smart_Saps_mp4</sublink>
        </link>
        <animated_thumbnail></animated_thumbnail>
        <thumbnail>https://www.thetvdb.com/banners/_cache/episodes/79173/304532.jpg</thumbnail>
        <animated_fanart></animated_fanart>
        <fanart>https://www.thetvdb.com/banners/_cache/episodes/79173/304532.jpg</fanart>
</item>

 <item>
        <title>The Three Stooges S09E06 - Even as IOU</title>
        <meta>
                <content>episode</content>
                <imdb></imdb>
                <tvdb>79173</tvdb>
                <tvshowtitle>The Three Stooges</tvshowtitle>
                <year>1934</year>
                <title>Even as IOU</title>
                <premiered>1942-09-18</premiered>
                <season>9</season>
                <episode>6</episode>
        </meta>
        <link>
		<sublink>search</sublink>
                <sublink>searchsd</sublink>
		<sublink>https://streamango.com/f/bdefccbpkeknsblr/The_Three_Stooges_-_S_9_E_6_-_Even_As_I_O_U_mp4</sublink>
        </link>
        <animated_thumbnail></animated_thumbnail>
        <thumbnail>https://www.thetvdb.com/banners/_cache/episodes/79173/304533.jpg</thumbnail>
        <animated_fanart></animated_fanart>
        <fanart>https://www.thetvdb.com/banners/_cache/episodes/79173/304533.jpg</fanart>
</item>

 <item>
        <title>The Three Stooges S09E07 - Sock-a-Bye-Baby</title>
        <meta>
                <content>episode</content>
                <imdb></imdb>
                <tvdb>79173</tvdb>
                <tvshowtitle>The Three Stooges</tvshowtitle>
                <year>1934</year>
                <title>Sock-a-Bye-Baby</title>
                <premiered>1942-11-13</premiered>
                <season>9</season>
                <episode>7</episode>
        </meta>
        <link>
		<sublink>search</sublink>
                <sublink>searchsd</sublink>
		<sublink>https://streamango.com/f/mnobrlosodqqdbkn/The_Three_Stooges_-_S_9_E_7_-_Sock-A-Bye_Baby_mp4</sublink>
        </link>
        <animated_thumbnail></animated_thumbnail>
        <thumbnail>https://www.thetvdb.com/banners/_cache/episodes/79173/304534.jpg</thumbnail>
        <animated_fanart></animated_fanart>
        <fanart>https://www.thetvdb.com/banners/_cache/episodes/79173/304534.jpg</fanart>
</item>

 <item>
        <title>The Three Stooges S10E01 - They Stooge to Conga</title>
        <meta>
                <content>episode</content>
                <imdb></imdb>
                <tvdb>79173</tvdb>
                <tvshowtitle>The Three Stooges</tvshowtitle>
                <year>1934</year>
                <title>They Stooge to Conga</title>
                <premiered>1943-01-01</premiered>
                <season>10</season>
                <episode>1</episode>
        </meta>
        <link>
		<sublink>search</sublink>
                <sublink>searchsd</sublink>
		<sublink>https://streamango.com/f/faatqdfqtlfsmafp/The_Three_Stooges_S10E01_They_Stooge_To_Conga_mp4</sublink>
        </link>
        <animated_thumbnail></animated_thumbnail>
        <thumbnail>https://www.thetvdb.com/banners/_cache/episodes/79173/304535.jpg</thumbnail>
        <animated_fanart></animated_fanart>
        <fanart>https://www.thetvdb.com/banners/_cache/episodes/79173/304535.jpg</fanart>
</item>

 <item>
        <title>The Three Stooges S10E02 - Dizzy Detectives</title>
        <meta>
                <content>episode</content>
                <imdb></imdb>
                <tvdb>79173</tvdb>
                <tvshowtitle>The Three Stooges</tvshowtitle>
                <year>1934</year>
                <title>Dizzy Detectives</title>
                <premiered>1943-02-05</premiered>
                <season>10</season>
                <episode>2</episode>
        </meta>
        <link>
		<sublink>search</sublink>
                <sublink>searchsd</sublink>
		<sublink>https://streamango.com/f/dqfacafdqmoobbkq/The_Three_Stooges_-_S_10_E_2_-_Dizzy_Detectives_mp4</sublink>
        </link>
        <animated_thumbnail></animated_thumbnail>
        <thumbnail>https://www.thetvdb.com/banners/_cache/episodes/79173/304536.jpg</thumbnail>
        <animated_fanart></animated_fanart>
        <fanart>https://www.thetvdb.com/banners/_cache/episodes/79173/304536.jpg</fanart>
</item>

 <item>
        <title>The Three Stooges S10E03 - Spook Louder</title>
        <meta>
                <content>episode</content>
                <imdb></imdb>
                <tvdb>79173</tvdb>
                <tvshowtitle>The Three Stooges</tvshowtitle>
                <year>1934</year>
                <title>Spook Louder</title>
                <premiered>1943-04-02</premiered>
                <season>10</season>
                <episode>3</episode>
        </meta>
        <link>
		<sublink>search</sublink>
                <sublink>searchsd</sublink>
		<sublink>https://streamango.com/f/mrqndkkpperrobqs/The_Three_Stooges_-_S_10_E_3_-_Spook_Louder_mp4</sublink>
        </link>
        <animated_thumbnail></animated_thumbnail>
        <thumbnail>https://www.thetvdb.com/banners/_cache/episodes/79173/304537.jpg</thumbnail>
        <animated_fanart></animated_fanart>
        <fanart>https://www.thetvdb.com/banners/_cache/episodes/79173/304537.jpg</fanart>
</item>

 <item>
        <title>The Three Stooges S10E04 - Back from the Front</title>
        <meta>
                <content>episode</content>
                <imdb></imdb>
                <tvdb>79173</tvdb>
                <tvshowtitle>The Three Stooges</tvshowtitle>
                <year>1934</year>
                <title>Back from the Front</title>
                <premiered>1943-05-28</premiered>
                <season>10</season>
                <episode>4</episode>
        </meta>
        <link>
		<sublink>search</sublink>
                <sublink>searchsd</sublink>
		<sublink>https://streamango.com/f/pkrdlnefrcrtlalc/The_Three_Stooges_-_S_10_E_4_-_Back_From_the_Front_mp4</sublink>
        </link>
        <animated_thumbnail></animated_thumbnail>
        <thumbnail>https://www.thetvdb.com/banners/_cache/episodes/79173/304538.jpg</thumbnail>
        <animated_fanart></animated_fanart>
        <fanart>https://www.thetvdb.com/banners/_cache/episodes/79173/304538.jpg</fanart>
</item>

 <item>
        <title>The Three Stooges S10E05 - Three Little Twerps</title>
        <meta>
                <content>episode</content>
                <imdb></imdb>
                <tvdb>79173</tvdb>
                <tvshowtitle>The Three Stooges</tvshowtitle>
                <year>1934</year>
                <title>Three Little Twerps</title>
                <premiered>1943-07-09</premiered>
                <season>10</season>
                <episode>5</episode>
        </meta>
        <link>
		<sublink>search</sublink>
                <sublink>searchsd</sublink>
		<sublink>https://streamango.com/f/bptdsolqndltport/The_Three_Stooges_71_-_Three_Little_Twirps_1943_mp4</sublink>
        </link>
        <animated_thumbnail></animated_thumbnail>
        <thumbnail>https://www.thetvdb.com/banners/_cache/episodes/79173/304539.jpg</thumbnail>
        <animated_fanart></animated_fanart>
        <fanart>https://www.thetvdb.com/banners/_cache/episodes/79173/304539.jpg</fanart>
</item>

 <item>
        <title>The Three Stooges S10E06 - Higher Than a Kite</title>
        <meta>
                <content>episode</content>
                <imdb></imdb>
                <tvdb>79173</tvdb>
                <tvshowtitle>The Three Stooges</tvshowtitle>
                <year>1934</year>
                <title>Higher Than a Kite</title>
                <premiered>1943-07-30</premiered>
                <season>10</season>
                <episode>6</episode>
        </meta>
        <link>
		<sublink>search</sublink>
                <sublink>searchsd</sublink>
		<sublink>https://streamango.com/f/cdnenottqskrnaeo/The_Three_Stooges_S10E06_H_gher_Than_A_Kite_mp4</sublink>
        </link>
        <animated_thumbnail></animated_thumbnail>
        <thumbnail>https://www.thetvdb.com/banners/_cache/episodes/79173/304540.jpg</thumbnail>
        <animated_fanart></animated_fanart>
        <fanart>https://www.thetvdb.com/banners/_cache/episodes/79173/304540.jpg</fanart>
</item>

 <item>
        <title>The Three Stooges S10E07 - I Can Hardly Wait</title>
        <meta>
                <content>episode</content>
                <imdb></imdb>
                <tvdb>79173</tvdb>
                <tvshowtitle>The Three Stooges</tvshowtitle>
                <year>1934</year>
                <title>I Can Hardly Wait</title>
                <premiered>1943-08-13</premiered>
                <season>10</season>
                <episode>7</episode>
        </meta>
        <link>
		<sublink>search</sublink>
                <sublink>searchsd</sublink>
		<sublink>https://streamango.com/f/bsofndffbqccektp/The_Three_Stooges_S10E07_I_Can_Hardly_Wait_mp4</sublink>
        </link>
        <animated_thumbnail></animated_thumbnail>
        <thumbnail>https://www.thetvdb.com/banners/_cache/episodes/79173/304541.jpg</thumbnail>
        <animated_fanart></animated_fanart>
        <fanart>https://www.thetvdb.com/banners/_cache/episodes/79173/304541.jpg</fanart>
</item>

 <item>
        <title>The Three Stooges S10E08 - Dizzy Pilots</title>
        <meta>
                <content>episode</content>
                <imdb></imdb>
                <tvdb>79173</tvdb>
                <tvshowtitle>The Three Stooges</tvshowtitle>
                <year>1934</year>
                <title>Dizzy Pilots</title>
                <premiered>1943-09-24</premiered>
                <season>10</season>
                <episode>8</episode>
        </meta>
        <link>
		<sublink>search</sublink>
                <sublink>searchsd</sublink>
		<sublink>https://streamango.com/f/cqrkoklobrlekbrl/The_Three_Stooges_-_S_10_E_8_-_Dizzy_Pilots_mp4</sublink>
        </link>
        <animated_thumbnail></animated_thumbnail>
        <thumbnail>https://www.thetvdb.com/banners/_cache/episodes/79173/304542.jpg</thumbnail>
        <animated_fanart></animated_fanart>
        <fanart>https://www.thetvdb.com/banners/_cache/episodes/79173/304542.jpg</fanart>
</item>

 <item>
        <title>The Three Stooges S10E09 - Phony Express</title>
        <meta>
                <content>episode</content>
                <imdb></imdb>
                <tvdb>79173</tvdb>
                <tvshowtitle>The Three Stooges</tvshowtitle>
                <year>1934</year>
                <title>Phony Express</title>
                <premiered>1943-11-18</premiered>
                <season>10</season>
                <episode>9</episode>
        </meta>
        <link>
		<sublink>search</sublink>
                <sublink>searchsd</sublink>
		<sublink>https://streamango.com/f/ldbtoaafrodsspfs/The_Three_Stooges_-_S_10_E_9_-_Phony_Express_mp4</sublink>
        </link>
        <animated_thumbnail></animated_thumbnail>
        <thumbnail>https://www.thetvdb.com/banners/_cache/episodes/79173/304543.jpg</thumbnail>
        <animated_fanart></animated_fanart>
        <fanart>https://www.thetvdb.com/banners/_cache/episodes/79173/304543.jpg</fanart>
</item>

 <item>
        <title>The Three Stooges S10E10 - A Gem of a Jam</title>
        <meta>
                <content>episode</content>
                <imdb></imdb>
                <tvdb>79173</tvdb>
                <tvshowtitle>The Three Stooges</tvshowtitle>
                <year>1934</year>
                <title>A Gem of a Jam</title>
                <premiered>1943-11-30</premiered>
                <season>10</season>
                <episode>10</episode>
        </meta>
        <link>
		<sublink>search</sublink>
                <sublink>searchsd</sublink>
		<sublink>https://streamango.com/f/qlbmplqqneopbqml/The_Three_Stooges_-_S_10_E_10_-_A_Gem_of_a_Jam_mp4</sublink>
        </link>
        <animated_thumbnail></animated_thumbnail>
        <thumbnail>https://www.thetvdb.com/banners/_cache/episodes/79173/304544.jpg</thumbnail>
        <animated_fanart></animated_fanart>
        <fanart>https://www.thetvdb.com/banners/_cache/episodes/79173/304544.jpg</fanart>
</item>
