########################
<poster>Seasons 11 - 15</poster>
<thumbnail></thumbnail>
<fanart></fanart>
########################

 <item>
        <title>The Three Stooges S11E01 - Crash Goes the Hash</title>
        <meta>
                <content>episode</content>
                <imdb></imdb>
                <tvdb>79173</tvdb>
                <tvshowtitle>The Three Stooges</tvshowtitle>
                <year>1934</year>
                <title>Crash Goes the Hash</title>
                <premiered>1944-02-05</premiered>
                <season>11</season>
                <episode>1</episode>
        </meta>
        <link>
		<sublink>search</sublink>
                <sublink>searchsd</sublink>
		<sublink>https://streamango.com/f/ccptbfapfcneffrq/The_Three_Stooges_S11E01_Crash_Goes_The_Hash_mp4</sublink>
        </link>
        <animated_thumbnail></animated_thumbnail>
        <thumbnail>https://www.thetvdb.com/banners/_cache/episodes/79173/304545.jpg</thumbnail>
        <animated_fanart></animated_fanart>
        <fanart>https://www.thetvdb.com/banners/_cache/episodes/79173/304545.jpg</fanart>
</item>

 <item>
        <title>The Three Stooges S11E02 - Busy Buddies</title>
        <meta>
                <content>episode</content>
                <imdb></imdb>
                <tvdb>79173</tvdb>
                <tvshowtitle>The Three Stooges</tvshowtitle>
                <year>1934</year>
                <title>Busy Buddies</title>
                <premiered>1944-03-18</premiered>
                <season>11</season>
                <episode>2</episode>
        </meta>
        <link>
		<sublink>search</sublink>
                <sublink>searchsd</sublink>
		<sublink>https://streamango.com/f/ncoobtrqtpkofnon/The_Three_Stooges_-_S_11_E_2_-_Busy_Buddies_mp4</sublink>
        </link>
        <animated_thumbnail></animated_thumbnail>
        <thumbnail>https://www.thetvdb.com/banners/_cache/episodes/79173/304546.jpg</thumbnail>
        <animated_fanart></animated_fanart>
        <fanart>https://www.thetvdb.com/banners/_cache/episodes/79173/304546.jpg</fanart>
</item>

 <item>
        <title>The Three Stooges S11E03 - The Yoke's on Me</title>
        <meta>
                <content>episode</content>
                <imdb>tt0037474</imdb>
                <tvdb>79173</tvdb>
                <tvshowtitle>The Three Stooges</tvshowtitle>
                <year>1934</year>
                <title>The Yoke's on Me</title>
                <premiered>1944-05-26</premiered>
                <season>11</season>
                <episode>3</episode>
        </meta>
        <link>
		<sublink>search</sublink>
                <sublink>searchsd</sublink>
		<sublink>https://streamango.com/f/lanplbtnoracmkoa/The_Three_Stooges_S11E03_The_Yoke_s_On_Me_mp4</sublink>
        </link>
        <animated_thumbnail></animated_thumbnail>
        <thumbnail>https://www.thetvdb.com/banners/_cache/episodes/79173/304547.jpg</thumbnail>
        <animated_fanart></animated_fanart>
        <fanart>https://www.thetvdb.com/banners/_cache/episodes/79173/304547.jpg</fanart>
</item>

 <item>
        <title>The Three Stooges S11E04 - Idle Roomers</title>
        <meta>
                <content>episode</content>
                <imdb></imdb>
                <tvdb>79173</tvdb>
                <tvshowtitle>The Three Stooges</tvshowtitle>
                <year>1934</year>
                <title>Idle Roomers</title>
                <premiered>1944-07-16</premiered>
                <season>11</season>
                <episode>4</episode>
        </meta>
        <link>
		<sublink>search</sublink>
                <sublink>searchsd</sublink>
		<sublink>https://streamango.com/f/fosftdqrlkmedmld/The_Three_Stooges_S11E04_Idle_Roomers_mp4</sublink>
        </link>
        <animated_thumbnail></animated_thumbnail>
        <thumbnail>https://www.thetvdb.com/banners/_cache/episodes/79173/304548.jpg</thumbnail>
        <animated_fanart></animated_fanart>
        <fanart>https://www.thetvdb.com/banners/_cache/episodes/79173/304548.jpg</fanart>
</item>

 <item>
        <title>The Three Stooges S11E05 - Gents Without Cents</title>
        <meta>
                <content>episode</content>
                <imdb></imdb>
                <tvdb>79173</tvdb>
                <tvshowtitle>The Three Stooges</tvshowtitle>
                <year>1934</year>
                <title>Gents Without Cents</title>
                <premiered>1944-09-22</premiered>
                <season>11</season>
                <episode>5</episode>
        </meta>
        <link>
		<sublink>search</sublink>
                <sublink>searchsd</sublink>
		<sublink>https://streamango.com/f/brealrcrtbobppof/The_Three_Stooges_S11E05_Gents_Without_Cents_mp4</sublink>
        </link>
        <animated_thumbnail></animated_thumbnail>
        <thumbnail>https://www.thetvdb.com/banners/_cache/episodes/79173/304549.jpg</thumbnail>
        <animated_fanart></animated_fanart>
        <fanart>https://www.thetvdb.com/banners/_cache/episodes/79173/304549.jpg</fanart>
</item>

 <item>
        <title>The Three Stooges S11E06 - No Dough Boys</title>
        <meta>
                <content>episode</content>
                <imdb></imdb>
                <tvdb>79173</tvdb>
                <tvshowtitle>The Three Stooges</tvshowtitle>
                <year>1934</year>
                <title>No Dough Boys</title>
                <premiered>1944-11-24</premiered>
                <season>11</season>
                <episode>6</episode>
        </meta>
        <link>
		<sublink>search</sublink>
                <sublink>searchsd</sublink>
		<sublink>https://streamango.com/f/accpqlklselndmnk/The_Three_Stooges_S11E06_No_Dough_Boys_mp4</sublink>
        </link>
        <animated_thumbnail></animated_thumbnail>
        <thumbnail>https://www.thetvdb.com/banners/_cache/episodes/79173/304550.jpg</thumbnail>
        <animated_fanart></animated_fanart>
        <fanart>https://www.thetvdb.com/banners/_cache/episodes/79173/304550.jpg</fanart>
</item>

 <item>
        <title>The Three Stooges S12E01 - Three Pests in a Mess</title>
        <meta>
                <content>episode</content>
                <imdb>tt0026494</imdb>
                <tvdb>79173</tvdb>
                <tvshowtitle>The Three Stooges</tvshowtitle>
                <year>1934</year>
                <title>Three Pests in a Mess</title>
                <premiered>1945-01-19</premiered>
                <season>12</season>
                <episode>1</episode>
        </meta>
        <link>
		<sublink>search</sublink>
                <sublink>searchsd</sublink>
		<sublink>https://streamango.com/f/qddbotrtqdrfspmr/The_Three_Stooges_S12E01_Three_Pests_In_A_Mess_mp4</sublink>
        </link>
        <animated_thumbnail></animated_thumbnail>
        <thumbnail>https://www.thetvdb.com/banners/_cache/episodes/79173/304551.jpg</thumbnail>
        <animated_fanart></animated_fanart>
        <fanart>https://www.thetvdb.com/banners/_cache/episodes/79173/304551.jpg</fanart>
</item>

 <item>
        <title>The Three Stooges S12E02 - Booby Dupes</title>
        <meta>
                <content>episode</content>
                <imdb></imdb>
                <tvdb>79173</tvdb>
                <tvshowtitle>The Three Stooges</tvshowtitle>
                <year>1934</year>
                <title>Booby Dupes</title>
                <premiered>1945-03-17</premiered>
                <season>12</season>
                <episode>2</episode>
        </meta>
        <link>
		<sublink>search</sublink>
                <sublink>searchsd</sublink>
		<sublink>https://streamango.com/f/ddebccsqppplodll/The_Three_Stooges_-_S_12_E_2_-_Booby_Dupes_mp4</sublink>
        </link>
        <animated_thumbnail></animated_thumbnail>
        <thumbnail>https://www.thetvdb.com/banners/_cache/episodes/79173/304552.jpg</thumbnail>
        <animated_fanart></animated_fanart>
        <fanart>https://www.thetvdb.com/banners/_cache/episodes/79173/304552.jpg</fanart>
</item>

 <item>
        <title>The Three Stooges S12E03 - Idiots Deluxe</title>
        <meta>
                <content>episode</content>
                <imdb></imdb>
                <tvdb>79173</tvdb>
                <tvshowtitle>The Three Stooges</tvshowtitle>
                <year>1934</year>
                <title>Idiots Deluxe</title>
                <premiered>1945-07-20</premiered>
                <season>12</season>
                <episode>3</episode>
        </meta>
        <link>
		<sublink>search</sublink>
                <sublink>searchsd</sublink>
		<sublink>https://streamango.com/f/knornfbktscetmba/The_Three_Stooges_-_S_12_E_3_-_Idiots_Deluxe_mp4</sublink>
        </link>
        <animated_thumbnail></animated_thumbnail>
        <thumbnail>https://www.thetvdb.com/banners/_cache/episodes/79173/304553.jpg</thumbnail>
        <animated_fanart></animated_fanart>
        <fanart>https://www.thetvdb.com/banners/_cache/episodes/79173/304553.jpg</fanart>
</item>

 <item>
        <title>The Three Stooges S12E04 - If a Body Meets a Body</title>
        <meta>
                <content>episode</content>
                <imdb></imdb>
                <tvdb>79173</tvdb>
                <tvshowtitle>The Three Stooges</tvshowtitle>
                <year>1934</year>
                <title>If a Body Meets a Body</title>
                <premiered>1945-08-30</premiered>
                <season>12</season>
                <episode>4</episode>
        </meta>
        <link>
		<sublink>search</sublink>
                <sublink>searchsd</sublink>
		<sublink>https://streamango.com/f/klsdfsrdnqbprakf/The_Three_Stooges_S12E04_If_A_Body_Meets_A_Body_mp4</sublink>
        </link>
        <animated_thumbnail></animated_thumbnail>
        <thumbnail>https://www.thetvdb.com/banners/_cache/episodes/79173/304554.jpg</thumbnail>
        <animated_fanart></animated_fanart>
        <fanart>https://www.thetvdb.com/banners/_cache/episodes/79173/304554.jpg</fanart>
</item>

 <item>
        <title>The Three Stooges S12E05 - Micro-Phonies</title>
        <meta>
                <content>episode</content>
                <imdb>tt0037911</imdb>
                <tvdb>79173</tvdb>
                <tvshowtitle>The Three Stooges</tvshowtitle>
                <year>1934</year>
                <title>Micro-Phonies</title>
                <premiered>1945-11-15</premiered>
                <season>12</season>
                <episode>5</episode>
        </meta>
        <link>
		<sublink>search</sublink>
                <sublink>searchsd</sublink>
		<sublink>https://streamango.com/f/klccffclrkebomdd/The_Three_Stooges_mp4</sublink>
        </link>
        <animated_thumbnail></animated_thumbnail>
        <thumbnail>https://www.thetvdb.com/banners/_cache/episodes/79173/304555.jpg</thumbnail>
        <animated_fanart></animated_fanart>
        <fanart>https://www.thetvdb.com/banners/_cache/episodes/79173/304555.jpg</fanart>
</item>

 <item>
        <title>The Three Stooges S13E01 - Beer Barrel Polecats</title>
        <meta>
                <content>episode</content>
                <imdb></imdb>
                <tvdb>79173</tvdb>
                <tvshowtitle>The Three Stooges</tvshowtitle>
                <year>1934</year>
                <title>Beer Barrel Polecats</title>
                <premiered>1946-01-10</premiered>
                <season>13</season>
                <episode>1</episode>
        </meta>
        <link>
		<sublink>search</sublink>
                <sublink>searchsd</sublink>
		<sublink>https://streamango.com/f/pbqkkerfcofsnrkq/The_Three_Stooges_-_S_13_E_1_-_Beer_Barrel_Polecats_mp4</sublink>
        </link>
        <animated_thumbnail></animated_thumbnail>
        <thumbnail>https://www.thetvdb.com/banners/_cache/episodes/79173/304556.jpg</thumbnail>
        <animated_fanart></animated_fanart>
        <fanart>https://www.thetvdb.com/banners/_cache/episodes/79173/304556.jpg</fanart>
</item>

 <item>
        <title>The Three Stooges S13E02 - A Bird in the Head</title>
        <meta>
                <content>episode</content>
                <imdb></imdb>
                <tvdb>79173</tvdb>
                <tvshowtitle>The Three Stooges</tvshowtitle>
                <year>1934</year>
                <title>A Bird in the Head</title>
                <premiered>1946-02-28</premiered>
                <season>13</season>
                <episode>2</episode>
        </meta>
        <link>
		<sublink>search</sublink>
                <sublink>searchsd</sublink>
		<sublink>https://streamango.com/f/ktlstabdcqecsaok/The_Three_Stooges_-_S_13_E_2_-_A_Bird_in_the_Head_mp4</sublink>
        </link>
        <animated_thumbnail></animated_thumbnail>
        <thumbnail>https://www.thetvdb.com/banners/_cache/episodes/79173/304557.jpg</thumbnail>
        <animated_fanart></animated_fanart>
        <fanart>https://www.thetvdb.com/banners/_cache/episodes/79173/304557.jpg</fanart>
</item>

 <item>
        <title>The Three Stooges S13E03 - Uncivil War Birds</title>
        <meta>
                <content>episode</content>
                <imdb></imdb>
                <tvdb>79173</tvdb>
                <tvshowtitle>The Three Stooges</tvshowtitle>
                <year>1934</year>
                <title>Uncivil War Birds</title>
                <premiered>1946-03-29</premiered>
                <season>13</season>
                <episode>3</episode>
        </meta>
        <link>
		<sublink>search</sublink>
                <sublink>searchsd</sublink>
		<sublink>https://streamango.com/f/tadkfakttqdmmono/The_Three_Stooges_-_S_13_E_3_-_Uncivil_War_Birds_mp4</sublink>
        </link>
        <animated_thumbnail></animated_thumbnail>
        <thumbnail>https://www.thetvdb.com/banners/_cache/episodes/79173/304558.jpg</thumbnail>
        <animated_fanart></animated_fanart>
        <fanart>https://www.thetvdb.com/banners/_cache/episodes/79173/304558.jpg</fanart>
</item>

 <item>
        <title>The Three Stooges S13E04 - The Three Troubledoers</title>
        <meta>
                <content>episode</content>
                <imdb></imdb>
                <tvdb>79173</tvdb>
                <tvshowtitle>The Three Stooges</tvshowtitle>
                <year>1934</year>
                <title>The Three Troubledoers</title>
                <premiered>1946-04-25</premiered>
                <season>13</season>
                <episode>4</episode>
        </meta>
        <link>
		<sublink>search</sublink>
                <sublink>searchsd</sublink>
		<sublink>https://streamango.com/f/fmclnbkesblmknpn/The_Three_Stooges_S13E04_The_Three_Troubledoers_mp4</sublink>
        </link>
        <animated_thumbnail></animated_thumbnail>
        <thumbnail>https://www.thetvdb.com/banners/_cache/episodes/79173/304559.jpg</thumbnail>
        <animated_fanart></animated_fanart>
        <fanart>https://www.thetvdb.com/banners/_cache/episodes/79173/304559.jpg</fanart>
</item>

 <item>
        <title>The Three Stooges S13E05 - Monkey Businessmen</title>
        <meta>
                <content>episode</content>
                <imdb></imdb>
                <tvdb>79173</tvdb>
                <tvshowtitle>The Three Stooges</tvshowtitle>
                <year>1934</year>
                <title>Monkey Businessmen</title>
                <premiered>1946-06-20</premiered>
                <season>13</season>
                <episode>5</episode>
        </meta>
        <link>
		<sublink>search</sublink>
                <sublink>searchsd</sublink>
		<sublink>https://streamango.com/f/tfaplftbefetabta/The_Three_Stooges_S13E05_Monkey_Businessmen_mp4</sublink>
        </link>
        <animated_thumbnail></animated_thumbnail>
        <thumbnail>https://www.thetvdb.com/banners/_cache/episodes/79173/304560.jpg</thumbnail>
        <animated_fanart></animated_fanart>
        <fanart>https://www.thetvdb.com/banners/_cache/episodes/79173/304560.jpg</fanart>
</item>

 <item>
        <title>The Three Stooges S13E06 - Three Loan Wolves</title>
        <meta>
                <content>episode</content>
                <imdb></imdb>
                <tvdb>79173</tvdb>
                <tvshowtitle>The Three Stooges</tvshowtitle>
                <year>1934</year>
                <title>Three Loan Wolves</title>
                <premiered>1946-07-04</premiered>
                <season>13</season>
                <episode>6</episode>
        </meta>
        <link>
		<sublink>search</sublink>
                <sublink>searchsd</sublink>
		<sublink>https://streamango.com/f/qnkmelorlpromksa/The_Three_Stooges_-_S_13_E_6_-_Three_Loan_Wolves_mp4</sublink>
        </link>
        <animated_thumbnail></animated_thumbnail>
        <thumbnail>https://www.thetvdb.com/banners/_cache/episodes/79173/304561.jpg</thumbnail>
        <animated_fanart></animated_fanart>
        <fanart>https://www.thetvdb.com/banners/_cache/episodes/79173/304561.jpg</fanart>
</item>

 <item>
        <title>The Three Stooges S13E07 - G.I. Wanna Home</title>
        <meta>
                <content>episode</content>
                <imdb></imdb>
                <tvdb>79173</tvdb>
                <tvshowtitle>The Three Stooges</tvshowtitle>
                <year>1934</year>
                <title>G.I. Wanna Home</title>
                <premiered>1946-09-25</premiered>
                <season>13</season>
                <episode>7</episode>
        </meta>
        <link>
		<sublink>search</sublink>
                <sublink>searchsd</sublink>
		<sublink>https://streamango.com/f/msoqcelkckfnclmp/The_Three_Stooges_S13E07_G_I_Wanna_Home_mp4</sublink>
        </link>
        <animated_thumbnail></animated_thumbnail>
        <thumbnail>https://www.thetvdb.com/banners/_cache/episodes/79173/304562.jpg</thumbnail>
        <animated_fanart></animated_fanart>
        <fanart>https://www.thetvdb.com/banners/_cache/episodes/79173/304562.jpg</fanart>
</item>

 <item>
        <title>The Three Stooges S13E08 - Rhythm and Weep</title>
        <meta>
                <content>episode</content>
                <imdb></imdb>
                <tvdb>79173</tvdb>
                <tvshowtitle>The Three Stooges</tvshowtitle>
                <year>1934</year>
                <title>Rhythm and Weep</title>
                <premiered>1946-10-03</premiered>
                <season>13</season>
                <episode>8</episode>
        </meta>
        <link>
		<sublink>search</sublink>
                <sublink>searchsd</sublink>
		<sublink>https://streamango.com/f/tmraapqmrkmcsedl/The_Three_Stooges_S13E08_Rythm_And_Weep_mp4</sublink>
        </link>
        <animated_thumbnail></animated_thumbnail>
        <thumbnail>https://www.thetvdb.com/banners/_cache/episodes/79173/304563.jpg</thumbnail>
        <animated_fanart></animated_fanart>
        <fanart>https://www.thetvdb.com/banners/_cache/episodes/79173/304563.jpg</fanart>
</item>

 <item>
        <title>The Three Stooges S13E09 - Three Little Pirates</title>
        <meta>
                <content>episode</content>
                <imdb>tt0039027</imdb>
                <tvdb>79173</tvdb>
                <tvshowtitle>The Three Stooges</tvshowtitle>
                <year>1934</year>
                <title>Three Little Pirates</title>
                <premiered>1946-12-05</premiered>
                <season>13</season>
                <episode>9</episode>
        </meta>
        <link>
		<sublink>search</sublink>
                <sublink>searchsd</sublink>
		<sublink>https://streamango.com/f/rkptdelpdarkrsbt/The_Three_Stooges_-_S_13_E_9_-_Three_Little_Pirates_mp4</sublink>
        </link>
        <animated_thumbnail></animated_thumbnail>
        <thumbnail>https://www.thetvdb.com/banners/_cache/episodes/79173/304564.jpg</thumbnail>
        <animated_fanart></animated_fanart>
        <fanart>https://www.thetvdb.com/banners/_cache/episodes/79173/304564.jpg</fanart>
</item>

 <item>
        <title>The Three Stooges S14E01 - Half-Wits Holiday</title>
        <meta>
                <content>episode</content>
                <imdb>tt0039444</imdb>
                <tvdb>79173</tvdb>
                <tvshowtitle>The Three Stooges</tvshowtitle>
                <year>1934</year>
                <title>Half-Wits Holiday</title>
                <premiered>1947-01-09</premiered>
                <season>14</season>
                <episode>1</episode>
        </meta>
        <link>
		<sublink>search</sublink>
                <sublink>searchsd</sublink>
		<sublink>https://streamango.com/f/rttnqkfqoealbodc/The_Three_Stooges_S14E01_Half_Wits_Holiday_mp4</sublink>
        </link>
        <animated_thumbnail></animated_thumbnail>
        <thumbnail>https://www.thetvdb.com/banners/_cache/episodes/79173/304565.jpg</thumbnail>
        <animated_fanart></animated_fanart>
        <fanart>https://www.thetvdb.com/banners/_cache/episodes/79173/304565.jpg</fanart>
</item>

 <item>
        <title>The Three Stooges S14E02 - Fright Night</title>
        <meta>
                <content>episode</content>
                <imdb></imdb>
                <tvdb>79173</tvdb>
                <tvshowtitle>The Three Stooges</tvshowtitle>
                <year>1934</year>
                <title>Fright Night</title>
                <premiered>1947-03-06</premiered>
                <season>14</season>
                <episode>2</episode>
        </meta>
        <link>
		<sublink>search</sublink>
                <sublink>searchsd</sublink>
		<sublink>https://streamango.com/f/prrlnptpdtlocfps/The_Three_Stooges_-_S_14_E_2_-_Fright_Night_mp4</sublink>
        </link>
        <animated_thumbnail></animated_thumbnail>
        <thumbnail>https://www.thetvdb.com/banners/_cache/episodes/79173/304566.jpg</thumbnail>
        <animated_fanart></animated_fanart>
        <fanart>https://www.thetvdb.com/banners/_cache/episodes/79173/304566.jpg</fanart>
</item>

 <item>
        <title>The Three Stooges S14E03 - Out West</title>
        <meta>
                <content>episode</content>
                <imdb></imdb>
                <tvdb>79173</tvdb>
                <tvshowtitle>The Three Stooges</tvshowtitle>
                <year>1934</year>
                <title>Out West</title>
                <premiered>1947-04-24</premiered>
                <season>14</season>
                <episode>3</episode>
        </meta>
        <link>
		<sublink>search</sublink>
                <sublink>searchsd</sublink>
		<sublink>https://streamango.com/f/bqcbapmfkadeqnkc/The_Three_Stooges_-_S_14_E_3_-_Out_West_mp4</sublink>
        </link>
        <animated_thumbnail></animated_thumbnail>
        <thumbnail>https://www.thetvdb.com/banners/_cache/episodes/79173/304567.jpg</thumbnail>
        <animated_fanart></animated_fanart>
        <fanart>https://www.thetvdb.com/banners/_cache/episodes/79173/304567.jpg</fanart>
</item>

 <item>
        <title>The Three Stooges S14E04 - Hold That Lion!</title>
        <meta>
                <content>episode</content>
                <imdb></imdb>
                <tvdb>79173</tvdb>
                <tvshowtitle>The Three Stooges</tvshowtitle>
                <year>1934</year>
                <title>Hold That Lion!</title>
                <premiered>1947-07-17</premiered>
                <season>14</season>
                <episode>4</episode>
        </meta>
        <link>
		<sublink>search</sublink>
                <sublink>searchsd</sublink>
		<sublink>https://streamango.com/f/cotrkembakectdkl/The_Three_Stooges_-_S_14_E_4_-_Hold_That_Lion_mp4</sublink>
        </link>
        <animated_thumbnail></animated_thumbnail>
        <thumbnail>https://www.thetvdb.com/banners/_cache/episodes/79173/304568.jpg</thumbnail>
        <animated_fanart></animated_fanart>
        <fanart>https://www.thetvdb.com/banners/_cache/episodes/79173/304568.jpg</fanart>
</item>

 <item>
        <title>The Three Stooges S14E05 - Brideless Groom</title>
        <meta>
                <content>episode</content>
                <imdb></imdb>
                <tvdb>79173</tvdb>
                <tvshowtitle>The Three Stooges</tvshowtitle>
                <year>1934</year>
                <title>Brideless Groom</title>
                <premiered>1947-09-11</premiered>
                <season>14</season>
                <episode>5</episode>
        </meta>
        <link>
		<sublink>search</sublink>
                <sublink>searchsd</sublink>
		<sublink>https://streamango.com/f/ffmomtskobpdstek/The_Three_Stooges_S14E05_Brideless_Groom_mp4</sublink>
        </link>
        <animated_thumbnail></animated_thumbnail>
        <thumbnail>https://www.thetvdb.com/banners/_cache/episodes/79173/304569.jpg</thumbnail>
        <animated_fanart></animated_fanart>
        <fanart>https://www.thetvdb.com/banners/_cache/episodes/79173/304569.jpg</fanart>
</item>

 <item>
        <title>The Three Stooges S14E06 - Sing a Song of Six Pants</title>
        <meta>
                <content>episode</content>
                <imdb>tt0039828</imdb>
                <tvdb>79173</tvdb>
                <tvshowtitle>The Three Stooges</tvshowtitle>
                <year>1934</year>
                <title>Sing a Song of Six Pants</title>
                <premiered>1947-10-30</premiered>
                <season>14</season>
                <episode>6</episode>
        </meta>
        <link>
		<sublink>search</sublink>
                <sublink>searchsd</sublink>
		<sublink>https://streamango.com/f/kemqannlkpmemefq/The_Three_Stooges_S14E06_Sing_A_Song_Of_Six_Pants_mp4</sublink>
        </link>
        <animated_thumbnail></animated_thumbnail>
        <thumbnail>https://www.thetvdb.com/banners/_cache/episodes/79173/304570.jpg</thumbnail>
        <animated_fanart></animated_fanart>
        <fanart>https://www.thetvdb.com/banners/_cache/episodes/79173/304570.jpg</fanart>
</item>

 <item>
        <title>The Three Stooges S14E07 - All Gummed Up</title>
        <meta>
                <content>episode</content>
                <imdb></imdb>
                <tvdb>79173</tvdb>
                <tvshowtitle>The Three Stooges</tvshowtitle>
                <year>1934</year>
                <title>All Gummed Up</title>
                <premiered>1947-12-18</premiered>
                <season>14</season>
                <episode>7</episode>
        </meta>
        <link>
		<sublink>search</sublink>
                <sublink>searchsd</sublink>
		<sublink>https://streamango.com/f/ceqqaosddqsmstbr/The_Three_Stooges_S14E07_All_Gummed_Up_mp4</sublink>
        </link>
        <animated_thumbnail></animated_thumbnail>
        <thumbnail>https://www.thetvdb.com/banners/_cache/episodes/79173/304571.jpg</thumbnail>
        <animated_fanart></animated_fanart>
        <fanart>https://www.thetvdb.com/banners/_cache/episodes/79173/304571.jpg</fanart>
</item>

 <item>
        <title>The Three Stooges S15E01 - Shivering Sherlocks</title>
        <meta>
                <content>episode</content>
                <imdb></imdb>
                <tvdb>79173</tvdb>
                <tvshowtitle>The Three Stooges</tvshowtitle>
                <year>1934</year>
                <title>Shivering Sherlocks</title>
                <premiered>1948-01-08</premiered>
                <season>15</season>
                <episode>1</episode>
        </meta>
        <link>
		<sublink>search</sublink>
                <sublink>searchsd</sublink>
		<sublink>https://streamango.com/f/ppablfksckplrtcl/The_Three_Stooges_-_S_15_E_1_-_Shivering_Sherlocks_mp4</sublink>
        </link>
        <animated_thumbnail></animated_thumbnail>
        <thumbnail>https://www.thetvdb.com/banners/_cache/episodes/79173/304572.jpg</thumbnail>
        <animated_fanart></animated_fanart>
        <fanart>https://www.thetvdb.com/banners/_cache/episodes/79173/304572.jpg</fanart>
</item>

 <item>
        <title>The Three Stooges S15E02 - Pardon My Clutch</title>
        <meta>
                <content>episode</content>
                <imdb></imdb>
                <tvdb>79173</tvdb>
                <tvshowtitle>The Three Stooges</tvshowtitle>
                <year>1934</year>
                <title>Pardon My Clutch</title>
                <premiered>1948-02-26</premiered>
                <season>15</season>
                <episode>2</episode>
        </meta>
        <link>
		<sublink>search</sublink>
                <sublink>searchsd</sublink>
		<sublink>https://streamango.com/f/epoqfslrdlectkar/The_Three_Stooges_S15E02_Pardon_My_Clutch_mp4</sublink>
        </link>
        <animated_thumbnail></animated_thumbnail>
        <thumbnail>https://www.thetvdb.com/banners/_cache/episodes/79173/304573.jpg</thumbnail>
        <animated_fanart></animated_fanart>
        <fanart>https://www.thetvdb.com/banners/_cache/episodes/79173/304573.jpg</fanart>
</item>

 <item>
        <title>The Three Stooges S15E03 - Squareheads of the Round Table</title>
        <meta>
                <content>episode</content>
                <imdb></imdb>
                <tvdb>79173</tvdb>
                <tvshowtitle>The Three Stooges</tvshowtitle>
                <year>1934</year>
                <title>Squareheads of the Round Table</title>
                <premiered>1948-03-04</premiered>
                <season>15</season>
                <episode>3</episode>
        </meta>
        <link>
		<sublink>search</sublink>
                <sublink>searchsd</sublink>
		<sublink>https://streamango.com/f/cqermoamfoakpmbd/The_Three_Stooges_S15E03_Squareheads_Of_The_Round_Table_mp4</sublink>
        </link>
        <animated_thumbnail></animated_thumbnail>
        <thumbnail>https://www.thetvdb.com/banners/_cache/episodes/79173/304574.jpg</thumbnail>
        <animated_fanart></animated_fanart>
        <fanart>https://www.thetvdb.com/banners/_cache/episodes/79173/304574.jpg</fanart>
</item>

 <item>
        <title>The Three Stooges S15E04 - Fiddlers Three</title>
        <meta>
                <content>episode</content>
                <imdb></imdb>
                <tvdb>79173</tvdb>
                <tvshowtitle>The Three Stooges</tvshowtitle>
                <year>1934</year>
                <title>Fiddlers Three</title>
                <premiered>1948-05-06</premiered>
                <season>15</season>
                <episode>4</episode>
        </meta>
        <link>
		<sublink>search</sublink>
                <sublink>searchsd</sublink>
		<sublink>https://streamango.com/f/tmnqbpteqfnnlrfb/The_Three_Stooges_-_S_15_E_4_-_Fiddlers_Three_mp4</sublink>
        </link>
        <animated_thumbnail></animated_thumbnail>
        <thumbnail>https://www.thetvdb.com/banners/_cache/episodes/79173/304575.jpg</thumbnail>
        <animated_fanart></animated_fanart>
        <fanart>https://www.thetvdb.com/banners/_cache/episodes/79173/304575.jpg</fanart>
</item>

 <item>
        <title>The Three Stooges S15E05 - The Hot Scots</title>
        <meta>
                <content>episode</content>
                <imdb></imdb>
                <tvdb>79173</tvdb>
                <tvshowtitle>The Three Stooges</tvshowtitle>
                <year>1934</year>
                <title>The Hot Scots</title>
                <premiered>1948-07-08</premiered>
                <season>15</season>
                <episode>5</episode>
        </meta>
        <link>
		<sublink>search</sublink>
                <sublink>searchsd</sublink>
		<sublink>https://streamango.com/f/sdptqmoqeassbonn/The_Three_Stooges_-_S_15_E_5_-_The_Hot_Scots_mp4</sublink>
        </link>
        <animated_thumbnail></animated_thumbnail>
        <thumbnail>https://www.thetvdb.com/banners/_cache/episodes/79173/304576.jpg</thumbnail>
        <animated_fanart></animated_fanart>
        <fanart>https://www.thetvdb.com/banners/_cache/episodes/79173/304576.jpg</fanart>
</item>

 <item>
        <title>The Three Stooges S15E06 - Heavenly Daze</title>
        <meta>
                <content>episode</content>
                <imdb></imdb>
                <tvdb>79173</tvdb>
                <tvshowtitle>The Three Stooges</tvshowtitle>
                <year>1934</year>
                <title>Heavenly Daze</title>
                <premiered>1948-09-02</premiered>
                <season>15</season>
                <episode>6</episode>
        </meta>
        <link>
		<sublink>search</sublink>
                <sublink>searchsd</sublink>
		<sublink>https://streamango.com/f/ebsrapdkknqlecnf/The_Three_Stooges_S15E06_Heavenly_Daze_mp4</sublink>
        </link>
        <animated_thumbnail></animated_thumbnail>
        <thumbnail>https://www.thetvdb.com/banners/_cache/episodes/79173/304577.jpg</thumbnail>
        <animated_fanart></animated_fanart>
        <fanart>https://www.thetvdb.com/banners/_cache/episodes/79173/304577.jpg</fanart>
</item>

 <item>
        <title>The Three Stooges S15E07 - I'm a Monkey's Uncle</title>
        <meta>
                <content>episode</content>
                <imdb></imdb>
                <tvdb>79173</tvdb>
                <tvshowtitle>The Three Stooges</tvshowtitle>
                <year>1934</year>
                <title>I'm a Monkey's Uncle</title>
                <premiered>1948-10-07</premiered>
                <season>15</season>
                <episode>7</episode>
        </meta>
        <link>
		<sublink>search</sublink>
                <sublink>searchsd</sublink>
		<sublink>https://streamango.com/f/apalcpbrmbocpnob/The_Three_Stooges_-_S_15_E_7_-_I_m_a_Monkey_s_Uncle_mp4</sublink>
        </link>
        <animated_thumbnail></animated_thumbnail>
        <thumbnail>https://www.thetvdb.com/banners/_cache/episodes/79173/304578.jpg</thumbnail>
        <animated_fanart></animated_fanart>
        <fanart>https://www.thetvdb.com/banners/_cache/episodes/79173/304578.jpg</fanart>
</item>

 <item>
        <title>The Three Stooges S15E08 - Mummy's Dummies</title>
        <meta>
                <content>episode</content>
                <imdb></imdb>
                <tvdb>79173</tvdb>
                <tvshowtitle>The Three Stooges</tvshowtitle>
                <year>1934</year>
                <title>Mummy's Dummies</title>
                <premiered>1948-10-04</premiered>
                <season>15</season>
                <episode>8</episode>
        </meta>
        <link>
		<sublink>search</sublink>
                <sublink>searchsd</sublink>
		<sublink>https://streamango.com/f/cfnrpmsdbdckodbf/The_Three_Stooges_-_S_15_E_8_-_Mommy_s_Dummies_mp4</sublink>
        </link>
        <animated_thumbnail></animated_thumbnail>
        <thumbnail>https://www.thetvdb.com/banners/_cache/episodes/79173/304579.jpg</thumbnail>
        <animated_fanart></animated_fanart>
        <fanart>https://www.thetvdb.com/banners/_cache/episodes/79173/304579.jpg</fanart>
</item>

 <item>
        <title>The Three Stooges S15E09 - Crime on Their Hands</title>
        <meta>
                <content>episode</content>
                <imdb></imdb>
                <tvdb>79173</tvdb>
                <tvshowtitle>The Three Stooges</tvshowtitle>
                <year>1934</year>
                <title>Crime on Their Hands</title>
                <premiered>1948-12-09</premiered>
                <season>15</season>
                <episode>9</episode>
        </meta>
        <link>
		<sublink>search</sublink>
                <sublink>searchsd</sublink>
		<sublink>https://streamango.com/f/lpcataoamndkeslq/The_Three_Stooges_-_S_15_E_9_-_Crime_on_Their_Hands_mp4</sublink>
        </link>
        <animated_thumbnail></animated_thumbnail>
        <thumbnail>https://www.thetvdb.com/banners/_cache/episodes/79173/304580.jpg</thumbnail>
        <animated_fanart></animated_fanart>
        <fanart>https://www.thetvdb.com/banners/_cache/episodes/79173/304580.jpg</fanart>
</item>

