########################
<poster>Season 1</poster>
<thumbnail></thumbnail>
<fanart></fanart>
########################

 <item>
        <title>Green Acres S01E01 - Oliver Buys A Farm</title>
        <meta>
                <content>episode</content>
                <imdb></imdb>
                <tvdb>78101</tvdb>
                <tvshowtitle>Green Acres</tvshowtitle>
                <year>1965</year>
                <title>Oliver Buys A Farm</title>
                <premiered>1965-09-15</premiered>
                <season>1</season>
                <episode>1</episode>
        </meta>
        <link>
		<sublink>search</sublink>
                <sublink>searchsd</sublink>
        </link>
        <animated_thumbnail></animated_thumbnail>
        <thumbnail>https://www.thetvdb.com/banners/_cache/posters/78101-4.jpg</thumbnail>
        <animated_fanart></animated_fanart>
        <fanart>https://www.thetvdb.com/banners/_cache/fanart/original/78101-4.jpg</fanart>
</item>

 <item>
        <title>Green Acres S01E02 - Lisa's First Day on the Farm</title>
        <meta>
                <content>episode</content>
                <imdb></imdb>
                <tvdb>78101</tvdb>
                <tvshowtitle>Green Acres</tvshowtitle>
                <year>1965</year>
                <title>Lisa's First Day on the Farm</title>
                <premiered>1965-09-22</premiered>
                <season>1</season>
                <episode>2</episode>
        </meta>
        <link>
		<sublink>search</sublink>
                <sublink>searchsd</sublink>
        </link>
        <animated_thumbnail></animated_thumbnail>
        <thumbnail>https://www.thetvdb.com/banners/_cache/posters/78101-4.jpg</thumbnail>
        <animated_fanart></animated_fanart>
        <fanart>https://www.thetvdb.com/banners/_cache/fanart/original/78101-4.jpg</fanart>
</item>

 <item>
        <title>Green Acres S01E03 - The Decorator</title>
        <meta>
                <content>episode</content>
                <imdb></imdb>
                <tvdb>78101</tvdb>
                <tvshowtitle>Green Acres</tvshowtitle>
                <year>1965</year>
                <title>The Decorator</title>
                <premiered>1965-09-29</premiered>
                <season>1</season>
                <episode>3</episode>
        </meta>
        <link>
		<sublink>search</sublink>
                <sublink>searchsd</sublink>
        </link>
        <animated_thumbnail></animated_thumbnail>
        <thumbnail>https://www.thetvdb.com/banners/_cache/posters/78101-4.jpg</thumbnail>
        <animated_fanart></animated_fanart>
        <fanart>https://www.thetvdb.com/banners/_cache/fanart/original/78101-4.jpg</fanart>
</item>

 <item>
        <title>Green Acres S01E04 - The Best Laid Plans</title>
        <meta>
                <content>episode</content>
                <imdb></imdb>
                <tvdb>78101</tvdb>
                <tvshowtitle>Green Acres</tvshowtitle>
                <year>1965</year>
                <title>The Best Laid Plans</title>
                <premiered>1965-10-06</premiered>
                <season>1</season>
                <episode>4</episode>
        </meta>
        <link>
		<sublink>search</sublink>
                <sublink>searchsd</sublink>
        </link>
        <animated_thumbnail></animated_thumbnail>
        <thumbnail>https://www.thetvdb.com/banners/_cache/posters/78101-4.jpg</thumbnail>
        <animated_fanart></animated_fanart>
        <fanart>https://www.thetvdb.com/banners/_cache/fanart/original/78101-4.jpg</fanart>
</item>

 <item>
        <title>Green Acres S01E05 - My Husband, the Rooster Renter</title>
        <meta>
                <content>episode</content>
                <imdb></imdb>
                <tvdb>78101</tvdb>
                <tvshowtitle>Green Acres</tvshowtitle>
                <year>1965</year>
                <title>My Husband, the Rooster Renter</title>
                <premiered>1965-10-13</premiered>
                <season>1</season>
                <episode>5</episode>
        </meta>
        <link>
		<sublink>search</sublink>
                <sublink>searchsd</sublink>
        </link>
        <animated_thumbnail></animated_thumbnail>
        <thumbnail>https://www.thetvdb.com/banners/_cache/posters/78101-4.jpg</thumbnail>
        <animated_fanart></animated_fanart>
        <fanart>https://www.thetvdb.com/banners/_cache/fanart/original/78101-4.jpg</fanart>
</item>

 <item>
        <title>Green Acres S01E06 - Furniture, Furniture, Who's Got the Furniture?</title>
        <meta>
                <content>episode</content>
                <imdb></imdb>
                <tvdb>78101</tvdb>
                <tvshowtitle>Green Acres</tvshowtitle>
                <year>1965</year>
                <title>Furniture, Furniture, Who's Got the Furniture?</title>
                <premiered>1965-10-20</premiered>
                <season>1</season>
                <episode>6</episode>
        </meta>
        <link>
		<sublink>search</sublink>
                <sublink>searchsd</sublink>
        </link>
        <animated_thumbnail></animated_thumbnail>
        <thumbnail>https://www.thetvdb.com/banners/_cache/posters/78101-4.jpg</thumbnail>
        <animated_fanart></animated_fanart>
        <fanart>https://www.thetvdb.com/banners/_cache/fanart/original/78101-4.jpg</fanart>
</item>

 <item>
        <title>Green Acres S01E07 - Neighborliness</title>
        <meta>
                <content>episode</content>
                <imdb></imdb>
                <tvdb>78101</tvdb>
                <tvshowtitle>Green Acres</tvshowtitle>
                <year>1965</year>
                <title>Neighborliness</title>
                <premiered>1965-10-27</premiered>
                <season>1</season>
                <episode>7</episode>
        </meta>
        <link>
		<sublink>search</sublink>
                <sublink>searchsd</sublink>
        </link>
        <animated_thumbnail></animated_thumbnail>
        <thumbnail>https://www.thetvdb.com/banners/_cache/posters/78101-4.jpg</thumbnail>
        <animated_fanart></animated_fanart>
        <fanart>https://www.thetvdb.com/banners/_cache/fanart/original/78101-4.jpg</fanart>
</item>
 <item>
        <title>Green Acres S01E08 - Lisa the Helpmate</title>
        <meta>
                <content>episode</content>
                <imdb></imdb>
                <tvdb>78101</tvdb>
                <tvshowtitle>Green Acres</tvshowtitle>
                <year>1965</year>
                <title>Lisa the Helpmate</title>
                <premiered>1965-11-03</premiered>
                <season>1</season>
                <episode>8</episode>
        </meta>
        <link>
		<sublink>search</sublink>
                <sublink>searchsd</sublink>
        </link>
        <animated_thumbnail></animated_thumbnail>
        <thumbnail>https://www.thetvdb.com/banners/_cache/posters/78101-4.jpg</thumbnail>
        <animated_fanart></animated_fanart>
        <fanart>https://www.thetvdb.com/banners/_cache/fanart/original/78101-4.jpg</fanart>
</item>

 <item>
        <title>Green Acres S01E09 - You Can't Plug in a 2 with a 6</title>
        <meta>
                <content>episode</content>
                <imdb></imdb>
                <tvdb>78101</tvdb>
                <tvshowtitle>Green Acres</tvshowtitle>
                <year>1965</year>
                <title>You Can't Plug in a 2 with a 6</title>
                <premiered>1965-11-10</premiered>
                <season>1</season>
                <episode>9</episode>
        </meta>
        <link>
		<sublink>search</sublink>
                <sublink>searchsd</sublink>
        </link>
        <animated_thumbnail></animated_thumbnail>
        <thumbnail>https://www.thetvdb.com/banners/_cache/posters/78101-4.jpg</thumbnail>
        <animated_fanart></animated_fanart>
        <fanart>https://www.thetvdb.com/banners/_cache/fanart/original/78101-4.jpg</fanart>
</item>

 <item>
        <title>Green Acres S01E10 - Don't Call Us, We'll Call You</title>
        <meta>
                <content>episode</content>
                <imdb></imdb>
                <tvdb>78101</tvdb>
                <tvshowtitle>Green Acres</tvshowtitle>
                <year>1965</year>
                <title>Don't Call Us, We'll Call You</title>
                <premiered>1965-11-17</premiered>
                <season>1</season>
                <episode>10</episode>
        </meta>
        <link>
		<sublink>search</sublink>
                <sublink>searchsd</sublink>
        </link>
        <animated_thumbnail></animated_thumbnail>
        <thumbnail>https://www.thetvdb.com/banners/_cache/posters/78101-4.jpg</thumbnail>
        <animated_fanart></animated_fanart>
        <fanart>https://www.thetvdb.com/banners/_cache/fanart/original/78101-4.jpg</fanart>
</item>
 <item>
        <title>Green Acres S01E11 - Parity Begins at Home</title>
        <meta>
                <content>episode</content>
                <imdb></imdb>
                <tvdb>78101</tvdb>
                <tvshowtitle>Green Acres</tvshowtitle>
                <year>1965</year>
                <title>Parity Begins at Home</title>
                <premiered>1965-11-24</premiered>
                <season>1</season>
                <episode>11</episode>
        </meta>
        <link>
		<sublink>search</sublink>
                <sublink>searchsd</sublink>
        </link>
        <animated_thumbnail></animated_thumbnail>
        <thumbnail>https://www.thetvdb.com/banners/_cache/posters/78101-4.jpg</thumbnail>
        <animated_fanart></animated_fanart>
        <fanart>https://www.thetvdb.com/banners/_cache/fanart/original/78101-4.jpg</fanart>
</item>

 <item>
        <title>Green Acres S01E12 - Lisa Has a Calf</title>
        <meta>
                <content>episode</content>
                <imdb></imdb>
                <tvdb>78101</tvdb>
                <tvshowtitle>Green Acres</tvshowtitle>
                <year>1965</year>
                <title>Lisa Has a Calf</title>
                <premiered>1965-12-08</premiered>
                <season>1</season>
                <episode>12</episode>
        </meta>
        <link>
		<sublink>search</sublink>
                <sublink>searchsd</sublink>
        </link>
        <animated_thumbnail></animated_thumbnail>
        <thumbnail>https://www.thetvdb.com/banners/_cache/posters/78101-4.jpg</thumbnail>
        <animated_fanart></animated_fanart>
        <fanart>https://www.thetvdb.com/banners/_cache/fanart/original/78101-4.jpg</fanart>
</item>

 <item>
        <title>Green Acres S01E13 - The Wedding Anniversary</title>
        <meta>
                <content>episode</content>
                <imdb></imdb>
                <tvdb>78101</tvdb>
                <tvshowtitle>Green Acres</tvshowtitle>
                <year>1965</year>
                <title>The Wedding Anniversary</title>
                <premiered>1965-12-15</premiered>
                <season>1</season>
                <episode>13</episode>
        </meta>
        <link>
		<sublink>search</sublink>
                <sublink>searchsd</sublink>
        </link>
        <animated_thumbnail></animated_thumbnail>
        <thumbnail>https://www.thetvdb.com/banners/_cache/posters/78101-4.jpg</thumbnail>
        <animated_fanart></animated_fanart>
        <fanart>https://www.thetvdb.com/banners/_cache/fanart/original/78101-4.jpg</fanart>
</item>

 <item>
        <title>Green Acres S01E14 - What Happened in Scranton?</title>
        <meta>
                <content>episode</content>
                <imdb></imdb>
                <tvdb>78101</tvdb>
                <tvshowtitle>Green Acres</tvshowtitle>
                <year>1965</year>
                <title>What Happened in Scranton?</title>
                <premiered>1965-12-22</premiered>
                <season>1</season>
                <episode>14</episode>
        </meta>
        <link>
		<sublink>search</sublink>
                <sublink>searchsd</sublink>
        </link>
        <animated_thumbnail></animated_thumbnail>
        <thumbnail>https://www.thetvdb.com/banners/_cache/posters/78101-4.jpg</thumbnail>
        <animated_fanart></animated_fanart>
        <fanart>https://www.thetvdb.com/banners/_cache/fanart/original/78101-4.jpg</fanart>
</item>

 <item>
        <title>Green Acres S01E15 - How to Enlarge a Bedroom</title>
        <meta>
                <content>episode</content>
                <imdb></imdb>
                <tvdb>78101</tvdb>
                <tvshowtitle>Green Acres</tvshowtitle>
                <year>1965</year>
                <title>How to Enlarge a Bedroom</title>
                <premiered>1965-12-29</premiered>
                <season>1</season>
                <episode>15</episode>
        </meta>
        <link>
		<sublink>search</sublink>
                <sublink>searchsd</sublink>
        </link>
        <animated_thumbnail></animated_thumbnail>
        <thumbnail>https://www.thetvdb.com/banners/_cache/posters/78101-4.jpg</thumbnail>
        <animated_fanart></animated_fanart>
        <fanart>https://www.thetvdb.com/banners/_cache/fanart/original/78101-4.jpg</fanart>
</item>

 <item>
        <title>Green Acres S01E16 - Give Me Land, Lots of Land</title>
        <meta>
                <content>episode</content>
                <imdb></imdb>
                <tvdb>78101</tvdb>
                <tvshowtitle>Green Acres</tvshowtitle>
                <year>1965</year>
                <title>Give Me Land, Lots of Land</title>
                <premiered>1966-01-05</premiered>
                <season>1</season>
                <episode>16</episode>
        </meta>
        <link>
		<sublink>search</sublink>
                <sublink>searchsd</sublink>
        </link>
        <animated_thumbnail></animated_thumbnail>
        <thumbnail>https://www.thetvdb.com/banners/_cache/posters/78101-4.jpg</thumbnail>
        <animated_fanart></animated_fanart>
        <fanart>https://www.thetvdb.com/banners/_cache/fanart/original/78101-4.jpg</fanart>
</item>

 <item>
        <title>Green Acres S01E17 - I Didn't Raise My Husband to Be a Fireman</title>
        <meta>
                <content>episode</content>
                <imdb></imdb>
                <tvdb>78101</tvdb>
                <tvshowtitle>Green Acres</tvshowtitle>
                <year>1965</year>
                <title>I Didn't Raise My Husband to Be a Fireman</title>
                <premiered>1966-01-19</premiered>
                <season>1</season>
                <episode>17</episode>
        </meta>
        <link>
		<sublink>search</sublink>
                <sublink>searchsd</sublink>
        </link>
        <animated_thumbnail></animated_thumbnail>
        <thumbnail>https://www.thetvdb.com/banners/_cache/posters/78101-4.jpg</thumbnail>
        <animated_fanart></animated_fanart>
        <fanart>https://www.thetvdb.com/banners/_cache/fanart/original/78101-4.jpg</fanart>
</item>

 <item>
        <title>Green Acres S01E18 - Lisa Bakes a Cake</title>
        <meta>
                <content>episode</content>
                <imdb></imdb>
                <tvdb>78101</tvdb>
                <tvshowtitle>Green Acres</tvshowtitle>
                <year>1965</year>
                <title>Lisa Bakes a Cake</title>
                <premiered>1966-01-26</premiered>
                <season>1</season>
                <episode>18</episode>
        </meta>
        <link>
		<sublink>search</sublink>
                <sublink>searchsd</sublink>
        </link>
        <animated_thumbnail></animated_thumbnail>
        <thumbnail>https://www.thetvdb.com/banners/_cache/posters/78101-4.jpg</thumbnail>
        <animated_fanart></animated_fanart>
        <fanart>https://www.thetvdb.com/banners/_cache/fanart/original/78101-4.jpg</fanart>
</item>

 <item>
        <title>Green Acres S01E19 - Sprained Ankle, Country Style</title>
        <meta>
                <content>episode</content>
                <imdb></imdb>
                <tvdb>78101</tvdb>
                <tvshowtitle>Green Acres</tvshowtitle>
                <year>1965</year>
                <title>Sprained Ankle, Country Style</title>
                <premiered>1966-02-02</premiered>
                <season>1</season>
                <episode>19</episode>
        </meta>
        <link>
		<sublink>search</sublink>
                <sublink>searchsd</sublink>
        </link>
        <animated_thumbnail></animated_thumbnail>
        <thumbnail>https://www.thetvdb.com/banners/_cache/posters/78101-4.jpg</thumbnail>
        <animated_fanart></animated_fanart>
        <fanart>https://www.thetvdb.com/banners/_cache/fanart/original/78101-4.jpg</fanart>
</item>

 <item>
        <title>Green Acres S01E20 - The Price of Apples</title>
        <meta>
                <content>episode</content>
                <imdb></imdb>
                <tvdb>78101</tvdb>
                <tvshowtitle>Green Acres</tvshowtitle>
                <year>1965</year>
                <title>The Price of Apples</title>
                <premiered>1966-02-09</premiered>
                <season>1</season>
                <episode>20</episode>
        </meta>
        <link>
		<sublink>search</sublink>
                <sublink>searchsd</sublink>
        </link>
        <animated_thumbnail></animated_thumbnail>
        <thumbnail>https://www.thetvdb.com/banners/_cache/posters/78101-4.jpg</thumbnail>
        <animated_fanart></animated_fanart>
        <fanart>https://www.thetvdb.com/banners/_cache/fanart/original/78101-4.jpg</fanart>
</item>

 <item>
        <title>Green Acres S01E21 - What's in a Name?</title>
        <meta>
                <content>episode</content>
                <imdb></imdb>
                <tvdb>78101</tvdb>
                <tvshowtitle>Green Acres</tvshowtitle>
                <year>1965</year>
                <title>What's in a Name?</title>
                <premiered>1966-02-16</premiered>
                <season>1</season>
                <episode>21</episode>
        </meta>
        <link>
		<sublink>search</sublink>
                <sublink>searchsd</sublink>
        </link>
        <animated_thumbnail></animated_thumbnail>
        <thumbnail>https://www.thetvdb.com/banners/_cache/posters/78101-4.jpg</thumbnail>
        <animated_fanart></animated_fanart>
        <fanart>https://www.thetvdb.com/banners/_cache/fanart/original/78101-4.jpg</fanart>
</item>

 <item>
        <title>Green Acres S01E22 - The Day of Decision</title>
        <meta>
                <content>episode</content>
                <imdb></imdb>
                <tvdb>78101</tvdb>
                <tvshowtitle>Green Acres</tvshowtitle>
                <year>1965</year>
                <title>The Day of Decision</title>
                <premiered>1966-02-23</premiered>
                <season>1</season>
                <episode>22</episode>
        </meta>
        <link>
		<sublink>search</sublink>
                <sublink>searchsd</sublink>
        </link>
        <animated_thumbnail></animated_thumbnail>
        <thumbnail>https://www.thetvdb.com/banners/_cache/posters/78101-4.jpg</thumbnail>
        <animated_fanart></animated_fanart>
        <fanart>https://www.thetvdb.com/banners/_cache/fanart/original/78101-4.jpg</fanart>
</item>

 <item>
        <title>Green Acres S01E23 - A Pig in a Poke</title>
        <meta>
                <content>episode</content>
                <imdb></imdb>
                <tvdb>78101</tvdb>
                <tvshowtitle>Green Acres</tvshowtitle>
                <year>1965</year>
                <title>A Pig in a Poke</title>
                <premiered>1966-03-09</premiered>
                <season>1</season>
                <episode>23</episode>
        </meta>
        <link>
		<sublink>search</sublink>
                <sublink>searchsd</sublink>
        </link>
        <animated_thumbnail></animated_thumbnail>
        <thumbnail>https://www.thetvdb.com/banners/_cache/posters/78101-4.jpg</thumbnail>
        <animated_fanart></animated_fanart>
        <fanart>https://www.thetvdb.com/banners/_cache/fanart/original/78101-4.jpg</fanart>
</item>

 <item>
        <title>Green Acres S01E24 - The Deputy</title>
        <meta>
                <content>episode</content>
                <imdb></imdb>
                <tvdb>78101</tvdb>
                <tvshowtitle>Green Acres</tvshowtitle>
                <year>1965</year>
                <title>The Deputy</title>
                <premiered>1966-03-16</premiered>
                <season>1</season>
                <episode>24</episode>
        </meta>
        <link>
		<sublink>search</sublink>
                <sublink>searchsd</sublink>
        </link>
        <animated_thumbnail></animated_thumbnail>
        <thumbnail>https://www.thetvdb.com/banners/_cache/posters/78101-4.jpg</thumbnail>
        <animated_fanart></animated_fanart>
        <fanart>https://www.thetvdb.com/banners/_cache/fanart/original/78101-4.jpg</fanart>
</item>

 <item>
        <title>Green Acres S01E25 - Double Drick</title>
        <meta>
                <content>episode</content>
                <imdb></imdb>
                <tvdb>78101</tvdb>
                <tvshowtitle>Green Acres</tvshowtitle>
                <year>1965</year>
                <title>Double Drick</title>
                <premiered>1966-03-23</premiered>
                <season>1</season>
                <episode>25</episode>
        </meta>
        <link>
		<sublink>search</sublink>
                <sublink>searchsd</sublink>
        </link>
        <animated_thumbnail></animated_thumbnail>
        <thumbnail>https://www.thetvdb.com/banners/_cache/posters/78101-4.jpg</thumbnail>
        <animated_fanart></animated_fanart>
        <fanart>https://www.thetvdb.com/banners/_cache/fanart/original/78101-4.jpg</fanart>
</item>

 <item>
        <title>Green Acres S01E26 - The Ballad of Molly Turgis</title>
        <meta>
                <content>episode</content>
                <imdb></imdb>
                <tvdb>78101</tvdb>
                <tvshowtitle>Green Acres</tvshowtitle>
                <year>1965</year>
                <title>The Ballad of Molly Turgis</title>
                <premiered>1966-04-06</premiered>
                <season>1</season>
                <episode>26</episode>
        </meta>
        <link>
		<sublink>search</sublink>
                <sublink>searchsd</sublink>
        </link>
        <animated_thumbnail></animated_thumbnail>
        <thumbnail>https://www.thetvdb.com/banners/_cache/posters/78101-4.jpg</thumbnail>
        <animated_fanart></animated_fanart>
        <fanart>https://www.thetvdb.com/banners/_cache/fanart/original/78101-4.jpg</fanart>
</item>

 <item>
        <title>Green Acres S01E27 - Never Look a Gift Tractor in the Mouth</title>
        <meta>
                <content>episode</content>
                <imdb></imdb>
                <tvdb>78101</tvdb>
                <tvshowtitle>Green Acres</tvshowtitle>
                <year>1965</year>
                <title>Never Look a Gift Tractor in the Mouth</title>
                <premiered>1966-04-27</premiered>
                <season>1</season>
                <episode>27</episode>
        </meta>
        <link>
		<sublink>search</sublink>
                <sublink>searchsd</sublink>
        </link>
        <animated_thumbnail></animated_thumbnail>
        <thumbnail>https://www.thetvdb.com/banners/_cache/posters/78101-4.jpg</thumbnail>
        <animated_fanart></animated_fanart>
        <fanart>https://www.thetvdb.com/banners/_cache/fanart/original/78101-4.jpg</fanart>
</item>

 <item>
        <title>Green Acres S01E28 - Send a Boy to College</title>
        <meta>
                <content>episode</content>
                <imdb></imdb>
                <tvdb>78101</tvdb>
                <tvshowtitle>Green Acres</tvshowtitle>
                <year>1965</year>
                <title>Send a Boy to College</title>
                <premiered>1966-05-04</premiered>
                <season>1</season>
                <episode>28</episode>
        </meta>
        <link>
		<sublink>search</sublink>
                <sublink>searchsd</sublink>
        </link>
        <animated_thumbnail></animated_thumbnail>
        <thumbnail>https://www.thetvdb.com/banners/_cache/posters/78101-4.jpg</thumbnail>
        <animated_fanart></animated_fanart>
        <fanart>https://www.thetvdb.com/banners/_cache/fanart/original/78101-4.jpg</fanart>
</item>

 <item>
        <title>Green Acres S01E29 - Horse? What Horse?</title>
        <meta>
                <content>episode</content>
                <imdb></imdb>
                <tvdb>78101</tvdb>
                <tvshowtitle>Green Acres</tvshowtitle>
                <year>1965</year>
                <title>Horse? What Horse?</title>
                <premiered>1966-05-11</premiered>
                <season>1</season>
                <episode>29</episode>
        </meta>
        <link>
		<sublink>search</sublink>
                <sublink>searchsd</sublink>
        </link>
        <animated_thumbnail></animated_thumbnail>
        <thumbnail>https://www.thetvdb.com/banners/_cache/posters/78101-4.jpg</thumbnail>
        <animated_fanart></animated_fanart>
        <fanart>https://www.thetvdb.com/banners/_cache/fanart/original/78101-4.jpg</fanart>
</item>

 <item>
        <title>Green Acres S01E30 - The Rains Came</title>
        <meta>
                <content>episode</content>
                <imdb></imdb>
                <tvdb>78101</tvdb>
                <tvshowtitle>Green Acres</tvshowtitle>
                <year>1965</year>
                <title>The Rains Came</title>
                <premiered>1966-05-18</premiered>
                <season>1</season>
                <episode>30</episode>
        </meta>
        <link>
		<sublink>search</sublink>
                <sublink>searchsd</sublink>
        </link>
        <animated_thumbnail></animated_thumbnail>
        <thumbnail>https://www.thetvdb.com/banners/_cache/posters/78101-4.jpg</thumbnail>
        <animated_fanart></animated_fanart>
        <fanart>https://www.thetvdb.com/banners/_cache/fanart/original/78101-4.jpg</fanart>
</item>

 <item>
        <title>Green Acres S01E31 - Culture</title>
        <meta>
                <content>episode</content>
                <imdb></imdb>
                <tvdb>78101</tvdb>
                <tvshowtitle>Green Acres</tvshowtitle>
                <year>1965</year>
                <title>Culture</title>
                <premiered>1966-05-25</premiered>
                <season>1</season>
                <episode>31</episode>
        </meta>
        <link>
		<sublink>search</sublink>
                <sublink>searchsd</sublink>
        </link>
        <animated_thumbnail></animated_thumbnail>
        <thumbnail>https://www.thetvdb.com/banners/_cache/posters/78101-4.jpg</thumbnail>
        <animated_fanart></animated_fanart>
        <fanart>https://www.thetvdb.com/banners/_cache/fanart/original/78101-4.jpg</fanart>
</item>

 <item>
        <title>Green Acres S01E32 - Uncle Ollie</title>
        <meta>
                <content>episode</content>
                <imdb></imdb>
                <tvdb>78101</tvdb>
                <tvshowtitle>Green Acres</tvshowtitle>
                <year>1965</year>
                <title>Uncle Ollie</title>
                <premiered>1966-06-01</premiered>
                <season>1</season>
                <episode>32</episode>
        </meta>
        <link>
		<sublink>search</sublink>
                <sublink>searchsd</sublink>
        </link>
        <animated_thumbnail></animated_thumbnail>
        <thumbnail>https://www.thetvdb.com/banners/_cache/posters/78101-4.jpg</thumbnail>
        <animated_fanart></animated_fanart>
        <fanart>https://www.thetvdb.com/banners/_cache/fanart/original/78101-4.jpg</fanart>
</item>
