########################
<poster>Green Acres</poster>
<thumbnail></thumbnail>
<fanart></fanart>
#############################

<dir>
        <name>Season 1</name>
        <meta>
                <content>season</content>
                <imdb>tt0058808</imdb>
                <tvdb>78101</tvdb>
                <tvshowtitle>Green Acres</tvshowtitle>
                <year>1965</year>
                <season>1</season>
        </meta>
        <link>https://raw.githubusercontent.com/Doggmatic71/doggmatic71/master/plugin.video.laughtraxx/resources/acres1.xml</link>
        <thumbnail>https://www.thetvdb.com/banners/_cache/seasons/78101-1.jpg</thumbnail>
</dir>

<dir>		
        <name>Season 2</name>
        <meta>
                <content>season</content>
                <imdb>tt0058808</imdb>
                <tvdb>78101</tvdb>
                <tvshowtitle>Green Acres</tvshowtitle>
                <year>1965</year>
                <season>2</season>
        </meta>
        <link></link>
        <thumbnail>https://www.thetvdb.com/banners/_cache/seasons/78101-2.jpg</thumbnail>		
</dir>

<dir>		
        <name>Season 3</name>
        <meta>
                <content>season</content>
                <imdb>tt0058808</imdb>
                <tvdb>78101</tvdb>
                <tvshowtitle>Green Acres</tvshowtitle>
                <year>1965</year>
                <season>3</season>
        </meta>
        <link></link>
        <thumbnail>https://www.thetvdb.com/banners/_cache/seasons/78101-3.jpg</thumbnail>		
</dir>

<dir>		
        <name>Season 4</name>
        <meta>
                <content>season</content>
                <imdb>tt0058808</imdb>
                <tvdb>78101</tvdb>
                <tvshowtitle>Green Acres</tvshowtitle>
                <year>1965</year>
                <season>4</season>
        </meta>
        <link></link>
        <thumbnail>https://www.thetvdb.com/banners/_cache/seasons/78101-4-2.jpg</thumbnail>		
</dir>

<dir>		
        <name>Season 5</name>
        <meta>
                <content>season</content>
                <imdb>tt0058808</imdb>
                <tvdb>78101</tvdb>
                <tvshowtitle>Green Acres</tvshowtitle>
                <year>1965</year>
                <season>5</season>
        </meta>
        <link></link>
        <thumbnail>https://www.thetvdb.com/banners/_cache/seasons/78101-5-2.jpg</thumbnail>		
</dir>

<dir>		
        <name>Season 6</name>
        <meta>
                <content>season</content>
                <imdb>tt0058808</imdb>
                <tvdb>78101</tvdb>
                <tvshowtitle>Green Acres</tvshowtitle>
                <year>1965</year>
                <season>6</season>
        </meta>
        <link></link>
        <thumbnail>https://www.thetvdb.com/banners/_cache/seasons/78101-6-2.jpg</thumbnail>		
</dir>
