########################
<poster>Season 1</poster>
<thumbnail></thumbnail>
<fanart></fanart>
########################

 <item>
        <title>The Addams Family S01E01 - The Addams Family Goes to School</title>
        <meta>
                <content>episode</content>
                <imdb></imdb>
                <tvdb>77137</tvdb>
                <tvshowtitle>The Addams Family</tvshowtitle>
                <year>1964</year>
                <title>The Addams Family Goes to School</title>
                <premiered>1964-09-18</premiered>
                <season>1</season>
                <episode>1</episode>
        </meta>
        <link>
		<sublink>search</sublink>
                <sublink>searchsd</sublink>
        </link>
        <animated_thumbnail></animated_thumbnail>
        <thumbnail>https://www.thetvdb.com/banners/_cache/episodes/77137/231533.jpg</thumbnail>
        <animated_fanart></animated_fanart>
        <fanart>https://www.thetvdb.com/banners/_cache/fanart/original/77137-4.jpg</fanart>
</item>

 <item>
        <title>The Addams Family S01E02 - Morticia and the Psychiatrist</title>
        <meta>
                <content>episode</content>
                <imdb></imdb>
                <tvdb>77137</tvdb>
                <tvshowtitle>The Addams Family</tvshowtitle>
                <year>1964</year>
                <title>Morticia and the Psychiatrist</title>
                <premiered>1964-09-25</premiered>
                <season>1</season>
                <episode>2</episode>
        </meta>
        <link>
		<sublink>search</sublink>
                <sublink>searchsd</sublink>
        </link>
        <animated_thumbnail></animated_thumbnail>
        <thumbnail>https://www.thetvdb.com/banners/_cache/episodes/77137/231534.jpg</thumbnail>
        <animated_fanart></animated_fanart>
        <fanart>https://www.thetvdb.com/banners/_cache/fanart/original/77137-4.jpg</fanart>
</item>

 <item>
        <title>The Addams Family S01E03 - Fester's Punctured Romance</title>
        <meta>
                <content>episode</content>
                <imdb></imdb>
                <tvdb>77137</tvdb>
                <tvshowtitle>The Addams Family</tvshowtitle>
                <year>1964</year>
                <title>Fester's Punctured Romance</title>
                <premiered>1964-10-02</premiered>
                <season>1</season>
                <episode>3</episode>
        </meta>
        <link>
		<sublink>search</sublink>
                <sublink>searchsd</sublink>
        </link>
        <animated_thumbnail></animated_thumbnail>
        <thumbnail>https://www.thetvdb.com/banners/_cache/episodes/77137/231535.jpg</thumbnail>
        <animated_fanart></animated_fanart>
        <fanart>https://www.thetvdb.com/banners/_cache/fanart/original/77137-4.jpg</fanart>
</item>

 <item>
        <title>The Addams Family S01E04 - Gomez, the Politician</title>
        <meta>
                <content>episode</content>
                <imdb></imdb>
                <tvdb>77137</tvdb>
                <tvshowtitle>The Addams Family</tvshowtitle>
                <year>1964</year>
                <title>Gomez, the Politician</title>
                <premiered>1964-10-09</premiered>
                <season>1</season>
                <episode>4</episode>
        </meta>
        <link>
		<sublink>search</sublink>
                <sublink>searchsd</sublink>
        </link>
        <animated_thumbnail></animated_thumbnail>
        <thumbnail>https://www.thetvdb.com/banners/_cache/episodes/77137/231536.jpg</thumbnail>
        <animated_fanart></animated_fanart>
        <fanart>https://www.thetvdb.com/banners/_cache/fanart/original/77137-4.jpg</fanart>
</item>

 <item>
        <title>The Addams Family S01E05 - The Addams Family Tree</title>
        <meta>
                <content>episode</content>
                <imdb></imdb>
                <tvdb>77137</tvdb>
                <tvshowtitle>The Addams Family</tvshowtitle>
                <year>1964</year>
                <title>The Addams Family Tree</title>
                <premiered>1964-10-16</premiered>
                <season>1</season>
                <episode>5</episode>
        </meta>
        <link>
		<sublink>search</sublink>
                <sublink>searchsd</sublink>
        </link>
        <animated_thumbnail></animated_thumbnail>
        <thumbnail>https://www.thetvdb.com/banners/_cache/episodes/77137/231537.jpg</thumbnail>
        <animated_fanart></animated_fanart>
        <fanart>https://www.thetvdb.com/banners/_cache/fanart/original/77137-4.jpg</fanart>
</item>

 <item>
        <title>The Addams Family S01E06 - Morticia Joins the Ladies League</title>
        <meta>
                <content>episode</content>
                <imdb></imdb>
                <tvdb>77137</tvdb>
                <tvshowtitle>The Addams Family</tvshowtitle>
                <year>1964</year>
                <title>Morticia Joins the Ladies League</title>
                <premiered>1964-10-23</premiered>
                <season>1</season>
                <episode>6</episode>
        </meta>
        <link>
		<sublink>search</sublink>
                <sublink>searchsd</sublink>
        </link>
        <animated_thumbnail></animated_thumbnail>
        <thumbnail>https://www.thetvdb.com/banners/_cache/episodes/77137/231538.jpg</thumbnail>
        <animated_fanart></animated_fanart>
        <fanart>https://www.thetvdb.com/banners/_cache/fanart/original/77137-4.jpg</fanart>
</item>

 <item>
        <title>The Addams Family S01E07 - Halloween with the Addams Family</title>
        <meta>
                <content>episode</content>
                <imdb></imdb>
                <tvdb>77137</tvdb>
                <tvshowtitle>The Addams Family</tvshowtitle>
                <year>1964</year>
                <title>Halloween with the Addams Family</title>
                <premiered>1964-11-05</premiered>
                <season>1</season>
                <episode>7</episode>
        </meta>
        <link>
		<sublink>search</sublink>
                <sublink>searchsd</sublink>
        </link>
        <animated_thumbnail></animated_thumbnail>
        <thumbnail>https://www.thetvdb.com/banners/_cache/episodes/77137/231539.jpg</thumbnail>
        <animated_fanart></animated_fanart>
        <fanart>https://www.thetvdb.com/banners/_cache/fanart/original/77137-4.jpg</fanart>
</item>
 <item>
        <title>The Addams Family S01E08 - Green-Eyed Gomez</title>
        <meta>
                <content>episode</content>
                <imdb></imdb>
                <tvdb>77137</tvdb>
                <tvshowtitle>The Addams Family</tvshowtitle>
                <year>1964</year>
                <title>Green-Eyed Gomez</title>
                <premiered>1964-11-06</premiered>
                <season>1</season>
                <episode>8</episode>
        </meta>
        <link>
		<sublink>search</sublink>
                <sublink>searchsd</sublink>
        </link>
        <animated_thumbnail></animated_thumbnail>
        <thumbnail>https://www.thetvdb.com/banners/_cache/episodes/77137/231540.jpg</thumbnail>
        <animated_fanart></animated_fanart>
        <fanart>https://www.thetvdb.com/banners/_cache/fanart/original/77137-4.jpg</fanart>
</item>

 <item>
        <title>The Addams Family S01E09 - The New Neighbors Meet the Addams Family</title>
        <meta>
                <content>episode</content>
                <imdb></imdb>
                <tvdb>77137</tvdb>
                <tvshowtitle>The Addams Family</tvshowtitle>
                <year>1964</year>
                <title>The New Neighbors Meet the Addams Family</title>
                <premiered>1964-11-13</premiered>
                <season>1</season>
                <episode>9</episode>
        </meta>
        <link>
		<sublink>search</sublink>
                <sublink>searchsd</sublink>
        </link>
        <animated_thumbnail></animated_thumbnail>
        <thumbnail>https://www.thetvdb.com/banners/_cache/episodes/77137/231541.jpg</thumbnail>
        <animated_fanart></animated_fanart>
        <fanart>https://www.thetvdb.com/banners/_cache/fanart/original/77137-4.jpg</fanart>
</item>

 <item>
        <title>The Addams Family S01E10 - Wednesday Leaves Home</title>
        <meta>
                <content>episode</content>
                <imdb></imdb>
                <tvdb>77137</tvdb>
                <tvshowtitle>The Addams Family</tvshowtitle>
                <year>1964</year>
                <title>Wednesday Leaves Home</title>
                <premiered>1964-11-20</premiered>
                <season>1</season>
                <episode>10</episode>
        </meta>
        <link>
		<sublink>search</sublink>
                <sublink>searchsd</sublink>
        </link>
        <animated_thumbnail></animated_thumbnail>
        <thumbnail>https://www.thetvdb.com/banners/_cache/episodes/77137/231542.jpg</thumbnail>
        <animated_fanart></animated_fanart>
        <fanart>https://www.thetvdb.com/banners/_cache/fanart/original/77137-4.jpg</fanart>
</item>
 <item>
        <title>The Addams Family S01E11 - The Addams Family Meet the V.I.P.'s</title>
        <meta>
                <content>episode</content>
                <imdb></imdb>
                <tvdb>77137</tvdb>
                <tvshowtitle>The Addams Family</tvshowtitle>
                <year>1964</year>
                <title>The Addams Family Meet the V.I.P.'s</title>
                <premiered>1964-11-27</premiered>
                <season>1</season>
                <episode>11</episode>
        </meta>
        <link>
		<sublink>search</sublink>
                <sublink>searchsd</sublink>
        </link>
        <animated_thumbnail></animated_thumbnail>
        <thumbnail>https://www.thetvdb.com/banners/_cache/episodes/77137/231543.jpg</thumbnail>
        <animated_fanart></animated_fanart>
        <fanart>https://www.thetvdb.com/banners/_cache/fanart/original/77137-4.jpg</fanart>
</item>

 <item>
        <title>The Addams Family S01E12 - Morticia, the Matchmaker</title>
        <meta>
                <content>episode</content>
                <imdb></imdb>
                <tvdb>77137</tvdb>
                <tvshowtitle>The Addams Family</tvshowtitle>
                <year>1964</year>
                <title>Morticia, the Matchmaker</title>
                <premiered>1964-12-04</premiered>
                <season>1</season>
                <episode>12</episode>
        </meta>
        <link>
		<sublink>search</sublink>
                <sublink>searchsd</sublink>
        </link>
        <animated_thumbnail></animated_thumbnail>
        <thumbnail>https://www.thetvdb.com/banners/_cache/episodes/77137/231544.jpg</thumbnail>
        <animated_fanart></animated_fanart>
        <fanart>https://www.thetvdb.com/banners/_cache/fanart/original/77137-4.jpg</fanart>
</item>

 <item>
        <title>The Addams Family S01E13 - Lurch Learns to Dance</title>
        <meta>
                <content>episode</content>
                <imdb></imdb>
                <tvdb>77137</tvdb>
                <tvshowtitle>The Addams Family</tvshowtitle>
                <year>1964</year>
                <title>Lurch Learns to Dance</title>
                <premiered>1964-12-11</premiered>
                <season>1</season>
                <episode>13</episode>
        </meta>
        <link>
		<sublink>search</sublink>
                <sublink>searchsd</sublink>
        </link>
        <animated_thumbnail></animated_thumbnail>
        <thumbnail>https://www.thetvdb.com/banners/_cache/episodes/77137/231545.jpg</thumbnail>
        <animated_fanart></animated_fanart>
        <fanart>https://www.thetvdb.com/banners/_cache/fanart/original/77137-4.jpg</fanart>
</item>

 <item>
        <title>The Addams Family S01E14 - Art and the Addams Family</title>
        <meta>
                <content>episode</content>
                <imdb></imdb>
                <tvdb>77137</tvdb>
                <tvshowtitle>The Addams Family</tvshowtitle>
                <year>1964</year>
                <title>Art and the Addams Family</title>
                <premiered>1964-12-18</premiered>
                <season>1</season>
                <episode>14</episode>
        </meta>
        <link>
		<sublink>search</sublink>
                <sublink>searchsd</sublink>
        </link>
        <animated_thumbnail></animated_thumbnail>
        <thumbnail>https://www.thetvdb.com/banners/_cache/episodes/77137/231546.jpg</thumbnail>
        <animated_fanart></animated_fanart>
        <fanart>https://www.thetvdb.com/banners/_cache/fanart/original/77137-4.jpg</fanart>
</item>

 <item>
        <title>The Addams Family S01E15 - The Addams Family Meets a Beatnik</title>
        <meta>
                <content>episode</content>
                <imdb></imdb>
                <tvdb>77137</tvdb>
                <tvshowtitle>The Addams Family</tvshowtitle>
                <year>1964</year>
                <title>The Addams Family Meets a Beatnik</title>
                <premiered>1965-01-01</premiered>
                <season>1</season>
                <episode>15</episode>
        </meta>
        <link>
		<sublink>search</sublink>
                <sublink>searchsd</sublink>
        </link>
        <animated_thumbnail></animated_thumbnail>
        <thumbnail>https://www.thetvdb.com/banners/_cache/episodes/77137/231547.jpg</thumbnail>
        <animated_fanart></animated_fanart>
        <fanart>https://www.thetvdb.com/banners/_cache/fanart/original/77137-4.jpg</fanart>
</item>

 <item>
        <title>The Addams Family S01E16 - The Addams Family Meets the Undercover Man</title>
        <meta>
                <content>episode</content>
                <imdb></imdb>
                <tvdb>77137</tvdb>
                <tvshowtitle>The Addams Family</tvshowtitle>
                <year>1964</year>
                <title>The Addams Family Meets the Undercover Man</title>
                <premiered>1965-01-08</premiered>
                <season>1</season>
                <episode>16</episode>
        </meta>
        <link>
		<sublink>search</sublink>
                <sublink>searchsd</sublink>
        </link>
        <animated_thumbnail></animated_thumbnail>
        <thumbnail>https://www.thetvdb.com/banners/_cache/episodes/77137/231548.jpg</thumbnail>
        <animated_fanart></animated_fanart>
        <fanart>https://www.thetvdb.com/banners/_cache/fanart/original/77137-4.jpg</fanart>
</item>

 <item>
        <title>The Addams Family S01E17 - Mother Lurch Visits the Addams Family</title>
        <meta>
                <content>episode</content>
                <imdb></imdb>
                <tvdb>77137</tvdb>
                <tvshowtitle>The Addams Family</tvshowtitle>
                <year>1964</year>
                <title>Mother Lurch Visits the Addams Family</title>
                <premiered>1965-01-15</premiered>
                <season>1</season>
                <episode>17</episode>
        </meta>
        <link>
		<sublink>search</sublink>
                <sublink>searchsd</sublink>
        </link>
        <animated_thumbnail></animated_thumbnail>
        <thumbnail>https://www.thetvdb.com/banners/_cache/episodes/77137/231549.jpg</thumbnail>
        <animated_fanart></animated_fanart>
        <fanart>https://www.thetvdb.com/banners/_cache/fanart/original/77137-4.jpg</fanart>
</item>

 <item>
        <title>The Addams Family S01E18 - Uncle Fester's Illness</title>
        <meta>
                <content>episode</content>
                <imdb></imdb>
                <tvdb>77137</tvdb>
                <tvshowtitle>The Addams Family</tvshowtitle>
                <year>1964</year>
                <title>Uncle Fester's Illness</title>
                <premiered>1965-01-22</premiered>
                <season>1</season>
                <episode>18</episode>
        </meta>
        <link>
		<sublink>search</sublink>
                <sublink>searchsd</sublink>
        </link>
        <animated_thumbnail></animated_thumbnail>
        <thumbnail>https://www.thetvdb.com/banners/_cache/episodes/77137/231550.jpg</thumbnail>
        <animated_fanart></animated_fanart>
        <fanart>https://www.thetvdb.com/banners/_cache/fanart/original/77137-4.jpg</fanart>
</item>

 <item>
        <title>The Addams Family S01E19 - The Addams Family Splurges</title>
        <meta>
                <content>episode</content>
                <imdb></imdb>
                <tvdb>77137</tvdb>
                <tvshowtitle>The Addams Family</tvshowtitle>
                <year>1964</year>
                <title>The Addams Family Splurges</title>
                <premiered>1965-01-29</premiered>
                <season>1</season>
                <episode>19</episode>
        </meta>
        <link>
		<sublink>search</sublink>
                <sublink>searchsd</sublink>
        </link>
        <animated_thumbnail></animated_thumbnail>
        <thumbnail>https://www.thetvdb.com/banners/_cache/episodes/77137/231551.jpg</thumbnail>
        <animated_fanart></animated_fanart>
        <fanart>https://www.thetvdb.com/banners/_cache/fanart/original/77137-4.jpg</fanart>
</item>

 <item>
        <title>The Addams Family S01E20 - Cousin Itt Visits the Addams Family</title>
        <meta>
                <content>episode</content>
                <imdb></imdb>
                <tvdb>77137</tvdb>
                <tvshowtitle>The Addams Family</tvshowtitle>
                <year>1964</year>
                <title>Cousin Itt Visits the Addams Family</title>
                <premiered>1965-02-05</premiered>
                <season>1</season>
                <episode>20</episode>
        </meta>
        <link>
		<sublink>search</sublink>
                <sublink>searchsd</sublink>
        </link>
        <animated_thumbnail></animated_thumbnail>
        <thumbnail>https://www.thetvdb.com/banners/_cache/episodes/77137/231552.jpg</thumbnail>
        <animated_fanart></animated_fanart>
        <fanart>https://www.thetvdb.com/banners/_cache/fanart/original/77137-4.jpg</fanart>
</item>

 <item>
        <title>The Addams Family S01E21 - The Addams Family in Court</title>
        <meta>
                <content>episode</content>
                <imdb></imdb>
                <tvdb>77137</tvdb>
                <tvshowtitle>The Addams Family</tvshowtitle>
                <year>1964</year>
                <title>The Addams Family in Court</title>
                <premiered>1965-02-12</premiered>
                <season>1</season>
                <episode>21</episode>
        </meta>
        <link>
		<sublink>search</sublink>
                <sublink>searchsd</sublink>
        </link>
        <animated_thumbnail></animated_thumbnail>
        <thumbnail>https://www.thetvdb.com/banners/_cache/episodes/77137/231553.jpg</thumbnail>
        <animated_fanart></animated_fanart>
        <fanart>https://www.thetvdb.com/banners/_cache/fanart/original/77137-4.jpg</fanart>
</item>

 <item>
        <title>The Addams Family S01E22 - Amnesia in the Addams Family</title>
        <meta>
                <content>episode</content>
                <imdb></imdb>
                <tvdb>77137</tvdb>
                <tvshowtitle>The Addams Family</tvshowtitle>
                <year>1964</year>
                <title>Amnesia in the Addams Family</title>
                <premiered>1965-02-19</premiered>
                <season>1</season>
                <episode>22</episode>
        </meta>
        <link>
		<sublink>search</sublink>
                <sublink>searchsd</sublink>
        </link>
        <animated_thumbnail></animated_thumbnail>
        <thumbnail>https://www.thetvdb.com/banners/_cache/episodes/77137/231554.jpg</thumbnail>
        <animated_fanart></animated_fanart>
        <fanart>https://www.thetvdb.com/banners/_cache/fanart/original/77137-4.jpg</fanart>
</item>

 <item>
        <title>The Addams Family S01E23 - Thing is Missing</title>
        <meta>
                <content>episode</content>
                <imdb></imdb>
                <tvdb>77137</tvdb>
                <tvshowtitle>The Addams Family</tvshowtitle>
                <year>1964</year>
                <title>Thing is Missing</title>
                <premiered>1965-03-05</premiered>
                <season>1</season>
                <episode>23</episode>
        </meta>
        <link>
		<sublink>search</sublink>
                <sublink>searchsd</sublink>
        </link>
        <animated_thumbnail></animated_thumbnail>
        <thumbnail>https://www.thetvdb.com/banners/_cache/episodes/77137/231555.jpg</thumbnail>
        <animated_fanart></animated_fanart>
        <fanart>https://www.thetvdb.com/banners/_cache/fanart/original/77137-4.jpg</fanart>
</item>

 <item>
        <title>The Addams Family S01E24 - Crisis in the Addams Family</title>
        <meta>
                <content>episode</content>
                <imdb></imdb>
                <tvdb>77137</tvdb>
                <tvshowtitle>The Addams Family</tvshowtitle>
                <year>1964</year>
                <title>Crisis in the Addams Family</title>
                <premiered>1965-03-12</premiered>
                <season>1</season>
                <episode>24</episode>
        </meta>
        <link>
		<sublink>search</sublink>
                <sublink>searchsd</sublink>
        </link>
        <animated_thumbnail></animated_thumbnail>
        <thumbnail>https://www.thetvdb.com/banners/_cache/episodes/77137/231556.jpg</thumbnail>
        <animated_fanart></animated_fanart>
        <fanart>https://www.thetvdb.com/banners/_cache/fanart/original/77137-4.jpg</fanart>
</item>

 <item>
        <title>The Addams Family S01E25 - Lurch and His Harpsichord</title>
        <meta>
                <content>episode</content>
                <imdb></imdb>
                <tvdb>77137</tvdb>
                <tvshowtitle>The Addams Family</tvshowtitle>
                <year>1964</year>
                <title>Lurch and His Harpsichord</title>
                <premiered>1965-03-19</premiered>
                <season>1</season>
                <episode>24</episode>
        </meta>
        <link>
		<sublink>search</sublink>
                <sublink>searchsd</sublink>
        </link>
        <animated_thumbnail></animated_thumbnail>
        <thumbnail>https://www.thetvdb.com/banners/_cache/episodes/77137/231557.jpg</thumbnail>
        <animated_fanart></animated_fanart>
        <fanart>https://www.thetvdb.com/banners/_cache/fanart/original/77137-4.jpg</fanart>
</item>

 <item>
        <title>The Addams Family S01E26 - Morticia, the Breadwinner</title>
        <meta>
                <content>episode</content>
                <imdb></imdb>
                <tvdb>77137</tvdb>
                <tvshowtitle>The Addams Family</tvshowtitle>
                <year>1964</year>
                <title>Morticia, the Breadwinner</title>
                <premiered>1965-03-26</premiered>
                <season>1</season>
                <episode>24</episode>
        </meta>
        <link>
		<sublink>search</sublink>
                <sublink>searchsd</sublink>
        </link>
        <animated_thumbnail></animated_thumbnail>
        <thumbnail>https://www.thetvdb.com/banners/_cache/episodes/77137/231558.jpg</thumbnail>
        <animated_fanart></animated_fanart>
        <fanart>https://www.thetvdb.com/banners/_cache/fanart/original/77137-4.jpg</fanart>
</item>

 <item>
        <title>The Addams Family S01E27 - The Addams Family and the Spacemen</title>
        <meta>
                <content>episode</content>
                <imdb></imdb>
                <tvdb>77137</tvdb>
                <tvshowtitle>The Addams Family</tvshowtitle>
                <year>1964</year>
                <title>The Addams Family and the Spacemen</title>
                <premiered>1965-04-02</premiered>
                <season>1</season>
                <episode>24</episode>
        </meta>
        <link>
		<sublink>search</sublink>
                <sublink>searchsd</sublink>
        </link>
        <animated_thumbnail></animated_thumbnail>
        <thumbnail>https://www.thetvdb.com/banners/_cache/episodes/77137/231559.jpg</thumbnail>
        <animated_fanart></animated_fanart>
        <fanart>https://www.thetvdb.com/banners/_cache/fanart/original/77137-4.jpg</fanart>
</item>

 <item>
        <title>The Addams Family S01E28 - My Son, the Chimp</title>
        <meta>
                <content>episode</content>
                <imdb></imdb>
                <tvdb>77137</tvdb>
                <tvshowtitle>The Addams Family</tvshowtitle>
                <year>1964</year>
                <title>My Son, the Chimp</title>
                <premiered>1965-04-09</premiered>
                <season>1</season>
                <episode>24</episode>
        </meta>
        <link>
		<sublink>search</sublink>
                <sublink>searchsd</sublink>
        </link>
        <animated_thumbnail></animated_thumbnail>
        <thumbnail>https://www.thetvdb.com/banners/_cache/episodes/77137/231560.jpg</thumbnail>
        <animated_fanart></animated_fanart>
        <fanart>https://www.thetvdb.com/banners/_cache/fanart/original/77137-4.jpg</fanart>
</item>

 <item>
        <title>The Addams Family S01E29 - Morticia's Favorite Charity</title>
        <meta>
                <content>episode</content>
                <imdb></imdb>
                <tvdb>77137</tvdb>
                <tvshowtitle>The Addams Family</tvshowtitle>
                <year>1964</year>
                <title>Morticia's Favorite Charity</title>
                <premiered>1965-04-16</premiered>
                <season>1</season>
                <episode>24</episode>
        </meta>
        <link>
		<sublink>search</sublink>
                <sublink>searchsd</sublink>
        </link>
        <animated_thumbnail></animated_thumbnail>
        <thumbnail>https://www.thetvdb.com/banners/_cache/episodes/77137/231561.jpg</thumbnail>
        <animated_fanart></animated_fanart>
        <fanart>https://www.thetvdb.com/banners/_cache/fanart/original/77137-4.jpg</fanart>
</item>

 <item>
        <title>The Addams Family S01E30 - Progress and the Addams Family</title>
        <meta>
                <content>episode</content>
                <imdb></imdb>
                <tvdb>77137</tvdb>
                <tvshowtitle>The Addams Family</tvshowtitle>
                <year>1964</year>
                <title>Progress and the Addams Family</title>
                <premiered>1965-04-23</premiered>
                <season>1</season>
                <episode>24</episode>
        </meta>
        <link>
		<sublink>search</sublink>
                <sublink>searchsd</sublink>
        </link>
        <animated_thumbnail></animated_thumbnail>
        <thumbnail>https://www.thetvdb.com/banners/_cache/episodes/77137/231562.jpg</thumbnail>
        <animated_fanart></animated_fanart>
        <fanart>https://www.thetvdb.com/banners/_cache/fanart/original/77137-4.jpg</fanart>
</item>

 <item>
        <title>The Addams Family S01E31 - Uncle Fester's Toupee</title>
        <meta>
                <content>episode</content>
                <imdb></imdb>
                <tvdb>77137</tvdb>
                <tvshowtitle>The Addams Family</tvshowtitle>
                <year>1964</year>
                <title>Uncle Fester's Toupee</title>
                <premiered>1965-04-30</premiered>
                <season>1</season>
                <episode>24</episode>
        </meta>
        <link>
		<sublink>search</sublink>
                <sublink>searchsd</sublink>
        </link>
        <animated_thumbnail></animated_thumbnail>
        <thumbnail>https://www.thetvdb.com/banners/_cache/episodes/77137/231563.jpg</thumbnail>
        <animated_fanart></animated_fanart>
        <fanart>https://www.thetvdb.com/banners/_cache/fanart/original/77137-4.jpg</fanart>
</item>

 <item>
        <title>The Addams Family S01E32 - Cousin Itt and the Vocational Counselor</title>
        <meta>
                <content>episode</content>
                <imdb></imdb>
                <tvdb>77137</tvdb>
                <tvshowtitle>The Addams Family</tvshowtitle>
                <year>1964</year>
                <title>Cousin Itt and the Vocational Counselor</title>
                <premiered>1965-05-07</premiered>
                <season>1</season>
                <episode>24</episode>
        </meta>
        <link>
		<sublink>search</sublink>
                <sublink>searchsd</sublink>
        </link>
        <animated_thumbnail></animated_thumbnail>
        <thumbnail>https://www.thetvdb.com/banners/_cache/episodes/77137/231564.jpg</thumbnail>
        <animated_fanart></animated_fanart>
        <fanart>https://www.thetvdb.com/banners/_cache/fanart/original/77137-4.jpg</fanart>
</item>

 <item>
        <title>The Addams Family S01E33 - Lurch, the Teenage Idol</title>
        <meta>
                <content>episode</content>
                <imdb></imdb>
                <tvdb>77137</tvdb>
                <tvshowtitle>The Addams Family</tvshowtitle>
                <year>1964</year>
                <title>Lurch, the Teenage Idol</title>
                <premiered>1965-05-06</premiered>
                <season>1</season>
                <episode>24</episode>
        </meta>
        <link>
		<sublink>search</sublink>
                <sublink>searchsd</sublink>
        </link>
        <animated_thumbnail></animated_thumbnail>
        <thumbnail>https://www.thetvdb.com/banners/_cache/episodes/77137/231565.jpg</thumbnail>
        <animated_fanart></animated_fanart>
        <fanart>https://www.thetvdb.com/banners/_cache/fanart/original/77137-4.jpg</fanart>
</item>

 <item>
        <title>The Addams Family S01E34 - The Winning of Morticia Addams</title>
        <meta>
                <content>episode</content>
                <imdb></imdb>
                <tvdb>77137</tvdb>
                <tvshowtitle>The Addams Family</tvshowtitle>
                <year>1964</year>
                <title>The Winning of Morticia Addams</title>
                <premiered>1965-05-21</premiered>
                <season>1</season>
                <episode>24</episode>
        </meta>
        <link>
		<sublink>search</sublink>
                <sublink>searchsd</sublink>
        </link>
        <animated_thumbnail></animated_thumbnail>
        <thumbnail>https://www.thetvdb.com/banners/_cache/episodes/77137/231566.jpg</thumbnail>
        <animated_fanart></animated_fanart>
        <fanart>https://www.thetvdb.com/banners/_cache/fanart/original/77137-4.jpg</fanart>
</item>
