########################
<poster>Seasons 1 - 5</poster>
<thumbnail></thumbnail>
<fanart></fanart>
########################

 <item>
        <title>The Benny Hill Show S01E01 - The European Song Contest</title>
        <meta>
                <content>episode</content>
                <imdb>tt0521472</imdb>
                <tvdb>75673</tvdb>
                <tvShowtitle>The Benny Hill Show</tvShowtitle>
                <year>1969</year>
                <title>The European Song Contest</title>
                <premiered>1969-11-19</premiered>
                <season>1</season>
                <episode>1</episode>
        </meta>
        <link>
		<sublink>search</sublink>
                <sublink>searchsd</sublink>
		<sublink></sublink>
        </link>
        <animated_thumbnail></animated_thumbnail>
        <thumbnail>https://www.thetvdb.com/banners/_cache/seasons/75673-1.jpg</thumbnail>
        <animated_fanart></animated_fanart>
        <fanart>https://www.thetvdb.com/banners/_cache/fanart/original/75673-5.jpg</fanart>
</item>

 <item>
        <title>The Benny Hill Show S01E02 - Is This Your Life?</title>
        <meta>
                <content>episode</content>
                <imdb>tt0521455</imdb>
                <tvdb>75673</tvdb>
                <tvShowtitle>The Benny Hill Show</tvShowtitle>
                <year>1969</year>
                <title>Is This Your Life?</title>
                <premiered>1969-12-25</premiered>
                <season>1</season>
                <episode>2</episode>
        </meta>
        <link>
		<sublink>search</sublink>
                <sublink>searchsd</sublink>
		<sublink></sublink>
        </link>
        <animated_thumbnail></animated_thumbnail>
        <thumbnail>https://www.thetvdb.com/banners/_cache/seasons/75673-1.jpg</thumbnail>
        <animated_fanart></animated_fanart>
        <fanart>https://www.thetvdb.com/banners/_cache/fanart/original/75673-5.jpg</fanart>
</item>

 <item>
        <title>The Benny Hill Show S01E03 - Tommy Tupper in Tupper-Time</title>
        <meta>
                <content>episode</content>
                <imdb>tt0521481</imdb>
                <tvdb>75673</tvdb>
                <tvShowtitle>The Benny Hill Show</tvShowtitle>
                <year>1969</year>
                <title>Tommy Tupper in Tupper-Time</title>
                <premiered>1970-02-04</premiered>
                <season>1</season>
                <episode>3</episode>
        </meta>
        <link>
		<sublink>search</sublink>
                <sublink>searchsd</sublink>
		<sublink></sublink>
        </link>
        <animated_thumbnail></animated_thumbnail>
        <thumbnail>https://www.thetvdb.com/banners/_cache/seasons/75673-1.jpg</thumbnail>
        <animated_fanart></animated_fanart>
        <fanart>https://www.thetvdb.com/banners/_cache/fanart/original/75673-5.jpg</fanart>
</item>

 <item>
        <title>The Benny Hill Show S01E04 - The Sound of Frankenstein</title>
        <meta>
                <content>episode</content>
                <imdb>tt0521478</imdb>
                <tvdb>75673</tvdb>
                <tvShowtitle>The Benny Hill Show</tvShowtitle>
                <year>1969</year>
                <title>The Sound of Frankenstein</title>
                <premiered>1970-03-11</premiered>
                <season>1</season>
                <episode>4</episode>
        </meta>
        <link>
		<sublink>search</sublink>
                <sublink>searchsd</sublink>
		<sublink></sublink>
        </link>
        <animated_thumbnail></animated_thumbnail>
        <thumbnail>https://www.thetvdb.com/banners/_cache/seasons/75673-1.jpg</thumbnail>
        <animated_fanart></animated_fanart>
        <fanart>https://www.thetvdb.com/banners/_cache/fanart/original/75673-5.jpg</fanart>
</item>

 <item>
        <title>The Benny Hill Show S02E01 - The Underworld Water of Jacques Custard</title>
        <meta>
                <content>episode</content>
                <imdb>tt0521480</imdb>
                <tvdb>75673</tvdb>
                <tvShowtitle>The Benny Hill Show</tvShowtitle>
                <year>1969</year>
                <title>The Underworld Water of Jacques Custard</title>
                <premiered>1970-10-28</premiered>
                <season>2</season>
                <episode>1</episode>
        </meta>
        <link>
		<sublink>search</sublink>
                <sublink>searchsd</sublink>
		<sublink></sublink>
        </link>
        <animated_thumbnail></animated_thumbnail>
        <thumbnail>https://www.thetvdb.com/banners/_cache/seasons/75673-1.jpg</thumbnail>
        <animated_fanart></animated_fanart>
        <fanart>https://www.thetvdb.com/banners/_cache/fanart/original/75673-5.jpg</fanart>
</item>

 <item>
        <title>The Benny Hill Show S02E02 - Opportunity's Knocking</title>
        <meta>
                <content>episode</content>
                <imdb>tt0521462</imdb>
                <tvdb>75673</tvdb>
                <tvShowtitle>The Benny Hill Show</tvShowtitle>
                <year>1969</year>
                <title>Opportunity's Knocking</title>
                <premiered>1970-12-23</premiered>
                <season>2</season>
                <episode>2</episode>
        </meta>
        <link>
		<sublink>search</sublink>
                <sublink>searchsd</sublink>
		<sublink></sublink>
        </link>
        <animated_thumbnail></animated_thumbnail>
        <thumbnail>https://www.thetvdb.com/banners/_cache/seasons/75673-1.jpg</thumbnail>
        <animated_fanart></animated_fanart>
        <fanart>https://www.thetvdb.com/banners/_cache/fanart/original/75673-5.jpg</fanart>
</item>

 <item>
        <title>The Benny Hill Show S02E03 - Top of the Tops</title>
        <meta>
                <content>episode</content>
                <imdb>tt0521482</imdb>
                <tvdb>75673</tvdb>
                <tvShowtitle>The Benny Hill Show</tvShowtitle>
                <year>1969</year>
                <title>Top of the Tops</title>
                <premiered>1971-01-27</premiered>
                <season>2</season>
                <episode>3</episode>
        </meta>
        <link>
		<sublink>search</sublink>
                <sublink>searchsd</sublink>
		<sublink></sublink>
        </link>
        <animated_thumbnail></animated_thumbnail>
        <thumbnail>https://www.thetvdb.com/banners/_cache/seasons/75673-1.jpg</thumbnail>
        <animated_fanart></animated_fanart>
        <fanart>https://www.thetvdb.com/banners/_cache/fanart/original/75673-5.jpg</fanart>
</item>

 <item>
        <title>The Benny Hill Show S02E04 - Undercover Sanitary Inspector</title>
        <meta>
                <content>episode</content>
                <imdb>tt0521483</imdb>
                <tvdb>75673</tvdb>
                <tvShowtitle>The Benny Hill Show</tvShowtitle>
                <year>1969</year>
                <title>Undercover Sanitary Inspector</title>
                <premiered>1971-02-24</premiered>
                <season>2</season>
                <episode>4</episode>
        </meta>
        <link>
		<sublink>search</sublink>
                <sublink>searchsd</sublink>
		<sublink></sublink>
        </link>
        <animated_thumbnail></animated_thumbnail>
        <thumbnail>https://www.thetvdb.com/banners/_cache/seasons/75673-1.jpg</thumbnail>
        <animated_fanart></animated_fanart>
        <fanart>https://www.thetvdb.com/banners/_cache/fanart/original/75673-5.jpg</fanart>
</item>

 <item>
        <title>The Benny Hill Show S02E05 - Cinema: The Vintage Years</title>
        <meta>
                <content>episode</content>
                <imdb>tt0521445</imdb>
                <tvdb>75673</tvdb>
                <tvShowtitle>The Benny Hill Show</tvShowtitle>
                <year>1969</year>
                <title>Cinema: The Vintage Years</title>
                <premiered>1971-03-24</premiered>
                <season>2</season>
                <episode>5</episode>
        </meta>
        <link>
		<sublink>search</sublink>
                <sublink>searchsd</sublink>
		<sublink></sublink>
        </link>
        <animated_thumbnail></animated_thumbnail>
        <thumbnail>https://www.thetvdb.com/banners/_cache/seasons/75673-1.jpg</thumbnail>
        <animated_fanart></animated_fanart>
        <fanart>https://www.thetvdb.com/banners/_cache/fanart/original/75673-5.jpg</fanart>
</item>

 <item>
        <title>The Benny Hill Show S03E01 - Fun in the Kitchen with Johnny and Cranny Faddock</title>
        <meta>
                <content>episode</content>
                <imdb>tt0521450</imdb>
                <tvdb>75673</tvdb>
                <tvShowtitle>The Benny Hill Show</tvShowtitle>
                <year>1969</year>
                <title>Fun in the Kitchen with Johnny and Cranny Faddock</title>
                <premiered>1971-11-24</premiered>
                <season>3</season>
                <episode>1</episode>
        </meta>
        <link>
		<sublink>search</sublink>
                <sublink>searchsd</sublink>
		<sublink></sublink>
        </link>
        <animated_thumbnail></animated_thumbnail>
        <thumbnail>https://www.thetvdb.com/banners/_cache/seasons/75673-3.jpg</thumbnail>
        <animated_fanart></animated_fanart>
        <fanart>https://www.thetvdb.com/banners/_cache/fanart/original/75673-5.jpg</fanart>
</item>

 <item>
        <title>The Benny Hill Show S03E02 - News at Ten with Reginald Boozenquet</title>
        <meta>
                <content>episode</content>
                <imdb>tt0521461</imdb>
                <tvdb>75673</tvdb>
                <tvShowtitle>The Benny Hill Show</tvShowtitle>
                <year>1969</year>
                <title>News at Ten with Reginald Boozenquet</title>
                <premiered>1971-12-22</premiered>
                <season>3</season>
                <episode>2</episode>
        </meta>
        <link>
		<sublink>search</sublink>
                <sublink>searchsd</sublink>
		<sublink></sublink>
        </link>
        <animated_thumbnail></animated_thumbnail>
        <thumbnail>https://www.thetvdb.com/banners/_cache/seasons/75673-3.jpg</thumbnail>
        <animated_fanart></animated_fanart>
        <fanart>https://www.thetvdb.com/banners/_cache/fanart/original/75673-5.jpg</fanart>
</item>

 <item>
        <title>The Benny Hill Show S03E03 - Chow-Mein at Customs and Integration</title>
        <meta>
                <content>episode</content>
                <imdb>tt0521440</imdb>
                <tvdb>75673</tvdb>
                <tvShowtitle>The Benny Hill Show</tvShowtitle>
                <year>1969</year>
                <title>Chow-Mein at Customs and Integration</title>
                <premiered>1972-02-23</premiered>
                <season>3</season>
                <episode>3</episode>
        </meta>
        <link>
		<sublink>search</sublink>
                <sublink>searchsd</sublink>
		<sublink></sublink>
        </link>
        <animated_thumbnail></animated_thumbnail>
        <thumbnail>https://www.thetvdb.com/banners/_cache/seasons/75673-3.jpg</thumbnail>
        <animated_fanart></animated_fanart>
        <fanart>https://www.thetvdb.com/banners/_cache/fanart/original/75673-5.jpg</fanart>
</item>

 <item>
        <title>The Benny Hill Show S03E04 - Down Memory Lane</title>
        <meta>
                <content>episode</content>
                <imdb>tt0521447</imdb>
                <tvdb>75673</tvdb>
                <tvShowtitle>The Benny Hill Show</tvShowtitle>
                <year>1969</year>
                <title>Down Memory Lane</title>
                <premiered>1972-03-22</premiered>
                <season>3</season>
                <episode>4</episode>
        </meta>
        <link>
		<sublink>search</sublink>
                <sublink>searchsd</sublink>
		<sublink></sublink>
        </link>
        <animated_thumbnail></animated_thumbnail>
        <thumbnail>https://www.thetvdb.com/banners/_cache/seasons/75673-3.jpg</thumbnail>
        <animated_fanart></animated_fanart>
        <fanart>https://www.thetvdb.com/banners/_cache/fanart/original/75673-5.jpg</fanart>
</item>

 <item>
        <title>The Benny Hill Show S04E01 - Woodstick</title>
        <meta>
                <content>episode</content>
                <imdb>tt0521486</imdb>
                <tvdb>75673</tvdb>
                <tvShowtitle>The Benny Hill Show</tvShowtitle>
                <year>1969</year>
                <title>Woodstick</title>
                <premiered>1972-10-25</premiered>
                <season>4</season>
                <episode>1</episode>
        </meta>
        <link>
		<sublink>search</sublink>
                <sublink>searchsd</sublink>
		<sublink></sublink>
        </link>
        <animated_thumbnail></animated_thumbnail>
        <thumbnail>https://www.thetvdb.com/banners/_cache/seasons/75673-3.jpg</thumbnail>
        <animated_fanart></animated_fanart>
        <fanart>https://www.thetvdb.com/banners/_cache/fanart/original/75673-5.jpg</fanart>
</item>

 <item>
        <title>The Benny Hill Show S04E02 - The Common Market Square Dance</title>
        <meta>
                <content>episode</content>
                <imdb>tt0521469</imdb>
                <tvdb>75673</tvdb>
                <tvShowtitle>The Benny Hill Show</tvShowtitle>
                <year>1969</year>
                <title>The Common Market Square Dance</title>
                <premiered>1972-12-27</premiered>
                <season>4</season>
                <episode>2</episode>
        </meta>
        <link>
		<sublink>search</sublink>
                <sublink>searchsd</sublink>
		<sublink></sublink>
        </link>
        <animated_thumbnail></animated_thumbnail>
        <thumbnail>https://www.thetvdb.com/banners/_cache/seasons/75673-3.jpg</thumbnail>
        <animated_fanart></animated_fanart>
        <fanart>https://www.thetvdb.com/banners/_cache/fanart/original/75673-5.jpg</fanart>
</item>

 <item>
        <title>The Benny Hill Show S04E03 - Jackie Wright's Holiday</title>
        <meta>
                <content>episode</content>
                <imdb>tt0521457</imdb>
                <tvdb>75673</tvdb>
                <tvShowtitle>The Benny Hill Show</tvShowtitle>
                <year>1969</year>
                <title>Jackie Wright's Holiday</title>
                <premiered>1973-02-22</premiered>
                <season>4</season>
                <episode>3</episode>
        </meta>
        <link>
		<sublink>search</sublink>
                <sublink>searchsd</sublink>
		<sublink></sublink>
        </link>
        <animated_thumbnail></animated_thumbnail>
        <thumbnail>https://www.thetvdb.com/banners/_cache/seasons/75673-3.jpg</thumbnail>
        <animated_fanart></animated_fanart>
        <fanart>https://www.thetvdb.com/banners/_cache/fanart/original/75673-5.jpg</fanart>
</item>

 <item>
        <title>The Benny Hill Show S04E04 - The Dalton Abbott Railway Choir</title>
        <meta>
                <content>episode</content>
                <imdb>tt0521471</imdb>
                <tvdb>75673</tvdb>
                <tvShowtitle>The Benny Hill Show</tvShowtitle>
                <year>1969</year>
                <title>The Dalton Abbott Railway Choir</title>
                <premiered>1973-03-29</premiered>
                <season>4</season>
                <episode>4</episode>
        </meta>
        <link>
		<sublink>search</sublink>
                <sublink>searchsd</sublink>
		<sublink></sublink>
        </link>
        <animated_thumbnail></animated_thumbnail>
        <thumbnail>https://www.thetvdb.com/banners/_cache/seasons/75673-3.jpg</thumbnail>
        <animated_fanart></animated_fanart>
        <fanart>https://www.thetvdb.com/banners/_cache/fanart/original/75673-5.jpg</fanart>
</item>

 <item>
        <title>The Benny Hill Show S05E01 - Spot Black</title>
        <meta>
                <content>episode</content>
                <imdb>tt0521464</imdb>
                <tvdb>75673</tvdb>
                <tvShowtitle>The Benny Hill Show</tvShowtitle>
                <year>1969</year>
                <title>Spot Black</title>
                <premiered>1973-12-05</premiered>
                <season>5</season>
                <episode>1</episode>
        </meta>
        <link>
		<sublink>search</sublink>
                <sublink>searchsd</sublink>
		<sublink></sublink>
        </link>
        <animated_thumbnail></animated_thumbnail>
        <thumbnail>https://www.thetvdb.com/banners/_cache/seasons/75673-3.jpg</thumbnail>
        <animated_fanart></animated_fanart>
        <fanart>https://www.thetvdb.com/banners/_cache/fanart/original/75673-5.jpg</fanart>
</item>

 <item>
        <title>The Benny Hill Show S05E02 - The Great British Dancing Finals</title>
        <meta>
                <content>episode</content>
                <imdb>tt0521473</imdb>
                <tvdb>75673</tvdb>
                <tvShowtitle>The Benny Hill Show</tvShowtitle>
                <year>1969</year>
                <title>The Great British Dancing Finals</title>
                <premiered>1973-12-27</premiered>
                <season>5</season>
                <episode>2</episode>
        </meta>
        <link>
		<sublink>search</sublink>
                <sublink>searchsd</sublink>
		<sublink></sublink>
        </link>
        <animated_thumbnail></animated_thumbnail>
        <thumbnail>https://www.thetvdb.com/banners/_cache/seasons/75673-3.jpg</thumbnail>
        <animated_fanart></animated_fanart>
        <fanart>https://www.thetvdb.com/banners/_cache/fanart/original/75673-5.jpg</fanart>
</item>

 <item>
        <title>The Benny Hill Show S05E03 - Film Time at the Natural Film Theatre</title>
        <meta>
                <content>episode</content>
                <imdb>tt0521448</imdb>
                <tvdb>75673</tvdb>
                <tvShowtitle>The Benny Hill Show</tvShowtitle>
                <year>1969</year>
                <title>Film Time at the Natural Film Theatre</title>
                <premiered>1974-02-07</premiered>
                <season>5</season>
                <episode>3</episode>
        </meta>
        <link>
		<sublink>search</sublink>
                <sublink>searchsd</sublink>
		<sublink></sublink>
        </link>
        <animated_thumbnail></animated_thumbnail>
        <thumbnail>https://www.thetvdb.com/banners/_cache/seasons/75673-3.jpg</thumbnail>
        <animated_fanart></animated_fanart>
        <fanart>https://www.thetvdb.com/banners/_cache/fanart/original/75673-5.jpg</fanart>
</item>

 <item>
        <title>The Benny Hill Show S05E04 - Coalpits</title>
        <meta>
                <content>episode</content>
                <imdb>tt0521446</imdb>
                <tvdb>75673</tvdb>
                <tvShowtitle>The Benny Hill Show</tvShowtitle>
                <year>1969</year>
                <title>Coalpits</title>
                <premiered>1974-03-13</premiered>
                <season>5</season>
                <episode>4</episode>
        </meta>
        <link>
		<sublink>search</sublink>
                <sublink>searchsd</sublink>
		<sublink></sublink>
        </link>
        <animated_thumbnail></animated_thumbnail>
        <thumbnail>https://www.thetvdb.com/banners/_cache/seasons/75673-3.jpg</thumbnail>
        <animated_fanart></animated_fanart>
        <fanart>https://www.thetvdb.com/banners/_cache/fanart/original/75673-5.jpg</fanart>
</item>
