########################
<poster>The Beverly Hillbillies</poster>
<thumbnail></thumbnail>
<fanart></fanart>
#############################

<dir>
        <name>Season 1</name>
        <meta>
                <content>season</content>
                <imdb>tt0055662</imdb>
                <tvdb>71471</tvdb>
                <tvshowtitle>The Beverly Hillbillies</tvshowtitle>
                <year>1962</year>
                <season>1</season>
        </meta>
        <link>https://raw.githubusercontent.com/Doggmatic71/doggmatic71/master/plugin.video.laughtraxx/resources/beverly1.xml</link>
        <thumbnail>https://www.thetvdb.com/banners/_cache/seasons/71471-1.jpg</thumbnail>
</dir>

<dir>		
        <name>Season 2</name>
        <meta>
                <content>season</content>
                <imdb>tt0055662</imdb>
                <tvdb>71471</tvdb>
                <tvshowtitle>The Beverly Hillbillies</tvshowtitle>
                <year>1962</year>
                <season>2</season>
        </meta>
        <link></link>
        <thumbnail>https://www.thetvdb.com/banners/_cache/seasons/71471-2-3.jpg</thumbnail>		
</dir>

<dir>		
        <name>Season 3</name>
        <meta>
                <content>season</content>
                <imdb>tt0055662</imdb>
                <tvdb>71471</tvdb>
                <tvshowtitle>The Beverly Hillbillies</tvshowtitle>
                <year>1962</year>
                <season>3</season>
        </meta>
        <link></link>
        <thumbnail>https://www.thetvdb.com/banners/_cache/seasons/71471-3.jpg</thumbnail>		
</dir>

<dir>		
        <name>Season 4</name>
        <meta>
                <content>season</content>
                <imdb>tt0055662</imdb>
                <tvdb>71471</tvdb>
                <tvshowtitle>The Beverly Hillbillies</tvshowtitle>
                <year>1962</year>
                <season>4</season>
        </meta>
        <link></link>
        <thumbnail>https://www.thetvdb.com/banners/_cache/seasons/71471-4-3.jpg</thumbnail>		
</dir>

<dir>		
        <name>Season 5</name>
        <meta>
                <content>season</content>
                <imdb>tt0055662</imdb>
                <tvdb>71471</tvdb>
                <tvshowtitle>The Beverly Hillbillies</tvshowtitle>
                <year>1962</year>
                <season>5</season>
        </meta>
        <link></link>
        <thumbnail>https://www.thetvdb.com/banners/_cache/seasons/71471-5.jpg</thumbnail>		
</dir>

<dir>		
        <name>Season 6</name>
        <meta>
                <content>season</content>
                <imdb>tt0055662</imdb>
                <tvdb>71471</tvdb>
                <tvshowtitle>The Beverly Hillbillies</tvshowtitle>
                <year>1962</year>
                <season>6</season>
        </meta>
        <link></link>
        <thumbnail>https://www.thetvdb.com/banners/_cache/seasons/71471-6.jpg</thumbnail>		
</dir>

<dir>		
        <name>Season 7</name>
        <meta>
                <content>season</content>
                <imdb>tt0055662</imdb>
                <tvdb>71471</tvdb>
                <tvshowtitle>The Beverly Hillbillies</tvshowtitle>
                <year>1962</year>
                <season>7</season>
        </meta>
        <link></link>
        <thumbnail>https://www.thetvdb.com/banners/_cache/seasons/71471-7.jpg</thumbnail>		
</dir>

<dir>		
        <name>Season 8</name>
        <meta>
                <content>season</content>
                <imdb>tt0055662</imdb>
                <tvdb>71471</tvdb>
                <tvshowtitle>The Beverly Hillbillies</tvshowtitle>
                <year>1962</year>
                <season>8</season>
        </meta>
        <link></link>
        <thumbnail>https://www.thetvdb.com/banners/_cache/seasons/71471-8.jpg</thumbnail>		
</dir>

<dir>		
        <name>Season 9</name>
        <meta>
                <content>season</content>
                <imdb>tt0055662</imdb>
                <tvdb>71471</tvdb>
                <tvshowtitle>The Beverly Hillbillies</tvshowtitle>
                <year>1962</year>
                <season>9</season>
        </meta>
        <link></link>
        <thumbnail>https://www.thetvdb.com/banners/_cache/seasons/71471-9.jpg</thumbnail>		
</dir>


