########################
<poster>Season 1</poster>
<thumbnail></thumbnail>
<fanart></fanart>
########################

 <item>
        <title>The Beverly Hillbillies S01E01 - The Clampetts Strike Oil</title>
        <meta>
                <content>episode</content>
                <imdb></imdb>
                <tvdb>71471</tvdb>
                <tvshowtitle>The Beverly Hillbillies</tvshowtitle>
                <year>1962</year>
                <title>The Clampetts Strike Oil</title>
                <premiered>1962-09-26</premiered>
                <season>1</season>
                <episode>1</episode>
        </meta>
        <link>
		<sublink>search</sublink>
                <sublink>searchsd</sublink>
        </link>
        <animated_thumbnail></animated_thumbnail>
        <thumbnail>https://www.thetvdb.com/banners/_cache/posters/71471-7.jpg</thumbnail>
        <animated_fanart></animated_fanart>
        <fanart>https://www.thetvdb.com/banners/_cache/fanart/original/71471-3.jpg</fanart>
</item>

 <item>
        <title>The Beverly Hillbillies S01E02 - Getting Settled</title>
        <meta>
                <content>episode</content>
                <imdb></imdb>
                <tvdb>71471</tvdb>
                <tvshowtitle>The Beverly Hillbillies</tvshowtitle>
                <year>1962</year>
                <title>Getting Settled</title>
                <premiered>1962-10-03</premiered>
                <season>1</season>
                <episode>2</episode>
        </meta>
        <link>
		<sublink>search</sublink>
                <sublink>searchsd</sublink>
        </link>
        <animated_thumbnail></animated_thumbnail>
        <thumbnail>https://www.thetvdb.com/banners/_cache/posters/71471-7.jpg</thumbnail>
        <animated_fanart></animated_fanart>
        <fanart>https://www.thetvdb.com/banners/_cache/fanart/original/71471-3.jpg</fanart>
</item>

 <item>
        <title>The Beverly Hillbillies S01E03 - Meanwhile, Back at the Cabin</title>
        <meta>
                <content>episode</content>
                <imdb></imdb>
                <tvdb>71471</tvdb>
                <tvshowtitle>The Beverly Hillbillies</tvshowtitle>
                <year>1962</year>
                <title>Meanwhile, Back at the Cabin</title>
                <premiered>1962-10-10</premiered>
                <season>1</season>
                <episode>3</episode>
        </meta>
        <link>
		<sublink>search</sublink>
                <sublink>searchsd</sublink>
        </link>
        <animated_thumbnail></animated_thumbnail>
        <thumbnail>https://www.thetvdb.com/banners/_cache/posters/71471-7.jpg</thumbnail>
        <animated_fanart></animated_fanart>
        <fanart>https://www.thetvdb.com/banners/_cache/fanart/original/71471-3.jpg</fanart>
</item>

 <item>
        <title>The Beverly Hillbillies S01E04 - The Clampetts Meet Mrs. Drysdale</title>
        <meta>
                <content>episode</content>
                <imdb></imdb>
                <tvdb>71471</tvdb>
                <tvshowtitle>The Beverly Hillbillies</tvshowtitle>
                <year>1962</year>
                <title>The Clampetts Meet Mrs. Drysdale</title>
                <premiered>1962-10-17</premiered>
                <season>1</season>
                <episode>4</episode>
        </meta>
        <link>
		<sublink>search</sublink>
                <sublink>searchsd</sublink>
        </link>
        <animated_thumbnail></animated_thumbnail>
        <thumbnail>https://www.thetvdb.com/banners/_cache/posters/71471-7.jpg</thumbnail>
        <animated_fanart></animated_fanart>
        <fanart>https://www.thetvdb.com/banners/_cache/fanart/original/71471-3.jpg</fanart>
</item>

 <item>
        <title>The Beverly Hillbillies S01E05 - Jed Buys Stock</title>
        <meta>
                <content>episode</content>
                <imdb></imdb>
                <tvdb>71471</tvdb>
                <tvshowtitle>The Beverly Hillbillies</tvshowtitle>
                <year>1962</year>
                <title>Jed Buys Stock</title>
                <premiered>1962-10-24</premiered>
                <season>1</season>
                <episode>5</episode>
        </meta>
        <link>
		<sublink>search</sublink>
                <sublink>searchsd</sublink>
        </link>
        <animated_thumbnail></animated_thumbnail>
        <thumbnail>https://www.thetvdb.com/banners/_cache/posters/71471-7.jpg</thumbnail>
        <animated_fanart></animated_fanart>
        <fanart>https://www.thetvdb.com/banners/_cache/fanart/original/71471-3.jpg</fanart>
</item>

 <item>
        <title>The Beverly Hillbillies S01E06 - Trick or Treat</title>
        <meta>
                <content>episode</content>
                <imdb></imdb>
                <tvdb>71471</tvdb>
                <tvshowtitle>The Beverly Hillbillies</tvshowtitle>
                <year>1962</year>
                <title>Trick or Treat</title>
                <premiered>1962-10-31</premiered>
                <season>1</season>
                <episode>6</episode>
        </meta>
        <link>
		<sublink>search</sublink>
                <sublink>searchsd</sublink>
        </link>
        <animated_thumbnail></animated_thumbnail>
        <thumbnail>https://www.thetvdb.com/banners/_cache/posters/71471-7.jpg</thumbnail>
        <animated_fanart></animated_fanart>
        <fanart>https://www.thetvdb.com/banners/_cache/fanart/original/71471-3.jpg</fanart>
</item>

 <item>
        <title>The Beverly Hillbillies S01E07 - The Servants</title>
        <meta>
                <content>episode</content>
                <imdb></imdb>
                <tvdb>71471</tvdb>
                <tvshowtitle>The Beverly Hillbillies</tvshowtitle>
                <year>1962</year>
                <title>The Servants</title>
                <premiered>1962-11-07</premiered>
                <season>1</season>
                <episode>7</episode>
        </meta>
        <link>
		<sublink>search</sublink>
                <sublink>searchsd</sublink>
        </link>
        <animated_thumbnail></animated_thumbnail>
        <thumbnail>https://www.thetvdb.com/banners/_cache/posters/71471-7.jpg</thumbnail>
        <animated_fanart></animated_fanart>
        <fanart>https://www.thetvdb.com/banners/_cache/fanart/original/71471-3.jpg</fanart>
</item>
 <item>
        <title>The Beverly Hillbillies S01E08 - Jethro Goes to School</title>
        <meta>
                <content>episode</content>
                <imdb></imdb>
                <tvdb>71471</tvdb>
                <tvshowtitle>The Beverly Hillbillies</tvshowtitle>
                <year>1962</year>
                <title>Jethro Goes to School</title>
                <premiered>1962-11-14</premiered>
                <season>1</season>
                <episode>8</episode>
        </meta>
        <link>
		<sublink>search</sublink>
                <sublink>searchsd</sublink>
        </link>
        <animated_thumbnail></animated_thumbnail>
        <thumbnail>https://www.thetvdb.com/banners/_cache/posters/71471-7.jpg</thumbnail>
        <animated_fanart></animated_fanart>
        <fanart>https://www.thetvdb.com/banners/_cache/fanart/original/71471-3.jpg</fanart>
</item>

 <item>
        <title>The Beverly Hillbillies S01E09 - Elly's First Date</title>
        <meta>
                <content>episode</content>
                <imdb></imdb>
                <tvdb>71471</tvdb>
                <tvshowtitle>The Beverly Hillbillies</tvshowtitle>
                <year>1962</year>
                <title>Elly's First Date</title>
                <premiered>1962-11-21</premiered>
                <season>1</season>
                <episode>9</episode>
        </meta>
        <link>
		<sublink>search</sublink>
                <sublink>searchsd</sublink>
        </link>
        <animated_thumbnail></animated_thumbnail>
        <thumbnail>https://www.thetvdb.com/banners/_cache/posters/71471-7.jpg</thumbnail>
        <animated_fanart></animated_fanart>
        <fanart>https://www.thetvdb.com/banners/_cache/fanart/original/71471-3.jpg</fanart>
</item>

 <item>
        <title>The Beverly Hillbillies S01E10 - Pygmalion and Elly</title>
        <meta>
                <content>episode</content>
                <imdb></imdb>
                <tvdb>71471</tvdb>
                <tvshowtitle>The Beverly Hillbillies</tvshowtitle>
                <year>1962</year>
                <title>Pygmalion and Elly</title>
                <premiered>1962-11-28</premiered>
                <season>1</season>
                <episode>10</episode>
        </meta>
        <link>
		<sublink>search</sublink>
                <sublink>searchsd</sublink>
        </link>
        <animated_thumbnail></animated_thumbnail>
        <thumbnail>https://www.thetvdb.com/banners/_cache/posters/71471-7.jpg</thumbnail>
        <animated_fanart></animated_fanart>
        <fanart>https://www.thetvdb.com/banners/_cache/fanart/original/71471-3.jpg</fanart>
</item>
 <item>
        <title>The Beverly Hillbillies S01E11 - Elly Races Jethrine</title>
        <meta>
                <content>episode</content>
                <imdb></imdb>
                <tvdb>71471</tvdb>
                <tvshowtitle>The Beverly Hillbillies</tvshowtitle>
                <year>1962</year>
                <title>Elly Races Jethrine</title>
                <premiered>1962-12-05</premiered>
                <season>1</season>
                <episode>11</episode>
        </meta>
        <link>
		<sublink>search</sublink>
                <sublink>searchsd</sublink>
        </link>
        <animated_thumbnail></animated_thumbnail>
        <thumbnail>https://www.thetvdb.com/banners/_cache/posters/71471-7.jpg</thumbnail>
        <animated_fanart></animated_fanart>
        <fanart>https://www.thetvdb.com/banners/_cache/fanart/original/71471-3.jpg</fanart>
</item>

 <item>
        <title>The Beverly Hillbillies S01E12 - The Great Feud</title>
        <meta>
                <content>episode</content>
                <imdb></imdb>
                <tvdb>71471</tvdb>
                <tvshowtitle>The Beverly Hillbillies</tvshowtitle>
                <year>1962</year>
                <title>The Great Feud</title>
                <premiered>1962-12-12</premiered>
                <season>1</season>
                <episode>12</episode>
        </meta>
        <link>
		<sublink>search</sublink>
                <sublink>searchsd</sublink>
        </link>
        <animated_thumbnail></animated_thumbnail>
        <thumbnail>https://www.thetvdb.com/banners/_cache/posters/71471-7.jpg</thumbnail>
        <animated_fanart></animated_fanart>
        <fanart>https://www.thetvdb.com/banners/_cache/fanart/original/71471-3.jpg</fanart>
</item>

 <item>
        <title>The Beverly Hillbillies S01E13 - Home for Christmas</title>
        <meta>
                <content>episode</content>
                <imdb></imdb>
                <tvdb>71471</tvdb>
                <tvshowtitle>The Beverly Hillbillies</tvshowtitle>
                <year>1962</year>
                <title>Home for Christmas</title>
                <premiered>1962-12-19</premiered>
                <season>1</season>
                <episode>13</episode>
        </meta>
        <link>
		<sublink>search</sublink>
                <sublink>searchsd</sublink>
        </link>
        <animated_thumbnail></animated_thumbnail>
        <thumbnail>https://www.thetvdb.com/banners/_cache/posters/71471-7.jpg</thumbnail>
        <animated_fanart></animated_fanart>
        <fanart>https://www.thetvdb.com/banners/_cache/fanart/original/71471-3.jpg</fanart>
</item>

 <item>
        <title>The Beverly Hillbillies S01E14 - No Place Like Home</title>
        <meta>
                <content>episode</content>
                <imdb></imdb>
                <tvdb>71471</tvdb>
                <tvshowtitle>The Beverly Hillbillies</tvshowtitle>
                <year>1962</year>
                <title>No Place Like Home</title>
                <premiered>1962-12-26</premiered>
                <season>1</season>
                <episode>14</episode>
        </meta>
        <link>
		<sublink>search</sublink>
                <sublink>searchsd</sublink>
        </link>
        <animated_thumbnail></animated_thumbnail>
        <thumbnail>https://www.thetvdb.com/banners/_cache/posters/71471-7.jpg</thumbnail>
        <animated_fanart></animated_fanart>
        <fanart>https://www.thetvdb.com/banners/_cache/fanart/original/71471-3.jpg</fanart>
</item>

 <item>
        <title>The Beverly Hillbillies S01E15 - Jed Rescues Pearl</title>
        <meta>
                <content>episode</content>
                <imdb></imdb>
                <tvdb>71471</tvdb>
                <tvshowtitle>The Beverly Hillbillies</tvshowtitle>
                <year>1962</year>
                <title>Jed Rescues Pearl</title>
                <premiered>1963-01-02</premiered>
                <season>1</season>
                <episode>15</episode>
        </meta>
        <link>
		<sublink>search</sublink>
                <sublink>searchsd</sublink>
        </link>
        <animated_thumbnail></animated_thumbnail>
        <thumbnail>https://www.thetvdb.com/banners/_cache/posters/71471-7.jpg</thumbnail>
        <animated_fanart></animated_fanart>
        <fanart>https://www.thetvdb.com/banners/_cache/fanart/original/71471-3.jpg</fanart>
</item>

 <item>
        <title>The Beverly Hillbillies S01E16 - Back to Californy</title>
        <meta>
                <content>episode</content>
                <imdb></imdb>
                <tvdb>71471</tvdb>
                <tvshowtitle>The Beverly Hillbillies</tvshowtitle>
                <year>1962</year>
                <title>Back to Californy</title>
                <premiered>1963-01-09</premiered>
                <season>1</season>
                <episode>16</episode>
        </meta>
        <link>
		<sublink>search</sublink>
                <sublink>searchsd</sublink>
        </link>
        <animated_thumbnail></animated_thumbnail>
        <thumbnail>https://www.thetvdb.com/banners/_cache/posters/71471-7.jpg</thumbnail>
        <animated_fanart></animated_fanart>
        <fanart>https://www.thetvdb.com/banners/_cache/fanart/original/71471-3.jpg</fanart>
</item>

 <item>
        <title>The Beverly Hillbillies S01E17 - Jed's Dilemma</title>
        <meta>
                <content>episode</content>
                <imdb></imdb>
                <tvdb>71471</tvdb>
                <tvshowtitle>The Beverly Hillbillies</tvshowtitle>
                <year>1962</year>
                <title>Jed's Dilemma</title>
                <premiered>1963-01-16</premiered>
                <season>1</season>
                <episode>17</episode>
        </meta>
        <link>
		<sublink>search</sublink>
                <sublink>searchsd</sublink>
        </link>
        <animated_thumbnail></animated_thumbnail>
        <thumbnail>https://www.thetvdb.com/banners/_cache/posters/71471-7.jpg</thumbnail>
        <animated_fanart></animated_fanart>
        <fanart>https://www.thetvdb.com/banners/_cache/fanart/original/71471-3.jpg</fanart>
</item>

 <item>
        <title>The Beverly Hillbillies S01E18 - Jed Saves Drysdale's Marriage</title>
        <meta>
                <content>episode</content>
                <imdb></imdb>
                <tvdb>71471</tvdb>
                <tvshowtitle>The Beverly Hillbillies</tvshowtitle>
                <year>1962</year>
                <title>Jed Saves Drysdale's Marriage</title>
                <premiered>1963-01-23</premiered>
                <season>1</season>
                <episode>18</episode>
        </meta>
        <link>
		<sublink>search</sublink>
                <sublink>searchsd</sublink>
        </link>
        <animated_thumbnail></animated_thumbnail>
        <thumbnail>https://www.thetvdb.com/banners/_cache/posters/71471-7.jpg</thumbnail>
        <animated_fanart></animated_fanart>
        <fanart>https://www.thetvdb.com/banners/_cache/fanart/original/71471-3.jpg</fanart>
</item>

 <item>
        <title>The Beverly Hillbillies S01E19 - Elly's Animals</title>
        <meta>
                <content>episode</content>
                <imdb></imdb>
                <tvdb>71471</tvdb>
                <tvshowtitle>The Beverly Hillbillies</tvshowtitle>
                <year>1962</year>
                <title>Elly's Animals</title>
                <premiered>1963-01-30</premiered>
                <season>1</season>
                <episode>19</episode>
        </meta>
        <link>
		<sublink>search</sublink>
                <sublink>searchsd</sublink>
        </link>
        <animated_thumbnail></animated_thumbnail>
        <thumbnail>https://www.thetvdb.com/banners/_cache/posters/71471-7.jpg</thumbnail>
        <animated_fanart></animated_fanart>
        <fanart>https://www.thetvdb.com/banners/_cache/fanart/original/71471-3.jpg</fanart>
</item>

 <item>
        <title>The Beverly Hillbillies S01E20 - Jed Throws a Wingding</title>
        <meta>
                <content>episode</content>
                <imdb></imdb>
                <tvdb>71471</tvdb>
                <tvshowtitle>The Beverly Hillbillies</tvshowtitle>
                <year>1962</year>
                <title>Jed Throws a Wingding</title>
                <premiered>1963-02-06</premiered>
                <season>1</season>
                <episode>20</episode>
        </meta>
        <link>
		<sublink>search</sublink>
                <sublink>searchsd</sublink>
        </link>
        <animated_thumbnail></animated_thumbnail>
        <thumbnail>https://www.thetvdb.com/banners/_cache/posters/71471-7.jpg</thumbnail>
        <animated_fanart></animated_fanart>
        <fanart>https://www.thetvdb.com/banners/_cache/fanart/original/71471-3.jpg</fanart>
</item>

 <item>
        <title>The Beverly Hillbillies S01E21 - Jed Plays Solomon</title>
        <meta>
                <content>episode</content>
                <imdb></imdb>
                <tvdb>71471</tvdb>
                <tvshowtitle>The Beverly Hillbillies</tvshowtitle>
                <year>1962</year>
                <title>Jed Plays Solomon</title>
                <premiered>1963-02-13</premiered>
                <season>1</season>
                <episode>21</episode>
        </meta>
        <link>
		<sublink>search</sublink>
                <sublink>searchsd</sublink>
        </link>
        <animated_thumbnail></animated_thumbnail>
        <thumbnail>https://www.thetvdb.com/banners/_cache/posters/71471-7.jpg</thumbnail>
        <animated_fanart></animated_fanart>
        <fanart>https://www.thetvdb.com/banners/_cache/fanart/original/71471-3.jpg</fanart>
</item>

 <item>
        <title>The Beverly Hillbillies S01E22 - Duke Steals a Wife</title>
        <meta>
                <content>episode</content>
                <imdb></imdb>
                <tvdb>71471</tvdb>
                <tvshowtitle>The Beverly Hillbillies</tvshowtitle>
                <year>1962</year>
                <title>Duke Steals a Wife</title>
                <premiered>1963-02-20</premiered>
                <season>1</season>
                <episode>22</episode>
        </meta>
        <link>
		<sublink>search</sublink>
                <sublink>searchsd</sublink>
        </link>
        <animated_thumbnail></animated_thumbnail>
        <thumbnail>https://www.thetvdb.com/banners/_cache/posters/71471-7.jpg</thumbnail>
        <animated_fanart></animated_fanart>
        <fanart>https://www.thetvdb.com/banners/_cache/fanart/original/71471-3.jpg</fanart>
</item>

 <item>
        <title>The Beverly Hillbillies S01E23 - Jed Buys the Freeway</title>
        <meta>
                <content>episode</content>
                <imdb></imdb>
                <tvdb>71471</tvdb>
                <tvshowtitle>The Beverly Hillbillies</tvshowtitle>
                <year>1962</year>
                <title>Jed Buys the Freeway</title>
                <premiered>1963-02-27</premiered>
                <season>1</season>
                <episode>23</episode>
        </meta>
        <link>
		<sublink>search</sublink>
                <sublink>searchsd</sublink>
        </link>
        <animated_thumbnail></animated_thumbnail>
        <thumbnail>https://www.thetvdb.com/banners/_cache/posters/71471-7.jpg</thumbnail>
        <animated_fanart></animated_fanart>
        <fanart>https://www.thetvdb.com/banners/_cache/fanart/original/71471-3.jpg</fanart>
</item>

 <item>
        <title>The Beverly Hillbillies S01E24 - Jed Becomes a Banker</title>
        <meta>
                <content>episode</content>
                <imdb></imdb>
                <tvdb>71471</tvdb>
                <tvshowtitle>The Beverly Hillbillies</tvshowtitle>
                <year>1962</year>
                <title>Jed Becomes a Banker</title>
                <premiered>1963-03-06</premiered>
                <season>1</season>
                <episode>24</episode>
        </meta>
        <link>
		<sublink>search</sublink>
                <sublink>searchsd</sublink>
        </link>
        <animated_thumbnail></animated_thumbnail>
        <thumbnail>https://www.thetvdb.com/banners/_cache/posters/71471-7.jpg</thumbnail>
        <animated_fanart></animated_fanart>
        <fanart>https://www.thetvdb.com/banners/_cache/fanart/original/71471-3.jpg</fanart>
</item>

 <item>
        <title>The Beverly Hillbillies S01E25 - The Family Tree</title>
        <meta>
                <content>episode</content>
                <imdb></imdb>
                <tvdb>71471</tvdb>
                <tvshowtitle>The Beverly Hillbillies</tvshowtitle>
                <year>1962</year>
                <title>The Family Tree</title>
                <premiered>1963-03-13</premiered>
                <season>1</season>
                <episode>25</episode>
        </meta>
        <link>
		<sublink>search</sublink>
                <sublink>searchsd</sublink>
        </link>
        <animated_thumbnail></animated_thumbnail>
        <thumbnail>https://www.thetvdb.com/banners/_cache/posters/71471-7.jpg</thumbnail>
        <animated_fanart></animated_fanart>
        <fanart>https://www.thetvdb.com/banners/_cache/fanart/original/71471-3.jpg</fanart>
</item>

 <item>
        <title>The Beverly Hillbillies S01E26 - Jed Cuts the Family Tree</title>
        <meta>
                <content>episode</content>
                <imdb></imdb>
                <tvdb>71471</tvdb>
                <tvshowtitle>The Beverly Hillbillies</tvshowtitle>
                <year>1962</year>
                <title>Jed Cuts the Family Tree</title>
                <premiered>1963-03-20</premiered>
                <season>1</season>
                <episode>26</episode>
        </meta>
        <link>
		<sublink>search</sublink>
                <sublink>searchsd</sublink>
        </link>
        <animated_thumbnail></animated_thumbnail>
        <thumbnail>https://www.thetvdb.com/banners/_cache/posters/71471-7.jpg</thumbnail>
        <animated_fanart></animated_fanart>
        <fanart>https://www.thetvdb.com/banners/_cache/fanart/original/71471-3.jpg</fanart>
</item>

 <item>
        <title>The Beverly Hillbillies S01E27 - Granny's Spring Tonic</title>
        <meta>
                <content>episode</content>
                <imdb></imdb>
                <tvdb>71471</tvdb>
                <tvshowtitle>The Beverly Hillbillies</tvshowtitle>
                <year>1962</year>
                <title>Granny's Spring Tonic</title>
                <premiered>1963-03-27</premiered>
                <season>1</season>
                <episode>27</episode>
        </meta>
        <link>
		<sublink>search</sublink>
                <sublink>searchsd</sublink>
        </link>
        <animated_thumbnail></animated_thumbnail>
        <thumbnail>https://www.thetvdb.com/banners/_cache/posters/71471-7.jpg</thumbnail>
        <animated_fanart></animated_fanart>
        <fanart>https://www.thetvdb.com/banners/_cache/fanart/original/71471-3.jpg</fanart>
</item>

 <item>
        <title>The Beverly Hillbillies S01E28 - Jed Pays His Income Tax</title>
        <meta>
                <content>episode</content>
                <imdb></imdb>
                <tvdb>71471</tvdb>
                <tvshowtitle>The Beverly Hillbillies</tvshowtitle>
                <year>1962</year>
                <title>Jed Pays His Income Tax</title>
                <premiered>1963-04-03</premiered>
                <season>1</season>
                <episode>28</episode>
        </meta>
        <link>
		<sublink>search</sublink>
                <sublink>searchsd</sublink>
        </link>
        <animated_thumbnail></animated_thumbnail>
        <thumbnail>https://www.thetvdb.com/banners/_cache/posters/71471-7.jpg</thumbnail>
        <animated_fanart></animated_fanart>
        <fanart>https://www.thetvdb.com/banners/_cache/fanart/original/71471-3.jpg</fanart>
</item>

 <item>
        <title>The Beverly Hillbillies S01E29 - The Clampetts and the Dodgers</title>
        <meta>
                <content>episode</content>
                <imdb></imdb>
                <tvdb>71471</tvdb>
                <tvshowtitle>The Beverly Hillbillies</tvshowtitle>
                <year>1962</year>
                <title>The Clampetts and the Dodgers</title>
                <premiered>1963-04-10</premiered>
                <season>1</season>
                <episode>29</episode>
        </meta>
        <link>
		<sublink>search</sublink>
                <sublink>searchsd</sublink>
        </link>
        <animated_thumbnail></animated_thumbnail>
        <thumbnail>https://www.thetvdb.com/banners/_cache/posters/71471-7.jpg</thumbnail>
        <animated_fanart></animated_fanart>
        <fanart>https://www.thetvdb.com/banners/_cache/fanart/original/71471-3.jpg</fanart>
</item>

 <item>
        <title>The Beverly Hillbillies S01E30 - Duke Becomes a Father</title>
        <meta>
                <content>episode</content>
                <imdb></imdb>
                <tvdb>71471</tvdb>
                <tvshowtitle>The Beverly Hillbillies</tvshowtitle>
                <year>1962</year>
                <title>Duke Becomes a Father</title>
                <premiered>1963-04-17</premiered>
                <season>1</season>
                <episode>30</episode>
        </meta>
        <link>
		<sublink>search</sublink>
                <sublink>searchsd</sublink>
        </link>
        <animated_thumbnail></animated_thumbnail>
        <thumbnail>https://www.thetvdb.com/banners/_cache/posters/71471-7.jpg</thumbnail>
        <animated_fanart></animated_fanart>
        <fanart>https://www.thetvdb.com/banners/_cache/fanart/original/71471-3.jpg</fanart>
</item>

 <item>
        <title>The Beverly Hillbillies S01E31 - The Clampetts Entertain</title>
        <meta>
                <content>episode</content>
                <imdb></imdb>
                <tvdb>71471</tvdb>
                <tvshowtitle>The Beverly Hillbillies</tvshowtitle>
                <year>1962</year>
                <title>The Clampetts Entertain</title>
                <premiered>1963-04-24</premiered>
                <season>1</season>
                <episode>31</episode>
        </meta>
        <link>
		<sublink>search</sublink>
                <sublink>searchsd</sublink>
        </link>
        <animated_thumbnail></animated_thumbnail>
        <thumbnail>https://www.thetvdb.com/banners/_cache/posters/71471-7.jpg</thumbnail>
        <animated_fanart></animated_fanart>
        <fanart>https://www.thetvdb.com/banners/_cache/fanart/original/71471-3.jpg</fanart>
</item>

 <item>
        <title>The Beverly Hillbillies S01E32 - The Clampetts in Court</title>
        <meta>
                <content>episode</content>
                <imdb></imdb>
                <tvdb>71471</tvdb>
                <tvshowtitle>The Beverly Hillbillies</tvshowtitle>
                <year>1962</year>
                <title>The Clampetts in Court</title>
                <premiered>1963-05-01</premiered>
                <season>1</season>
                <episode>32</episode>
        </meta>
        <link>
		<sublink>search</sublink>
                <sublink>searchsd</sublink>
        </link>
        <animated_thumbnail></animated_thumbnail>
        <thumbnail>https://www.thetvdb.com/banners/_cache/posters/71471-7.jpg</thumbnail>
        <animated_fanart></animated_fanart>
        <fanart>https://www.thetvdb.com/banners/_cache/fanart/original/71471-3.jpg</fanart>
</item>

 <item>
        <title>The Beverly Hillbillies S01E33 - The Clampetts Get Psychoanalyzed</title>
        <meta>
                <content>episode</content>
                <imdb></imdb>
                <tvdb>71471</tvdb>
                <tvshowtitle>The Beverly Hillbillies</tvshowtitle>
                <year>1962</year>
                <title>The Clampetts Get Psychoanalyzed</title>
                <premiered>1963-05-08</premiered>
                <season>1</season>
                <episode>33</episode>
        </meta>
        <link>
		<sublink>search</sublink>
                <sublink>searchsd</sublink>
        </link>
        <animated_thumbnail></animated_thumbnail>
        <thumbnail>https://www.thetvdb.com/banners/_cache/posters/71471-7.jpg</thumbnail>
        <animated_fanart></animated_fanart>
        <fanart>https://www.thetvdb.com/banners/_cache/fanart/original/71471-3.jpg</fanart>
</item>

 <item>
        <title>The Beverly Hillbillies S01E34 - The Psychiatrist Gets Clampetted</title>
        <meta>
                <content>episode</content>
                <imdb></imdb>
                <tvdb>71471</tvdb>
                <tvshowtitle>The Beverly Hillbillies</tvshowtitle>
                <year>1962</year>
                <title>The Psychiatrist Gets Clampetted</title>
                <premiered>1963-05-15</premiered>
                <season>1</season>
                <episode>34</episode>
        </meta>
        <link>
		<sublink>search</sublink>
                <sublink>searchsd</sublink>
        </link>
        <animated_thumbnail></animated_thumbnail>
        <thumbnail>https://www.thetvdb.com/banners/_cache/posters/71471-7.jpg</thumbnail>
        <animated_fanart></animated_fanart>
        <fanart>https://www.thetvdb.com/banners/_cache/fanart/original/71471-3.jpg</fanart>
</item>

 <item>
        <title>The Beverly Hillbillies S01E35 - Elly Becomes a Secretary</title>
        <meta>
                <content>episode</content>
                <imdb></imdb>
                <tvdb>71471</tvdb>
                <tvshowtitle>The Beverly Hillbillies</tvshowtitle>
                <year>1962</year>
                <title>Elly Becomes a Secretary</title>
                <premiered>1963-05-22</premiered>
                <season>1</season>
                <episode>35</episode>
        </meta>
        <link>
		<sublink>search</sublink>
                <sublink>searchsd</sublink>
        </link>
        <animated_thumbnail></animated_thumbnail>
        <thumbnail>https://www.thetvdb.com/banners/_cache/posters/71471-7.jpg</thumbnail>
        <animated_fanart></animated_fanart>
        <fanart>https://www.thetvdb.com/banners/_cache/fanart/original/71471-3.jpg</fanart>
</item>

 <item>
        <title>The Beverly Hillbillies S01E36 - Jethro's Friend</title>
        <meta>
                <content>episode</content>
                <imdb></imdb>
                <tvdb>71471</tvdb>
                <tvshowtitle>The Beverly Hillbillies</tvshowtitle>
                <year>1962</year>
                <title>Jethro's Friend</title>
                <premiered>1963-05-29</premiered>
                <season>1</season>
                <episode>36</episode>
        </meta>
        <link>
		<sublink>search</sublink>
                <sublink>searchsd</sublink>
        </link>
        <animated_thumbnail></animated_thumbnail>
        <thumbnail>https://www.thetvdb.com/banners/_cache/posters/71471-7.jpg</thumbnail>
        <animated_fanart></animated_fanart>
        <fanart>https://www.thetvdb.com/banners/_cache/fanart/original/71471-3.jpg</fanart>
</item>




