########################
<poster>Season 1</poster>
<thumbnail></thumbnail>
<fanart></fanart>
########################

 <item>
        <title>Bewitched S01E01 - I Darrin, Take This Witch, Samantha</title>
        <meta>
                <content>episode</content>
                <imdb>tt0523106</imdb>
                <tvdb>71528</tvdb>
                <tvshowtitle>Bewitched</tvshowtitle>
                <year>1964</year>
                <title>I Darrin, Take This Witch, Samantha</title>
                <premiered>1964-09-17</premiered>
                <season>1</season>
                <episode>1</episode>
        </meta>
        <link>
		<sublink>search</sublink>
                <sublink>searchsd</sublink>
        </link>
        <animated_thumbnail></animated_thumbnail>
        <thumbnail>https://www.thetvdb.com/banners/_cache/episodes/71528/48678.jpg</thumbnail>
        <animated_fanart></animated_fanart>
        <fanart>https://www.thetvdb.com/banners/_cache/episodes/71528/48678.jpg</fanart>
</item>

 <item>
        <title>Bewitched S01E02 - Be it Ever So Mortgaged</title>
        <meta>
                <content>episode</content>
                <imdb>tt0523059</imdb>
                <tvdb>71528</tvdb>
                <tvshowtitle>Bewitched</tvshowtitle>
                <year>1964</year>
                <title>Be it Ever So Mortgaged</title>
                <premiered>1964-09-24</premiered>
                <season>1</season>
                <episode>2</episode>
        </meta>
        <link>
		<sublink>search</sublink>
                <sublink>searchsd</sublink>
        </link>
        <animated_thumbnail></animated_thumbnail>
        <thumbnail>https://www.thetvdb.com/banners/_cache/episodes/71528/48679.jpg</thumbnail>
        <animated_fanart></animated_fanart>
        <fanart>https://www.thetvdb.com/banners/_cache/episodes/71528/48679.jpg</fanart>
</item>

 <item>
        <title>Bewitched S01E03 - It Shouldn't Happen to a Dog</title>
        <meta>
                <content>episode</content>
                <imdb>tt0523112</imdb>
                <tvdb>71528</tvdb>
                <tvshowtitle>Bewitched</tvshowtitle>
                <year>1964</year>
                <title>It Shouldn't Happen to a Dog</title>
                <premiered>1964-10-02</premiered>
                <season>1</season>
                <episode>3</episode>
        </meta>
        <link>
		<sublink>search</sublink>
                <sublink>searchsd</sublink>
        </link>
        <animated_thumbnail></animated_thumbnail>
        <thumbnail>https://www.thetvdb.com/banners/_cache/episodes/71528/48680.jpg</thumbnail>
        <animated_fanart></animated_fanart>
        <fanart>https://www.thetvdb.com/banners/_cache/episodes/71528/48680.jpg</fanart>
</item>

 <item>
        <title>Bewitched S01E04 - Mother Meets What's-His-Nam</title>
        <meta>
                <content>episode</content>
                <imdb>tt0523136</imdb>
                <tvdb>71528</tvdb>
                <tvshowtitle>Bewitched</tvshowtitle>
                <year>1964</year>
                <title>Mother Meets What's-His-Nam</title>
                <premiered>1964-10-08</premiered>
                <season>1</season>
                <episode>4</episode>
        </meta>
        <link>
		<sublink>search</sublink>
                <sublink>searchsd</sublink>
        </link>
        <animated_thumbnail></animated_thumbnail>
        <thumbnail>https://www.thetvdb.com/banners/_cache/episodes/71528/48681.jpg</thumbnail>
        <animated_fanart></animated_fanart>
        <fanart>https://www.thetvdb.com/banners/_cache/episodes/71528/48681.jpg</fanart>
</item>

 <item>
        <title>Bewitched S01E05 - Help, Help, Don't Save Me</title>
        <meta>
                <content>episode</content>
                <imdb></imdb>
                <tvdb>71528</tvdb>
                <tvshowtitle>Bewitched</tvshowtitle>
                <year>1964</year>
                <title>Help, Help, Don't Save Me</title>
                <premiered>1964-10-15</premiered>
                <season>1</season>
                <episode>5</episode>
        </meta>
        <link>
		<sublink>search</sublink>
                <sublink>searchsd</sublink>
        </link>
        <animated_thumbnail></animated_thumbnail>
        <thumbnail>https://www.thetvdb.com/banners/_cache/episodes/71528/48682.jpg</thumbnail>
        <animated_fanart></animated_fanart>
        <fanart>https://www.thetvdb.com/banners/_cache/episodes/71528/48682.jpg</fanart>
</item>

 <item>
        <title>Bewitched S01E06 - Little Pitchers Have Big Fears</title>
        <meta>
                <content>episode</content>
                <imdb></imdb>
                <tvdb>71528</tvdb>
                <tvshowtitle>Bewitched</tvshowtitle>
                <year>1964</year>
                <title>Little Pitchers Have Big Fears</title>
                <premiered>1964-10-22</premiered>
                <season>1</season>
                <episode>6</episode>
        </meta>
        <link>
		<sublink>search</sublink>
                <sublink>searchsd</sublink>
        </link>
        <animated_thumbnail></animated_thumbnail>
        <thumbnail>https://www.thetvdb.com/banners/_cache/episodes/71528/48683.jpg</thumbnail>
        <animated_fanart></animated_fanart>
        <fanart>https://www.thetvdb.com/banners/_cache/episodes/71528/48683.jpg</fanart>
</item>

 <item>
        <title>Bewitched S01E07 - The Witches Are Out</title>
        <meta>
                <content>episode</content>
                <imdb></imdb>
                <tvdb>71528</tvdb>
                <tvshowtitle>Bewitched</tvshowtitle>
                <year>1964</year>
                <title>The Witches Are Out</title>
                <premiered>1964-10-29</premiered>
                <season>1</season>
                <episode>7</episode>
        </meta>
        <link>
		<sublink>search</sublink>
                <sublink>searchsd</sublink>
        </link>
        <animated_thumbnail></animated_thumbnail>
        <thumbnail>https://www.thetvdb.com/banners/_cache/episodes/71528/48684.jpg</thumbnail>
        <animated_fanart></animated_fanart>
        <fanart>https://www.thetvdb.com/banners/_cache/episodes/71528/48684.jpg</fanart>
</item>
 <item>
        <title>Bewitched S01E08 - Witch or Wife</title>
        <meta>
                <content>episode</content>
                <imdb></imdb>
                <tvdb>71528</tvdb>
                <tvshowtitle>Bewitched</tvshowtitle>
                <year>1964</year>
                <title>Witch or Wife</title>
                <premiered>1964-11-12</premiered>
                <season>1</season>
                <episode>8</episode>
        </meta>
        <link>
		<sublink>search</sublink>
                <sublink>searchsd</sublink>
        </link>
        <animated_thumbnail></animated_thumbnail>
        <thumbnail>https://www.thetvdb.com/banners/_cache/episodes/71528/48686.jpg</thumbnail>
        <animated_fanart></animated_fanart>
        <fanart>https://www.thetvdb.com/banners/_cache/episodes/71528/48686.jpg</fanart>
</item>

 <item>
        <title>Bewitched S01E09 - The Girl Reporter</title>
        <meta>
                <content>episode</content>
                <imdb></imdb>
                <tvdb>71528</tvdb>
                <tvshowtitle>Bewitched</tvshowtitle>
                <year>1964</year>
                <title>The Girl Reporter</title>
                <premiered>1964-11-05</premiered>
                <season>1</season>
                <episode>9</episode>
        </meta>
        <link>
		<sublink>search</sublink>
                <sublink>searchsd</sublink>
        </link>
        <animated_thumbnail></animated_thumbnail>
        <thumbnail>https://www.thetvdb.com/banners/_cache/episodes/71528/48685.jpg</thumbnail>
        <animated_fanart></animated_fanart>
        <fanart>https://www.thetvdb.com/banners/_cache/episodes/71528/48685.jpg</fanart>
</item>

 <item>
        <title>Bewitched S01E10 - Just One Happy Family</title>
        <meta>
                <content>episode</content>
                <imdb></imdb>
                <tvdb>71528</tvdb>
                <tvshowtitle>Bewitched</tvshowtitle>
                <year>1964</year>
                <title>Just One Happy Family</title>
                <premiered>1964-11-19</premiered>
                <season>1</season>
                <episode>10</episode>
        </meta>
        <link>
		<sublink>search</sublink>
                <sublink>searchsd</sublink>
        </link>
        <animated_thumbnail></animated_thumbnail>
        <thumbnail>https://www.thetvdb.com/banners/_cache/episodes/71528/48687.jpg</thumbnail>
        <animated_fanart></animated_fanart>
        <fanart>https://www.thetvdb.com/banners/_cache/episodes/71528/48687.jpg</fanart>
</item>
 <item>
        <title>Bewitched S01E11 - It Takes One to Know One</title>
        <meta>
                <content>episode</content>
                <imdb></imdb>
                <tvdb>71528</tvdb>
                <tvshowtitle>Bewitched</tvshowtitle>
                <year>1964</year>
                <title>It Takes One to Know One</title>
                <premiered>1964-11-26</premiered>
                <season>1</season>
                <episode>11</episode>
        </meta>
        <link>
		<sublink>search</sublink>
                <sublink>searchsd</sublink>
        </link>
        <animated_thumbnail></animated_thumbnail>
        <thumbnail>https://www.thetvdb.com/banners/_cache/episodes/71528/48688.jpg</thumbnail>
        <animated_fanart></animated_fanart>
        <fanart>https://www.thetvdb.com/banners/_cache/episodes/71528/48688.jpg</fanart>
</item>

 <item>
        <title>Bewitched S01E12 - ...And Something Makes Three</title>
        <meta>
                <content>episode</content>
                <imdb></imdb>
                <tvdb>71528</tvdb>
                <tvshowtitle>Bewitched</tvshowtitle>
                <year>1964</year>
                <title>...And Something Makes Three</title>
                <premiered>1964-12-03</premiered>
                <season>1</season>
                <episode>12</episode>
        </meta>
        <link>
		<sublink>search</sublink>
                <sublink>searchsd</sublink>
        </link>
        <animated_thumbnail></animated_thumbnail>
        <thumbnail>https://www.thetvdb.com/banners/_cache/episodes/71528/48689.jpg</thumbnail>
        <animated_fanart></animated_fanart>
        <fanart>https://www.thetvdb.com/banners/_cache/episodes/71528/48689.jpg</fanart>
</item>

 <item>
        <title>Bewitched S01E13 - Love is Blind</title>
        <meta>
                <content>episode</content>
                <imdb></imdb>
                <tvdb>71528</tvdb>
                <tvshowtitle>Bewitched</tvshowtitle>
                <year>1964</year>
                <title>Love is Blind</title>
                <premiered>1964-12-10</premiered>
                <season>1</season>
                <episode>13</episode>
        </meta>
        <link>
		<sublink>search</sublink>
                <sublink>searchsd</sublink>
        </link>
        <animated_thumbnail></animated_thumbnail>
        <thumbnail>https://www.thetvdb.com/banners/_cache/episodes/71528/48690.jpg</thumbnail>
        <animated_fanart></animated_fanart>
        <fanart>https://www.thetvdb.com/banners/_cache/episodes/71528/48690.jpg</fanart>
</item>

 <item>
        <title>Bewitched S01E14 - Samantha Meets the Folks</title>
        <meta>
                <content>episode</content>
                <imdb></imdb>
                <tvdb>71528</tvdb>
                <tvshowtitle>Bewitched</tvshowtitle>
                <year>1964</year>
                <title>Samantha Meets the Folks</title>
                <premiered>1964-12-17</premiered>
                <season>1</season>
                <episode>14</episode>
        </meta>
        <link>
		<sublink>search</sublink>
                <sublink>searchsd</sublink>
        </link>
        <animated_thumbnail></animated_thumbnail>
        <thumbnail>https://www.thetvdb.com/banners/_cache/episodes/71528/48691.jpg</thumbnail>
        <animated_fanart></animated_fanart>
        <fanart>https://www.thetvdb.com/banners/_cache/episodes/71528/48691.jpg</fanart>
</item>

 <item>
        <title>Bewitched S01E15 - A Vision of Sugar Plums</title>
        <meta>
                <content>episode</content>
                <imdb></imdb>
                <tvdb>71528</tvdb>
                <tvshowtitle>Bewitched</tvshowtitle>
                <year>1964</year>
                <title>A Vision of Sugar Plums</title>
                <premiered>1964-12-24</premiered>
                <season>1</season>
                <episode>15</episode>
        </meta>
        <link>
		<sublink>search</sublink>
                <sublink>searchsd</sublink>
        </link>
        <animated_thumbnail></animated_thumbnail>
        <thumbnail>https://www.thetvdb.com/banners/_cache/episodes/71528/48692.jpg</thumbnail>
        <animated_fanart></animated_fanart>
        <fanart>https://www.thetvdb.com/banners/_cache/episodes/71528/48692.jpg</fanart>
</item>

 <item>
        <title>Bewitched S01E16 - It's Magic</title>
        <meta>
                <content>episode</content>
                <imdb></imdb>
                <tvdb>71528</tvdb>
                <tvshowtitle>Bewitched</tvshowtitle>
                <year>1964</year>
                <title>It's Magic</title>
                <premiered>1965-01-07</premiered>
                <season>1</season>
                <episode>16</episode>
        </meta>
        <link>
		<sublink>search</sublink>
                <sublink>searchsd</sublink>
        </link>
        <animated_thumbnail></animated_thumbnail>
        <thumbnail>https://www.thetvdb.com/banners/_cache/episodes/71528/48693.jpg</thumbnail>
        <animated_fanart></animated_fanart>
        <fanart>https://www.thetvdb.com/banners/_cache/episodes/71528/48693.jpg</fanart>
</item>

 <item>
        <title>Bewitched S01E17 - A is for Aardvark</title>
        <meta>
                <content>episode</content>
                <imdb></imdb>
                <tvdb>71528</tvdb>
                <tvshowtitle>Bewitched</tvshowtitle>
                <year>1964</year>
                <title>A is for Aardvark</title>
                <premiered>1965-01-14</premiered>
                <season>1</season>
                <episode>17</episode>
        </meta>
        <link>
		<sublink>search</sublink>
                <sublink>searchsd</sublink>
        </link>
        <animated_thumbnail></animated_thumbnail>
        <thumbnail>https://www.thetvdb.com/banners/_cache/episodes/71528/48694.jpg</thumbnail>
        <animated_fanart></animated_fanart>
        <fanart>https://www.thetvdb.com/banners/_cache/episodes/71528/48694.jpg</fanart>
</item>

 <item>
        <title>Bewitched S01E18 - The Cat's Meow</title>
        <meta>
                <content>episode</content>
                <imdb></imdb>
                <tvdb>71528</tvdb>
                <tvshowtitle>Bewitched</tvshowtitle>
                <year>1964</year>
                <title>The Cat's Meow</title>
                <premiered>1965-01-21</premiered>
                <season>1</season>
                <episode>18</episode>
        </meta>
        <link>
		<sublink>search</sublink>
                <sublink>searchsd</sublink>
        </link>
        <animated_thumbnail></animated_thumbnail>
        <thumbnail>https://www.thetvdb.com/banners/_cache/episodes/71528/48695.jpg</thumbnail>
        <animated_fanart></animated_fanart>
        <fanart>https://www.thetvdb.com/banners/_cache/episodes/71528/48695.jpg</fanart>
</item>

 <item>
        <title>Bewitched S01E19 - A Nice Little Dinner Party</title>
        <meta>
                <content>episode</content>
                <imdb></imdb>
                <tvdb>71528</tvdb>
                <tvshowtitle>Bewitched</tvshowtitle>
                <year>1964</year>
                <title>A Nice Little Dinner Party</title>
                <premiered>1965-01-28</premiered>
                <season>1</season>
                <episode>19</episode>
        </meta>
        <link>
		<sublink>search</sublink>
                <sublink>searchsd</sublink>
        </link>
        <animated_thumbnail></animated_thumbnail>
        <thumbnail>https://www.thetvdb.com/banners/_cache/episodes/71528/48696.jpg</thumbnail>
        <animated_fanart></animated_fanart>
        <fanart>https://www.thetvdb.com/banners/_cache/episodes/71528/48696.jpg</fanart>
</item>

 <item>
        <title>Bewitched S01E20 - Your Witch is Showing</title>
        <meta>
                <content>episode</content>
                <imdb></imdb>
                <tvdb>71528</tvdb>
                <tvshowtitle>Bewitched</tvshowtitle>
                <year>1964</year>
                <title>Your Witch is Showing</title>
                <premiered>1965-02-04</premiered>
                <season>1</season>
                <episode>20</episode>
        </meta>
        <link>
		<sublink>search</sublink>
                <sublink>searchsd</sublink>
        </link>
        <animated_thumbnail></animated_thumbnail>
        <thumbnail>https://www.thetvdb.com/banners/_cache/episodes/71528/48697.jpg</thumbnail>
        <animated_fanart></animated_fanart>
        <fanart>https://www.thetvdb.com/banners/_cache/episodes/71528/48697.jpg</fanart>
</item>

 <item>
        <title>Bewitched S01E21 - Ling Ling</title>
        <meta>
                <content>episode</content>
                <imdb></imdb>
                <tvdb>71528</tvdb>
                <tvshowtitle>Bewitched</tvshowtitle>
                <year>1964</year>
                <title>Ling Ling</title>
                <premiered>1966-02-12</premiered>
                <season>1</season>
                <episode>21</episode>
        </meta>
        <link>
		<sublink>search</sublink>
                <sublink>searchsd</sublink>
        </link>
        <animated_thumbnail></animated_thumbnail>
        <thumbnail>https://www.thetvdb.com/banners/_cache/episodes/71528/48698.jpg</thumbnail>
        <animated_fanart></animated_fanart>
        <fanart>https://www.thetvdb.com/banners/_cache/episodes/71528/48698.jpg</fanart>
</item>

 <item>
        <title>Bewitched S01E22 - Eye of the Beholder</title>
        <meta>
                <content>episode</content>
                <imdb></imdb>
                <tvdb>71528</tvdb>
                <tvshowtitle>Bewitched</tvshowtitle>
                <year>1964</year>
                <title>Eye of the Beholder</title>
                <premiered>1965-02-25</premiered>
                <season>1</season>
                <episode>22</episode>
        </meta>
        <link>
		<sublink>search</sublink>
                <sublink>searchsd</sublink>
        </link>
        <animated_thumbnail></animated_thumbnail>
        <thumbnail>https://www.thetvdb.com/banners/_cache/episodes/71528/48699.jpg</thumbnail>
        <animated_fanart></animated_fanart>
        <fanart>https://www.thetvdb.com/banners/_cache/episodes/71528/48699.jpg</fanart>
</item>

 <item>
        <title>Bewitched S01E23 - Red Light, Green Light</title>
        <meta>
                <content>episode</content>
                <imdb></imdb>
                <tvdb>71528</tvdb>
                <tvshowtitle>Bewitched</tvshowtitle>
                <year>1964</year>
                <title>Red Light, Green Light</title>
                <premiered>1965-03-04</premiered>
                <season>1</season>
                <episode>23</episode>
        </meta>
        <link>
		<sublink>search</sublink>
                <sublink>searchsd</sublink>
        </link>
        <animated_thumbnail></animated_thumbnail>
        <thumbnail>https://www.thetvdb.com/banners/_cache/episodes/71528/48700.jpg</thumbnail>
        <animated_fanart></animated_fanart>
        <fanart>https://www.thetvdb.com/banners/_cache/episodes/71528/48700.jpg</fanart>
</item>

 <item>
        <title>Bewitched S01E24 - Which Witch is Which?</title>
        <meta>
                <content>episode</content>
                <imdb></imdb>
                <tvdb>71528</tvdb>
                <tvshowtitle>Bewitched</tvshowtitle>
                <year>1964</year>
                <title>Which Witch is Which?</title>
                <premiered>1965-03-11</premiered>
                <season>1</season>
                <episode>24</episode>
        </meta>
        <link>
		<sublink>search</sublink>
                <sublink>searchsd</sublink>
        </link>
        <animated_thumbnail></animated_thumbnail>
        <thumbnail>https://www.thetvdb.com/banners/_cache/episodes/71528/48701.jpg</thumbnail>
        <animated_fanart></animated_fanart>
        <fanart>https://www.thetvdb.com/banners/_cache/episodes/71528/48701.jpg</fanart>
</item>

 <item>
        <title>Bewitched S01E25 - Pleasure O'Riley</title>
        <meta>
                <content>episode</content>
                <imdb></imdb>
                <tvdb>71528</tvdb>
                <tvshowtitle>Bewitched</tvshowtitle>
                <year>1964</year>
                <title>Pleasure O'Riley</title>
                <premiered>1965-03-18</premiered>
                <season>1</season>
                <episode>25</episode>
        </meta>
        <link>
		<sublink>search</sublink>
                <sublink>searchsd</sublink>
        </link>
        <animated_thumbnail></animated_thumbnail>
        <thumbnail>https://www.thetvdb.com/banners/_cache/episodes/71528/48702.jpg</thumbnail>
        <animated_fanart></animated_fanart>
        <fanart>https://www.thetvdb.com/banners/_cache/episodes/71528/48702.jpg</fanart>
</item>

 <item>
        <title>Bewitched S01E26 - Driving is the Only Way to Fly</title>
        <meta>
                <content>episode</content>
                <imdb></imdb>
                <tvdb>71528</tvdb>
                <tvshowtitle>Bewitched</tvshowtitle>
                <year>1964</year>
                <title>Driving is the Only Way to Fly</title>
                <premiered>1965-03-25</premiered>
                <season>1</season>
                <episode>26</episode>
        </meta>
        <link>
		<sublink>search</sublink>
                <sublink>searchsd</sublink>
        </link>
        <animated_thumbnail></animated_thumbnail>
        <thumbnail>https://www.thetvdb.com/banners/_cache/episodes/71528/48703.jpg</thumbnail>
        <animated_fanart></animated_fanart>
        <fanart>https://www.thetvdb.com/banners/_cache/episodes/71528/48703.jpg</fanart>
</item>

 <item>
        <title>Bewitched S01E27 - There's No Witch Like an Old Witch</title>
        <meta>
                <content>episode</content>
                <imdb></imdb>
                <tvdb>71528</tvdb>
                <tvshowtitle>Bewitched</tvshowtitle>
                <year>1964</year>
                <title>There's No Witch Like an Old Witch</title>
                <premiered>1965-04-01</premiered>
                <season>1</season>
                <episode>27</episode>
        </meta>
        <link>
		<sublink>search</sublink>
                <sublink>searchsd</sublink>
        </link>
        <animated_thumbnail></animated_thumbnail>
        <thumbnail>https://www.thetvdb.com/banners/_cache/episodes/71528/48704.jpg</thumbnail>
        <animated_fanart></animated_fanart>
        <fanart>https://www.thetvdb.com/banners/_cache/episodes/71528/48704.jpg</fanart>
</item>

 <item>
        <title>Bewitched S01E28 - Open the Door, Witchcraft</title>
        <meta>
                <content>episode</content>
                <imdb></imdb>
                <tvdb>71528</tvdb>
                <tvshowtitle>Bewitched</tvshowtitle>
                <year>1964</year>
                <title>Open the Door, Witchcraft</title>
                <premiered>1965-04-08</premiered>
                <season>1</season>
                <episode>28</episode>
        </meta>
        <link>
		<sublink>search</sublink>
                <sublink>searchsd</sublink>
        </link>
        <animated_thumbnail></animated_thumbnail>
        <thumbnail>https://www.thetvdb.com/banners/_cache/episodes/71528/48705.jpg</thumbnail>
        <animated_fanart></animated_fanart>
        <fanart>https://www.thetvdb.com/banners/_cache/episodes/71528/48705.jpg</fanart>
</item>

 <item>
        <title>Bewitched S01E29 - Abner Kadabra</title>
        <meta>
                <content>episode</content>
                <imdb></imdb>
                <tvdb>71528</tvdb>
                <tvshowtitle>Bewitched</tvshowtitle>
                <year>1964</year>
                <title>My Master, the Magician</title>
                <premiered>1965-04-15</premiered>
                <season>1</season>
                <episode>29</episode>
        </meta>
        <link>
		<sublink>search</sublink>
                <sublink>searchsd</sublink>
        </link>
        <animated_thumbnail></animated_thumbnail>
        <thumbnail>https://www.thetvdb.com/banners/_cache/episodes/71528/48706.jpg</thumbnail>
        <animated_fanart></animated_fanart>
        <fanart>https://www.thetvdb.com/banners/_cache/episodes/71528/48706.jpg</fanart>
</item>

 <item>
        <title>Bewitched S01E30 - George the Warlock</title>
        <meta>
                <content>episode</content>
                <imdb></imdb>
                <tvdb>71528</tvdb>
                <tvshowtitle>Bewitched</tvshowtitle>
                <year>1964</year>
                <title>George the Warlock</title>
                <premiered>1965-04-22</premiered>
                <season>1</season>
                <episode>30</episode>
        </meta>
        <link>
		<sublink>search</sublink>
                <sublink>searchsd</sublink>
        </link>
        <animated_thumbnail></animated_thumbnail>
        <thumbnail>https://www.thetvdb.com/banners/_cache/episodes/71528/48707.jpg</thumbnail>
        <animated_fanart></animated_fanart>
        <fanart>https://www.thetvdb.com/banners/_cache/episodes/71528/48707.jpg</fanart>
</item>

 <item>
        <title>Bewitched S01E31 - That Was My Wife</title>
        <meta>
                <content>episode</content>
                <imdb></imdb>
                <tvdb>71528</tvdb>
                <tvshowtitle>Bewitched</tvshowtitle>
                <year>1964</year>
                <title>That Was My Wife</title>
                <premiered>1965-04-29</premiered>
                <season>1</season>
                <episode>31</episode>
        </meta>
        <link>
		<sublink>search</sublink>
                <sublink>searchsd</sublink>
        </link>
        <animated_thumbnail></animated_thumbnail>
        <thumbnail>https://www.thetvdb.com/banners/_cache/episodes/71528/48708.jpg</thumbnail>
        <animated_fanart></animated_fanart>
        <fanart>https://www.thetvdb.com/banners/_cache/episodes/71528/48708.jpg</fanart>
</item>

 <item>
        <title>Bewitched S01E32 - Illegal Separation</title>
        <meta>
                <content>episode</content>
                <imdb></imdb>
                <tvdb>71528</tvdb>
                <tvshowtitle>Bewitched</tvshowtitle>
                <year>1964</year>
                <title>Illegal Separation</title>
                <premiered>1965-05-06</premiered>
                <season>1</season>
                <episode>32</episode>
        </meta>
        <link>
		<sublink>search</sublink>
                <sublink>searchsd</sublink>
        </link>
        <animated_thumbnail></animated_thumbnail>
        <thumbnail>https://www.thetvdb.com/banners/_cache/episodes/71528/48709.jpg</thumbnail>
        <animated_fanart></animated_fanart>
        <fanart>https://www.thetvdb.com/banners/_cache/episodes/71528/48709.jpg</fanart>
</item>

 <item>
        <title>Bewitched S01E33 - A Change of Face</title>
        <meta>
                <content>episode</content>
                <imdb></imdb>
                <tvdb>71528</tvdb>
                <tvshowtitle>Bewitched</tvshowtitle>
                <year>1964</year>
                <title>A Change of Face</title>
                <premiered>1965-05-13</premiered>
                <season>1</season>
                <episode>33</episode>
        </meta>
        <link>
		<sublink>search</sublink>
                <sublink>searchsd</sublink>
        </link>
        <animated_thumbnail></animated_thumbnail>
        <thumbnail>https://www.thetvdb.com/banners/_cache/episodes/71528/48710.jpg</thumbnail>
        <animated_fanart></animated_fanart>
        <fanart>https://www.thetvdb.com/banners/_cache/episodes/71528/48710.jpg</fanart>
</item>

 <item>
        <title>Bewitched S01E34 - Remember the Main</title>
        <meta>
                <content>episode</content>
                <imdb></imdb>
                <tvdb>71528</tvdb>
                <tvshowtitle>Bewitched</tvshowtitle>
                <year>1964</year>
                <title>Remember the Main</title>
                <premiered>1965-05-20</premiered>
                <season>1</season>
                <episode>34</episode>
        </meta>
        <link>
		<sublink>search</sublink>
                <sublink>searchsd</sublink>
        </link>
        <animated_thumbnail></animated_thumbnail>
        <thumbnail>https://www.thetvdb.com/banners/_cache/episodes/71528/48711.jpg</thumbnail>
        <animated_fanart></animated_fanart>
        <fanart>https://www.thetvdb.com/banners/_cache/episodes/71528/48711.jpg</fanart>
</item>

 <item>
        <title>Bewitched S01E35 - Eat at Mario's</title>
        <meta>
                <content>episode</content>
                <imdb></imdb>
                <tvdb>71528</tvdb>
                <tvshowtitle>Bewitched</tvshowtitle>
                <year>1964</year>
                <title>Eat at Mario's</title>
                <premiered>1965-05-27</premiered>
                <season>1</season>
                <episode>35</episode>
        </meta>
        <link>
		<sublink>search</sublink>
                <sublink>searchsd</sublink>
        </link>
        <animated_thumbnail></animated_thumbnail>
        <thumbnail>https://www.thetvdb.com/banners/_cache/episodes/71528/48712.jpg</thumbnail>
        <animated_fanart></animated_fanart>
        <fanart>https://www.thetvdb.com/banners/_cache/episodes/71528/48712.jpg</fanart>
</item>

 <item>
        <title>Bewitched S01E36 - Cousin Edgar</title>
        <meta>
                <content>episode</content>
                <imdb></imdb>
                <tvdb>71528</tvdb>
                <tvshowtitle>Bewitched</tvshowtitle>
                <year>1964</year>
                <title>Cousin Edgar</title>
                <premiered>1965-06-03</premiered>
                <season>1</season>
                <episode>36</episode>
        </meta>
        <link>
		<sublink>search</sublink>
                <sublink>searchsd</sublink>
        </link>
        <animated_thumbnail></animated_thumbnail>
        <thumbnail>https://www.thetvdb.com/banners/_cache/episodes/71528/48713.jpg</thumbnail>
        <animated_fanart></animated_fanart>
        <fanart>https://www.thetvdb.com/banners/_cache/episodes/71528/48713.jpg</fanart>
</item>




