########################
<poster>Season 1</poster>
<thumbnail></thumbnail>
<fanart></fanart>
########################

 <item>
        <title>F Troop S01E01 - Scourge of the West</title>
        <meta>
                <content>episode</content>
                <imdb>tt0574648</imdb>
                <tvdb>73154</tvdb>
                <tvshowtitle>F Troop</tvshowtitle>
                <year>1965</year>
                <title>Scourge of the West</title>
                <premiered>1965-09-14</premiered>
                <season>1</season>
                <episode>1</episode>
        </meta>
        <link>
		<sublink>search</sublink>
                <sublink>searchsd</sublink>
        </link>
        <animated_thumbnail></animated_thumbnail>
        <thumbnail>https://www.thetvdb.com/banners/_cache/posters/73154-1.jpg</thumbnail>
        <animated_fanart></animated_fanart>
        <fanart>https://www.thetvdb.com/banners/_cache/fanart/original/73154-3.jpg</fanart>
</item>

 <item>
        <title>F Troop S01E02 - Don't Look Now, One of Our Cannon is Missing</title>
        <meta>
                <content>episode</content>
                <imdb>tt0574622</imdb>
                <tvdb>73154</tvdb>
                <tvshowtitle>F Troop</tvshowtitle>
                <year>1965</year>
                <title>Don't Look Now, One of Our Cannon is Missing</title>
                <premiered>1965-09-21</premiered>
                <season>1</season>
                <episode>2</episode>
        </meta>
        <link>
		<sublink>search</sublink>
                <sublink>searchsd</sublink>
        </link>
        <animated_thumbnail></animated_thumbnail>
        <thumbnail>https://www.thetvdb.com/banners/_cache/posters/73154-1.jpg</thumbnail>
        <animated_fanart></animated_fanart>
        <fanart>https://www.thetvdb.com/banners/_cache/fanart/original/73154-3.jpg</fanart>
</item>

 <item>
        <title>F Troop S01E03 - The Phantom Major</title>
        <meta>
                <content>episode</content>
                <imdb>tt0574662</imdb>
                <tvdb>73154</tvdb>
                <tvshowtitle>F Troop</tvshowtitle>
                <year>1965</year>
                <title>The Phantom Major</title>
                <premiered>1965-09-28</premiered>
                <season>1</season>
                <episode>3</episode>
        </meta>
        <link>
		<sublink>search</sublink>
                <sublink>searchsd</sublink>
        </link>
        <animated_thumbnail></animated_thumbnail>
        <thumbnail>https://www.thetvdb.com/banners/_cache/posters/73154-1.jpg</thumbnail>
        <animated_fanart></animated_fanart>
        <fanart>https://www.thetvdb.com/banners/_cache/fanart/original/73154-3.jpg</fanart>
</item>

 <item>
        <title>F Troop S01E04 - Corporal Agarn's Farewell to the Troops</title>
        <meta>
                <content>episode</content>
                <imdb>tt0574619</imdb>
                <tvdb>73154</tvdb>
                <tvshowtitle>F Troop</tvshowtitle>
                <year>1965</year>
                <title>Corporal Agarn's Farewell to the Troops</title>
                <premiered>1965-10-05</premiered>
                <season>1</season>
                <episode>4</episode>
        </meta>
        <link>
		<sublink>search</sublink>
                <sublink>searchsd</sublink>
        </link>
        <animated_thumbnail></animated_thumbnail>
        <thumbnail>https://www.thetvdb.com/banners/_cache/posters/73154-1.jpg</thumbnail>
        <animated_fanart></animated_fanart>
        <fanart>https://www.thetvdb.com/banners/_cache/fanart/original/73154-3.jpg</fanart>
</item>

 <item>
        <title>F Troop S01E05 - The Return of Bald Eagle</title>
        <meta>
                <content>episode</content>
                <imdb>tt0574663</imdb>
                <tvdb>73154</tvdb>
                <tvshowtitle>F Troop</tvshowtitle>
                <year>1965</year>
                <title>The Return of Bald Eagle</title>
                <premiered>1965-10-12</premiered>
                <season>1</season>
                <episode>5</episode>
        </meta>
        <link>
		<sublink>search</sublink>
                <sublink>searchsd</sublink>
        </link>
        <animated_thumbnail></animated_thumbnail>
        <thumbnail>https://www.thetvdb.com/banners/_cache/posters/73154-1.jpg</thumbnail>
        <animated_fanart></animated_fanart>
        <fanart>https://www.thetvdb.com/banners/_cache/fanart/original/73154-3.jpg</fanart>
</item>

 <item>
        <title>F Troop S01E06 - Dirge for the Scourge</title>
        <meta>
                <content>episode</content>
                <imdb>tt0574620</imdb>
                <tvdb>73154</tvdb>
                <tvshowtitle>F Troop</tvshowtitle>
                <year>1965</year>
                <title>Dirge for the Scourge</title>
                <premiered>1965-10-19</premiered>
                <season>1</season>
                <episode>6</episode>
        </meta>
        <link>
		<sublink>search</sublink>
                <sublink>searchsd</sublink>
        </link>
        <animated_thumbnail></animated_thumbnail>
        <thumbnail>https://www.thetvdb.com/banners/_cache/posters/73154-1.jpg</thumbnail>
        <animated_fanart></animated_fanart>
        <fanart>https://www.thetvdb.com/banners/_cache/fanart/original/73154-3.jpg</fanart>
</item>

 <item>
        <title>F Troop S01E07 - The Girl From Philadelphia</title>
        <meta>
                <content>episode</content>
                <imdb>tt0574658</imdb>
                <tvdb>73154</tvdb>
                <tvshowtitle>F Troop</tvshowtitle>
                <year>1965</year>
                <title>The Girl From Philadelphia</title>
                <premiered>1965-10-26</premiered>
                <season>1</season>
                <episode>7</episode>
        </meta>
        <link>
		<sublink>search</sublink>
                <sublink>searchsd</sublink>
        </link>
        <animated_thumbnail></animated_thumbnail>
        <thumbnail>https://www.thetvdb.com/banners/_cache/posters/73154-1.jpg</thumbnail>
        <animated_fanart></animated_fanart>
        <fanart>https://www.thetvdb.com/banners/_cache/fanart/original/73154-3.jpg</fanart>
</item>
 <item>
        <title>F Troop S01E08 - Old Ironpants</title>
        <meta>
                <content>episode</content>
                <imdb>tt0574641</imdb>
                <tvdb>73154</tvdb>
                <tvshowtitle>F Troop</tvshowtitle>
                <year>1965</year>
                <title>Old Ironpants</title>
                <premiered>1965-11-02</premiered>
                <season>1</season>
                <episode>8</episode>
        </meta>
        <link>
		<sublink>search</sublink>
                <sublink>searchsd</sublink>
        </link>
        <animated_thumbnail></animated_thumbnail>
        <thumbnail>https://www.thetvdb.com/banners/_cache/posters/73154-1.jpg</thumbnail>
        <animated_fanart></animated_fanart>
        <fanart>https://www.thetvdb.com/banners/_cache/fanart/original/73154-3.jpg</fanart>
</item>

 <item>
        <title>F Troop S01E09 - Me Heap Big Injun</title>
        <meta>
                <content>episode</content>
                <imdb>tt0763157</imdb>
                <tvdb>73154</tvdb>
                <tvshowtitle>F Troop</tvshowtitle>
                <year>1965</year>
                <title>Me Heap Big Injun</title>
                <premiered>1965-11-09</premiered>
                <season>1</season>
                <episode>9</episode>
        </meta>
        <link>
		<sublink>search</sublink>
                <sublink>searchsd</sublink>
        </link>
        <animated_thumbnail></animated_thumbnail>
        <thumbnail>https://www.thetvdb.com/banners/_cache/posters/73154-1.jpg</thumbnail>
        <animated_fanart></animated_fanart>
        <fanart>https://www.thetvdb.com/banners/_cache/fanart/original/73154-3.jpg</fanart>
</item>

 <item>
        <title>F Troop S01E10 - She's Only a Build in a Girdled Cage</title>
        <meta>
                <content>episode</content>
                <imdb>tt0574649</imdb>
                <tvdb>73154</tvdb>
                <tvshowtitle>F Troop</tvshowtitle>
                <year>1965</year>
                <title>She's Only a Build in a Girdled Cage</title>
                <premiered>1965-11-16</premiered>
                <season>1</season>
                <episode>10</episode>
        </meta>
        <link>
		<sublink>search</sublink>
                <sublink>searchsd</sublink>
        </link>
        <animated_thumbnail></animated_thumbnail>
        <thumbnail>https://www.thetvdb.com/banners/_cache/posters/73154-1.jpg</thumbnail>
        <animated_fanart></animated_fanart>
        <fanart>https://www.thetvdb.com/banners/_cache/fanart/original/73154-3.jpg</fanart>
</item>
 <item>
        <title>F Troop S01E11 - A Gift From the Chief</title>
        <meta>
                <content>episode</content>
                <imdb>tt0574614</imdb>
                <tvdb>73154</tvdb>
                <tvshowtitle>F Troop</tvshowtitle>
                <year>1965</year>
                <title>A Gift From the Chief</title>
                <premiered>1965-11-23</premiered>
                <season>1</season>
                <episode>11</episode>
        </meta>
        <link>
		<sublink>search</sublink>
                <sublink>searchsd</sublink>
        </link>
        <animated_thumbnail></animated_thumbnail>
        <thumbnail>https://www.thetvdb.com/banners/_cache/posters/73154-1.jpg</thumbnail>
        <animated_fanart></animated_fanart>
        <fanart>https://www.thetvdb.com/banners/_cache/fanart/original/73154-3.jpg</fanart>
</item>

 <item>
        <title>F Troop S01E12 - Honest Injun</title>
        <meta>
                <content>episode</content>
                <imdb>tt0574629</imdb>
                <tvdb>73154</tvdb>
                <tvshowtitle>F Troop</tvshowtitle>
                <year>1965</year>
                <title>Honest Injun</title>
                <premiered>1965-11-30</premiered>
                <season>1</season>
                <episode>12</episode>
        </meta>
        <link>
		<sublink>search</sublink>
                <sublink>searchsd</sublink>
        </link>
        <animated_thumbnail></animated_thumbnail>
        <thumbnail>https://www.thetvdb.com/banners/_cache/posters/73154-1.jpg</thumbnail>
        <animated_fanart></animated_fanart>
        <fanart>https://www.thetvdb.com/banners/_cache/fanart/original/73154-3.jpg</fanart>
</item>

 <item>
        <title>F Troop S01E13 - O'Rourke vs. O'Reilly</title>
        <meta>
                <content>episode</content>
                <imdb>tt0574640</imdb>
                <tvdb>73154</tvdb>
                <tvshowtitle>F Troop</tvshowtitle>
                <year>1965</year>
                <title>O'Rourke vs. O'Reilly</title>
                <premiered>1965-12-07</premiered>
                <season>1</season>
                <episode>13</episode>
        </meta>
        <link>
		<sublink>search</sublink>
                <sublink>searchsd</sublink>
        </link>
        <animated_thumbnail></animated_thumbnail>
        <thumbnail>https://www.thetvdb.com/banners/_cache/posters/73154-1.jpg</thumbnail>
        <animated_fanart></animated_fanart>
        <fanart>https://www.thetvdb.com/banners/_cache/fanart/original/73154-3.jpg</fanart>
</item>

 <item>
        <title>F Troop S01E14 - The 86 Proof Spring</title>
        <meta>
                <content>episode</content>
                <imdb>tt0574653</imdb>
                <tvdb>73154</tvdb>
                <tvshowtitle>F Troop</tvshowtitle>
                <year>1965</year>
                <title>The 86 Proof Spring</title>
                <premiered>1965-12-14</premiered>
                <season>1</season>
                <episode>14</episode>
        </meta>
        <link>
		<sublink>search</sublink>
                <sublink>searchsd</sublink>
        </link>
        <animated_thumbnail></animated_thumbnail>
        <thumbnail>https://www.thetvdb.com/banners/_cache/posters/73154-1.jpg</thumbnail>
        <animated_fanart></animated_fanart>
        <fanart>https://www.thetvdb.com/banners/_cache/fanart/original/73154-3.jpg</fanart>
</item>

 <item>
        <title>F Troop S01E15 - Here Comes the Tribe</title>
        <meta>
                <content>episode</content>
                <imdb>tt0574628</imdb>
                <tvdb>73154</tvdb>
                <tvshowtitle>F Troop</tvshowtitle>
                <year>1965</year>
                <title>Here Comes the Tribe</title>
                <premiered>1965-12-21</premiered>
                <season>1</season>
                <episode>15</episode>
        </meta>
        <link>
		<sublink>search</sublink>
                <sublink>searchsd</sublink>
        </link>
        <animated_thumbnail></animated_thumbnail>
        <thumbnail>https://www.thetvdb.com/banners/_cache/posters/73154-1.jpg</thumbnail>
        <animated_fanart></animated_fanart>
        <fanart>https://www.thetvdb.com/banners/_cache/fanart/original/73154-3.jpg</fanart>
</item>

 <item>
        <title>F Troop S01E16 - Iron Horse Go Home</title>
        <meta>
                <content>episode</content>
                <imdb>tt0574633</imdb>
                <tvdb>73154</tvdb>
                <tvshowtitle>F Troop</tvshowtitle>
                <year>1965</year>
                <title>Iron Horse Go Home</title>
                <premiered>1965-12-28</premiered>
                <season>1</season>
                <episode>16</episode>
        </meta>
        <link>
		<sublink>search</sublink>
                <sublink>searchsd</sublink>
        </link>
        <animated_thumbnail></animated_thumbnail>
        <thumbnail>https://www.thetvdb.com/banners/_cache/posters/73154-1.jpg</thumbnail>
        <animated_fanart></animated_fanart>
        <fanart>https://www.thetvdb.com/banners/_cache/fanart/original/73154-3.jpg</fanart>
</item>

 <item>
        <title>F Troop S01E17 - Our Hero, What's His Name?</title>
        <meta>
                <content>episode</content>
                <imdb>tt0574644</imdb>
                <tvdb>73154</tvdb>
                <tvshowtitle>F Troop</tvshowtitle>
                <year>1965</year>
                <title>Our Hero, What's His Name?</title>
                <premiered>1966-01-04</premiered>
                <season>1</season>
                <episode>17</episode>
        </meta>
        <link>
		<sublink>search</sublink>
                <sublink>searchsd</sublink>
        </link>
        <animated_thumbnail></animated_thumbnail>
        <thumbnail>https://www.thetvdb.com/banners/_cache/posters/73154-1.jpg</thumbnail>
        <animated_fanart></animated_fanart>
        <fanart>https://www.thetvdb.com/banners/_cache/fanart/original/73154-3.jpg</fanart>
</item>

 <item>
        <title>F Troop S01E18 - Wrongo Starr and the Lady in Black</title>
        <meta>
                <content>episode</content>
                <imdb>tt0574673</imdb>
                <tvdb>73154</tvdb>
                <tvshowtitle>F Troop</tvshowtitle>
                <year>1965</year>
                <title>Wrongo Starr and the Lady in Black</title>
                <premiered>1966-01-11</premiered>
                <season>1</season>
                <episode>18</episode>
        </meta>
        <link>
		<sublink>search</sublink>
                <sublink>searchsd</sublink>
        </link>
        <animated_thumbnail></animated_thumbnail>
        <thumbnail>https://www.thetvdb.com/banners/_cache/posters/73154-1.jpg</thumbnail>
        <animated_fanart></animated_fanart>
        <fanart>https://www.thetvdb.com/banners/_cache/fanart/original/73154-3.jpg</fanart>
</item>

 <item>
        <title>F Troop S01E19 - El Diablo</title>
        <meta>
                <content>episode</content>
                <imdb>tt0574623</imdb>
                <tvdb>73154</tvdb>
                <tvshowtitle>F Troop</tvshowtitle>
                <year>1965</year>
                <title>El Diablo</title>
                <premiered>1966-01-18</premiered>
                <season>1</season>
                <episode>19</episode>
        </meta>
        <link>
		<sublink>search</sublink>
                <sublink>searchsd</sublink>
        </link>
        <animated_thumbnail></animated_thumbnail>
        <thumbnail>https://www.thetvdb.com/banners/_cache/posters/73154-1.jpg</thumbnail>
        <animated_fanart></animated_fanart>
        <fanart>https://www.thetvdb.com/banners/_cache/fanart/original/73154-3.jpg</fanart>
</item>

 <item>
        <title>F Troop S01E20 - Go For Broke</title>
        <meta>
                <content>episode</content>
                <imdb>tt0574626</imdb>
                <tvdb>73154</tvdb>
                <tvshowtitle>F Troop</tvshowtitle>
                <year>1965</year>
                <title>Go For Broke</title>
                <premiered>1966-01-25</premiered>
                <season>1</season>
                <episode>20</episode>
        </meta>
        <link>
		<sublink>search</sublink>
                <sublink>searchsd</sublink>
        </link>
        <animated_thumbnail></animated_thumbnail>
        <thumbnail>https://www.thetvdb.com/banners/_cache/posters/73154-1.jpg</thumbnail>
        <animated_fanart></animated_fanart>
        <fanart>https://www.thetvdb.com/banners/_cache/fanart/original/73154-3.jpg</fanart>
</item>

 <item>
        <title>F Troop S01E21 - The New I.G.</title>
        <meta>
                <content>episode</content>
                <imdb>tt0574661</imdb>
                <tvdb>73154</tvdb>
                <tvshowtitle>F Troop</tvshowtitle>
                <year>1965</year>
                <title>The New I.G.</title>
                <premiered>1966-02-08</premiered>
                <season>1</season>
                <episode>21</episode>
        </meta>
        <link>
		<sublink>search</sublink>
                <sublink>searchsd</sublink>
        </link>
        <animated_thumbnail></animated_thumbnail>
        <thumbnail>https://www.thetvdb.com/banners/_cache/posters/73154-1.jpg</thumbnail>
        <animated_fanart></animated_fanart>
        <fanart>https://www.thetvdb.com/banners/_cache/fanart/original/73154-3.jpg</fanart>
</item>

 <item>
        <title>F Troop S01E22 - Spy, Counterspy, Counter Counterspy</title>
        <meta>
                <content>episode</content>
                <imdb>tt0574650</imdb>
                <tvdb>73154</tvdb>
                <tvshowtitle>F Troop</tvshowtitle>
                <year>1965</year>
                <title>Spy, Counterspy, Counter Counterspy</title>
                <premiered>1966-02-15</premiered>
                <season>1</season>
                <episode>22</episode>
        </meta>
        <link>
		<sublink>search</sublink>
                <sublink>searchsd</sublink>
        </link>
        <animated_thumbnail></animated_thumbnail>
        <thumbnail>https://www.thetvdb.com/banners/_cache/posters/73154-1.jpg</thumbnail>
        <animated_fanart></animated_fanart>
        <fanart>https://www.thetvdb.com/banners/_cache/fanart/original/73154-3.jpg</fanart>
</item>

 <item>
        <title>F Troop S01E23 - The Courtship of Wrangler Jane</title>
        <meta>
                <content>episode</content>
                <imdb>tt0574655</imdb>
                <tvdb>73154</tvdb>
                <tvshowtitle>F Troop</tvshowtitle>
                <year>1965</year>
                <title>The Courtship of Wrangler Jane</title>
                <premiered>1966-02-22</premiered>
                <season>1</season>
                <episode>23</episode>
        </meta>
        <link>
		<sublink>search</sublink>
                <sublink>searchsd</sublink>
        </link>
        <animated_thumbnail></animated_thumbnail>
        <thumbnail>https://www.thetvdb.com/banners/_cache/posters/73154-1.jpg</thumbnail>
        <animated_fanart></animated_fanart>
        <fanart>https://www.thetvdb.com/banners/_cache/fanart/original/73154-3.jpg</fanart>
</item>

 <item>
        <title>F Troop S01E24 - Play, Gypsy, Play</title>
        <meta>
                <content>episode</content>
                <imdb>tt0574645</imdb>
                <tvdb>73154</tvdb>
                <tvshowtitle>F Troop</tvshowtitle>
                <year>1965</year>
                <title>Play, Gypsy, Play</title>
                <premiered>1966-03-01</premiered>
                <season>1</season>
                <episode>24</episode>
        </meta>
        <link>
		<sublink>search</sublink>
                <sublink>searchsd</sublink>
        </link>
        <animated_thumbnail></animated_thumbnail>
        <thumbnail>https://www.thetvdb.com/banners/_cache/posters/73154-1.jpg</thumbnail>
        <animated_fanart></animated_fanart>
        <fanart>https://www.thetvdb.com/banners/_cache/fanart/original/73154-3.jpg</fanart>
</item>

 <item>
        <title>F Troop S01E25 - Reunion for O'Rourke</title>
        <meta>
                <content>episode</content>
                <imdb>tt0574647</imdb>
                <tvdb>73154</tvdb>
                <tvshowtitle>F Troop</tvshowtitle>
                <year>1965</year>
                <title>Reunion for O'Rourke</title>
                <premiered>1966-03-08</premiered>
                <season>1</season>
                <episode>25</episode>
        </meta>
        <link>
		<sublink>search</sublink>
                <sublink>searchsd</sublink>
        </link>
        <animated_thumbnail></animated_thumbnail>
        <thumbnail>https://www.thetvdb.com/banners/_cache/posters/73154-1.jpg</thumbnail>
        <animated_fanart></animated_fanart>
        <fanart>https://www.thetvdb.com/banners/_cache/fanart/original/73154-3.jpg</fanart>
</item>

 <item>
        <title>F Troop S01E26 - Captain Parmenter, One Man Army</title>
        <meta>
                <content>episode</content>
                <imdb>tt0574617</imdb>
                <tvdb>73154</tvdb>
                <tvshowtitle>F Troop</tvshowtitle>
                <year>1965</year>
                <title>Captain Parmenter, One Man Army</title>
                <premiered>1966-03-15</premiered>
                <season>1</season>
                <episode>26</episode>
        </meta>
        <link>
		<sublink>search</sublink>
                <sublink>searchsd</sublink>
        </link>
        <animated_thumbnail></animated_thumbnail>
        <thumbnail>https://www.thetvdb.com/banners/_cache/posters/73154-1.jpg</thumbnail>
        <animated_fanart></animated_fanart>
        <fanart>https://www.thetvdb.com/banners/_cache/fanart/original/73154-3.jpg</fanart>
</item>

 <item>
        <title>F Troop S01E27 - Don't Ever Speak to Me Again</title>
        <meta>
                <content>episode</content>
                <imdb>tt0574621</imdb>
                <tvdb>73154</tvdb>
                <tvshowtitle>F Troop</tvshowtitle>
                <year>1965</year>
                <title>Don't Ever Speak to Me Again</title>
                <premiered>1966-03-22</premiered>
                <season>1</season>
                <episode>27</episode>
        </meta>
        <link>
		<sublink>search</sublink>
                <sublink>searchsd</sublink>
        </link>
        <animated_thumbnail></animated_thumbnail>
        <thumbnail>https://www.thetvdb.com/banners/_cache/posters/73154-1.jpg</thumbnail>
        <animated_fanart></animated_fanart>
        <fanart>https://www.thetvdb.com/banners/_cache/fanart/original/73154-3.jpg</fanart>
</item>

 <item>
        <title>F Troop S01E28 - Too Many Cooks Spoil the Troop</title>
        <meta>
                <content>episode</content>
                <imdb>tt0574668</imdb>
                <tvdb>73154</tvdb>
                <tvshowtitle>F Troop</tvshowtitle>
                <year>1965</year>
                <title>Too Many Cooks Spoil the Troop</title>
                <premiered>1966-03-29</premiered>
                <season>1</season>
                <episode>28</episode>
        </meta>
        <link>
		<sublink>search</sublink>
                <sublink>searchsd</sublink>
        </link>
        <animated_thumbnail></animated_thumbnail>
        <thumbnail>https://www.thetvdb.com/banners/_cache/posters/73154-1.jpg</thumbnail>
        <animated_fanart></animated_fanart>
        <fanart>https://www.thetvdb.com/banners/_cache/fanart/original/73154-3.jpg</fanart>
</item>

 <item>
        <title>F Troop S01E29 - Indian Fever</title>
        <meta>
                <content>episode</content>
                <imdb>tt0574632</imdb>
                <tvdb>73154</tvdb>
                <tvshowtitle>F Troop</tvshowtitle>
                <year>1965</year>
                <title>Indian Fever</title>
                <premiered>1966-04-05</premiered>
                <season>1</season>
                <episode>29</episode>
        </meta>
        <link>
		<sublink>search</sublink>
                <sublink>searchsd</sublink>
        </link>
        <animated_thumbnail></animated_thumbnail>
        <thumbnail>https://www.thetvdb.com/banners/_cache/posters/73154-1.jpg</thumbnail>
        <animated_fanart></animated_fanart>
        <fanart>https://www.thetvdb.com/banners/_cache/fanart/original/73154-3.jpg</fanart>
</item>

 <item>
        <title>F Troop S01E30 - Johnny Eagle Eye</title>
        <meta>
                <content>episode</content>
                <imdb>tt0574635</imdb>
                <tvdb>73154</tvdb>
                <tvshowtitle>F Troop</tvshowtitle>
                <year>1965</year>
                <title>Johnny Eagle Eye</title>
                <premiered>1966-04-12</premiered>
                <season>1</season>
                <episode>30</episode>
        </meta>
        <link>
		<sublink>search</sublink>
                <sublink>searchsd</sublink>
        </link>
        <animated_thumbnail></animated_thumbnail>
        <thumbnail>https://www.thetvdb.com/banners/_cache/posters/73154-1.jpg</thumbnail>
        <animated_fanart></animated_fanart>
        <fanart>https://www.thetvdb.com/banners/_cache/fanart/original/73154-3.jpg</fanart>
</item>

 <item>
        <title>F Troop S01E31 - A Fort's Best Friend is Not a Mother</title>
        <meta>
                <content>episode</content>
                <imdb>tt0574613</imdb>
                <tvdb>73154</tvdb>
                <tvshowtitle>F Troop</tvshowtitle>
                <year>1965</year>
                <title>A Fort's Best Friend is Not a Mother</title>
                <premiered>1966-04-19</premiered>
                <season>1</season>
                <episode>31</episode>
        </meta>
        <link>
		<sublink>search</sublink>
                <sublink>searchsd</sublink>
        </link>
        <animated_thumbnail></animated_thumbnail>
        <thumbnail>https://www.thetvdb.com/banners/_cache/posters/73154-1.jpg</thumbnail>
        <animated_fanart></animated_fanart>
        <fanart>https://www.thetvdb.com/banners/_cache/fanart/original/73154-3.jpg</fanart>
</item>

 <item>
        <title>F Troop S01E32 - Lieutenant O'Rourke, Front and Center</title>
        <meta>
                <content>episode</content>
                <imdb>tt0574637</imdb>
                <tvdb>73154</tvdb>
                <tvshowtitle>F Troop</tvshowtitle>
                <year>1965</year>
                <title>Lieutenant O'Rourke, Front and Center</title>
                <premiered>1966-04-26</premiered>
                <season>1</season>
                <episode>32</episode>
        </meta>
        <link>
		<sublink>search</sublink>
                <sublink>searchsd</sublink>
        </link>
        <animated_thumbnail></animated_thumbnail>
        <thumbnail>https://www.thetvdb.com/banners/_cache/posters/73154-1.jpg</thumbnail>
        <animated_fanart></animated_fanart>
        <fanart>https://www.thetvdb.com/banners/_cache/fanart/original/73154-3.jpg</fanart>
</item>

 <item>
        <title>F Troop S01E33 - The Day the Indians Won</title>
        <meta>
                <content>episode</content>
                <imdb>tt0574657</imdb>
                <tvdb>73154</tvdb>
                <tvshowtitle>F Troop</tvshowtitle>
                <year>1965</year>
                <title>The Day the Indians Won</title>
                <premiered>1966-05-03</premiered>
                <season>1</season>
                <episode>33</episode>
        </meta>
        <link>
		<sublink>search</sublink>
                <sublink>searchsd</sublink>
        </link>
        <animated_thumbnail></animated_thumbnail>
        <thumbnail>https://www.thetvdb.com/banners/_cache/posters/73154-1.jpg</thumbnail>
        <animated_fanart></animated_fanart>
        <fanart>https://www.thetvdb.com/banners/_cache/fanart/original/73154-3.jpg</fanart>
</item>

 <item>
        <title>F Troop S01E34 - Will the Real Captain Try to Stand Up?</title>
        <meta>
                <content>episode</content>
                <imdb>tt0574671</imdb>
                <tvdb>73154</tvdb>
                <tvshowtitle>F Troop</tvshowtitle>
                <year>1965</year>
                <title>Will the Real Captain Try to Stand Up?</title>
                <premiered>1966-05-10</premiered>
                <season>1</season>
                <episode>34</episode>
        </meta>
        <link>
		<sublink>search</sublink>
                <sublink>searchsd</sublink>
        </link>
        <animated_thumbnail></animated_thumbnail>
        <thumbnail>https://www.thetvdb.com/banners/_cache/posters/73154-1.jpg</thumbnail>
        <animated_fanart></animated_fanart>
        <fanart>https://www.thetvdb.com/banners/_cache/fanart/original/73154-3.jpg</fanart>
</item>
