########################
<poster>F Troop</poster>
<thumbnail></thumbnail>
<fanart></fanart>
#############################

<dir>
        <name>Season 1</name>
        <meta>
                <content>season</content>
                <imdb>tt0058800</imdb>
                <tvdb>73154</tvdb>
                <tvshowtitle>F Troop</tvshowtitle>
                <year>1965</year>
                <season>1</season>
        </meta>
        <link>https://raw.githubusercontent.com/Doggmatic71/doggmatic71/master/plugin.video.laughtraxx/resources/ftroop1.xml</link>
        <thumbnail>https://www.thetvdb.com/banners/_cache/seasons/73154-1.jpg</thumbnail>
</dir>

<dir>		
        <name>Season 2</name>
        <meta>
                <content>season</content>
                <imdb>tt0058800</imdb>
                <tvdb>73154</tvdb>
                <tvshowtitle>F Troop</tvshowtitle>
                <year>1965</year>
                <season>2</season>
        </meta>
        <link></link>
        <thumbnail>https://www.thetvdb.com/banners/_cache/seasons/73154-2.jpg</thumbnail>		
</dir>
