########################
<poster>Season 1</poster>
<thumbnail></thumbnail>
<fanart></fanart>
########################

 <item>
        <title>Gilligan's Island S01E01 - Two on a Raft</title>
        <meta>
                <content>episode</content>
                <imdb></imdb>
                <tvdb>77345</tvdb>
                <tvshowtitle>Gilligan's Island</tvshowtitle>
                <year>1964</year>
                <title>Two on a Raft</title>
                <premiered>1964-09-26</premiered>
                <season>1</season>
                <episode>1</episode>
        </meta>
        <link>
		<sublink>search</sublink>
                <sublink>searchsd</sublink>
        </link>
        <animated_thumbnail></animated_thumbnail>
        <thumbnail>https://www.thetvdb.com/banners/_cache/posters/77345-1.jpg</thumbnail>
        <animated_fanart></animated_fanart>
        <fanart>https://www.thetvdb.com/banners/_cache/fanart/original/77345-3.jpg</fanart>
</item>

 <item>
        <title>Gilligan's Island S01E02 - Home Sweet Hut</title>
        <meta>
                <content>episode</content>
                <imdb></imdb>
                <tvdb>77345</tvdb>
                <tvshowtitle>Gilligan's Island</tvshowtitle>
                <year>1964</year>
                <title>Home Sweet Hut</title>
                <premiered>1964-10-03</premiered>
                <season>1</season>
                <episode>2</episode>
        </meta>
        <link>
		<sublink>search</sublink>
                <sublink>searchsd</sublink>
        </link>
        <animated_thumbnail></animated_thumbnail>
        <thumbnail>https://www.thetvdb.com/banners/_cache/posters/77345-1.jpg</thumbnail>
        <animated_fanart></animated_fanart>
        <fanart>https://www.thetvdb.com/banners/_cache/fanart/original/77345-3.jpg</fanart>
</item>

 <item>
        <title>Gilligan's Island S01E03 - Voodoo Something to Me</title>
        <meta>
                <content>episode</content>
                <imdb></imdb>
                <tvdb>77345</tvdb>
                <tvshowtitle>Gilligan's Island</tvshowtitle>
                <year>1964</year>
                <title>Voodoo Something to Me</title>
                <premiered>1964-10-10</premiered>
                <season>1</season>
                <episode>3</episode>
        </meta>
        <link>
		<sublink>search</sublink>
                <sublink>searchsd</sublink>
        </link>
        <animated_thumbnail></animated_thumbnail>
        <thumbnail>https://www.thetvdb.com/banners/_cache/posters/77345-1.jpg</thumbnail>
        <animated_fanart></animated_fanart>
        <fanart>https://www.thetvdb.com/banners/_cache/fanart/original/77345-3.jpg</fanart>
</item>

 <item>
        <title>Gilligan's Island S01E04 - Goodnight Sweet Skipper</title>
        <meta>
                <content>episode</content>
                <imdb></imdb>
                <tvdb>77345</tvdb>
                <tvshowtitle>Gilligan's Island</tvshowtitle>
                <year>1964</year>
                <title>Goodnight Sweet Skipper</title>
                <premiered>1964-10-17</premiered>
                <season>1</season>
                <episode>4</episode>
        </meta>
        <link>
		<sublink>search</sublink>
                <sublink>searchsd</sublink>
        </link>
        <animated_thumbnail></animated_thumbnail>
        <thumbnail>https://www.thetvdb.com/banners/_cache/posters/77345-1.jpg</thumbnail>
        <animated_fanart></animated_fanart>
        <fanart>https://www.thetvdb.com/banners/_cache/fanart/original/77345-3.jpg</fanart>
</item>

 <item>
        <title>Gilligan's Island S01E05 - Wrongway Feldman</title>
        <meta>
                <content>episode</content>
                <imdb></imdb>
                <tvdb>77345</tvdb>
                <tvshowtitle>Gilligan's Island</tvshowtitle>
                <year>1964</year>
                <title>Wrongway Feldman</title>
                <premiered>1964-10-24</premiered>
                <season>1</season>
                <episode>5</episode>
        </meta>
        <link>
		<sublink>search</sublink>
                <sublink>searchsd</sublink>
        </link>
        <animated_thumbnail></animated_thumbnail>
        <thumbnail>https://www.thetvdb.com/banners/_cache/posters/77345-1.jpg</thumbnail>
        <animated_fanart></animated_fanart>
        <fanart>https://www.thetvdb.com/banners/_cache/fanart/original/77345-3.jpg</fanart>
</item>

 <item>
        <title>Gilligan's Island S01E06 - President Gilligan</title>
        <meta>
                <content>episode</content>
                <imdb></imdb>
                <tvdb>77345</tvdb>
                <tvshowtitle>Gilligan's Island</tvshowtitle>
                <year>1964</year>
                <title>President Gilligan</title>
                <premiered>1964-10-31</premiered>
                <season>1</season>
                <episode>6</episode>
        </meta>
        <link>
		<sublink>search</sublink>
                <sublink>searchsd</sublink>
        </link>
        <animated_thumbnail></animated_thumbnail>
        <thumbnail>https://www.thetvdb.com/banners/_cache/posters/77345-1.jpg</thumbnail>
        <animated_fanart></animated_fanart>
        <fanart>https://www.thetvdb.com/banners/_cache/fanart/original/77345-3.jpg</fanart>
</item>

 <item>
        <title>Gilligan's Island S01E07 - The Sound of Quacking</title>
        <meta>
                <content>episode</content>
                <imdb></imdb>
                <tvdb>77345</tvdb>
                <tvshowtitle>Gilligan's Island</tvshowtitle>
                <year>1964</year>
                <title>The Sound of Quacking</title>
                <premiered>1964-11-07</premiered>
                <season>1</season>
                <episode>7</episode>
        </meta>
        <link>
		<sublink>search</sublink>
                <sublink>searchsd</sublink>
        </link>
        <animated_thumbnail></animated_thumbnail>
        <thumbnail>https://www.thetvdb.com/banners/_cache/posters/77345-1.jpg</thumbnail>
        <animated_fanart></animated_fanart>
        <fanart>https://www.thetvdb.com/banners/_cache/fanart/original/77345-3.jpg</fanart>
</item>
 <item>
        <title>Gilligan's Island S01E08 - Goodbye Island</title>
        <meta>
                <content>episode</content>
                <imdb></imdb>
                <tvdb>77345</tvdb>
                <tvshowtitle>Gilligan's Island</tvshowtitle>
                <year>1964</year>
                <title>Goodbye Island</title>
                <premiered>1964-11-21</premiered>
                <season>1</season>
                <episode>8</episode>
        </meta>
        <link>
		<sublink>search</sublink>
                <sublink>searchsd</sublink>
        </link>
        <animated_thumbnail></animated_thumbnail>
        <thumbnail>https://www.thetvdb.com/banners/_cache/posters/77345-1.jpg</thumbnail>
        <animated_fanart></animated_fanart>
        <fanart>https://www.thetvdb.com/banners/_cache/fanart/original/77345-3.jpg</fanart>
</item>

 <item>
        <title>Gilligan's Island S01E09 - The Big Gold Strike</title>
        <meta>
                <content>episode</content>
                <imdb></imdb>
                <tvdb>77345</tvdb>
                <tvshowtitle>Gilligan's Island</tvshowtitle>
                <year>1964</year>
                <title>The Big Gold Strike</title>
                <premiered>1964-11-28</premiered>
                <season>1</season>
                <episode>9</episode>
        </meta>
        <link>
		<sublink>search</sublink>
                <sublink>searchsd</sublink>
        </link>
        <animated_thumbnail></animated_thumbnail>
        <thumbnail>https://www.thetvdb.com/banners/_cache/posters/77345-1.jpg</thumbnail>
        <animated_fanart></animated_fanart>
        <fanart>https://www.thetvdb.com/banners/_cache/fanart/original/77345-3.jpg</fanart>
</item>

 <item>
        <title>Gilligan's Island S01E10 - Waiting for Watubi</title>
        <meta>
                <content>episode</content>
                <imdb></imdb>
                <tvdb>77345</tvdb>
                <tvshowtitle>Gilligan's Island</tvshowtitle>
                <year>1964</year>
                <title>Waiting for Watubi</title>
                <premiered>1964-12-05</premiered>
                <season>1</season>
                <episode>10</episode>
        </meta>
        <link>
		<sublink>search</sublink>
                <sublink>searchsd</sublink>
        </link>
        <animated_thumbnail></animated_thumbnail>
        <thumbnail>https://www.thetvdb.com/banners/_cache/posters/77345-1.jpg</thumbnail>
        <animated_fanart></animated_fanart>
        <fanart>https://www.thetvdb.com/banners/_cache/fanart/original/77345-3.jpg</fanart>
</item>
 <item>
        <title>Gilligan's Island S01E11 - Angel on the Island</title>
        <meta>
                <content>episode</content>
                <imdb></imdb>
                <tvdb>77345</tvdb>
                <tvshowtitle>Gilligan's Island</tvshowtitle>
                <year>1964</year>
                <title>Angel on the Island</title>
                <premiered>1964-12-12</premiered>
                <season>1</season>
                <episode>11</episode>
        </meta>
        <link>
		<sublink>search</sublink>
                <sublink>searchsd</sublink>
        </link>
        <animated_thumbnail></animated_thumbnail>
        <thumbnail>https://www.thetvdb.com/banners/_cache/posters/77345-1.jpg</thumbnail>
        <animated_fanart></animated_fanart>
        <fanart>https://www.thetvdb.com/banners/_cache/fanart/original/77345-3.jpg</fanart>
</item>

 <item>
        <title>Gilligan's Island S01E12 - Birds Gotta Fly, Fish Gotta Talk</title>
        <meta>
                <content>episode</content>
                <imdb></imdb>
                <tvdb>77345</tvdb>
                <tvshowtitle>Gilligan's Island</tvshowtitle>
                <year>1964</year>
                <title>Birds Gotta Fly, Fish Gotta Talk</title>
                <premiered>1964-12-19</premiered>
                <season>1</season>
                <episode>12</episode>
        </meta>
        <link>
		<sublink>search</sublink>
                <sublink>searchsd</sublink>
        </link>
        <animated_thumbnail></animated_thumbnail>
        <thumbnail>https://www.thetvdb.com/banners/_cache/posters/77345-1.jpg</thumbnail>
        <animated_fanart></animated_fanart>
        <fanart>https://www.thetvdb.com/banners/_cache/fanart/original/77345-3.jpg</fanart>
</item>

 <item>
        <title>Gilligan's Island S01E13 - Three Million Dollars More or Less</title>
        <meta>
                <content>episode</content>
                <imdb></imdb>
                <tvdb>77345</tvdb>
                <tvshowtitle>Gilligan's Island</tvshowtitle>
                <year>1964</year>
                <title>Three Million Dollars More or Less</title>
                <premiered>1964-12-26</premiered>
                <season>1</season>
                <episode>13</episode>
        </meta>
        <link>
		<sublink>search</sublink>
                <sublink>searchsd</sublink>
        </link>
        <animated_thumbnail></animated_thumbnail>
        <thumbnail>https://www.thetvdb.com/banners/_cache/posters/77345-1.jpg</thumbnail>
        <animated_fanart></animated_fanart>
        <fanart>https://www.thetvdb.com/banners/_cache/fanart/original/77345-3.jpg</fanart>
</item>

 <item>
        <title>Gilligan's Island S01E14 - Water, Water Everywhere</title>
        <meta>
                <content>episode</content>
                <imdb></imdb>
                <tvdb>77345</tvdb>
                <tvshowtitle>Gilligan's Island</tvshowtitle>
                <year>1964</year>
                <title>Water, Water Everywhere</title>
                <premiered>1965-01-02</premiered>
                <season>1</season>
                <episode>14</episode>
        </meta>
        <link>
		<sublink>search</sublink>
                <sublink>searchsd</sublink>
        </link>
        <animated_thumbnail></animated_thumbnail>
        <thumbnail>https://www.thetvdb.com/banners/_cache/posters/77345-1.jpg</thumbnail>
        <animated_fanart></animated_fanart>
        <fanart>https://www.thetvdb.com/banners/_cache/fanart/original/77345-3.jpg</fanart>
</item>

 <item>
        <title>Gilligan's Island S01E15 - So Sorry, My Island Now</title>
        <meta>
                <content>episode</content>
                <imdb></imdb>
                <tvdb>77345</tvdb>
                <tvshowtitle>Gilligan's Island</tvshowtitle>
                <year>1964</year>
                <title>So Sorry, My Island Now</title>
                <premiered>1965-01-09</premiered>
                <season>1</season>
                <episode>15</episode>
        </meta>
        <link>
		<sublink>search</sublink>
                <sublink>searchsd</sublink>
        </link>
        <animated_thumbnail></animated_thumbnail>
        <thumbnail>https://www.thetvdb.com/banners/_cache/posters/77345-1.jpg</thumbnail>
        <animated_fanart></animated_fanart>
        <fanart>https://www.thetvdb.com/banners/_cache/fanart/original/77345-3.jpg</fanart>
</item>

 <item>
        <title>Gilligan's Island S01E16 - Plant You Now, Dig You Later</title>
        <meta>
                <content>episode</content>
                <imdb></imdb>
                <tvdb>77345</tvdb>
                <tvshowtitle>Gilligan's Island</tvshowtitle>
                <year>1964</year>
                <title>Plant You Now, Dig You Later</title>
                <premiered>1965-01-16</premiered>
                <season>1</season>
                <episode>16</episode>
        </meta>
        <link>
		<sublink>search</sublink>
                <sublink>searchsd</sublink>
        </link>
        <animated_thumbnail></animated_thumbnail>
        <thumbnail>https://www.thetvdb.com/banners/_cache/posters/77345-1.jpg</thumbnail>
        <animated_fanart></animated_fanart>
        <fanart>https://www.thetvdb.com/banners/_cache/fanart/original/77345-3.jpg</fanart>
</item>

 <item>
        <title>Gilligan's Island S01E17 - Little Island, Big Gun</title>
        <meta>
                <content>episode</content>
                <imdb></imdb>
                <tvdb>77345</tvdb>
                <tvshowtitle>Gilligan's Island</tvshowtitle>
                <year>1964</year>
                <title>Little Island, Big Gun</title>
                <premiered>1965-01-23</premiered>
                <season>1</season>
                <episode>17</episode>
        </meta>
        <link>
		<sublink>search</sublink>
                <sublink>searchsd</sublink>
        </link>
        <animated_thumbnail></animated_thumbnail>
        <thumbnail>https://www.thetvdb.com/banners/_cache/posters/77345-1.jpg</thumbnail>
        <animated_fanart></animated_fanart>
        <fanart>https://www.thetvdb.com/banners/_cache/fanart/original/77345-3.jpg</fanart>
</item>

 <item>
        <title>Gilligan's Island S01E18 - X Marks the Spot</title>
        <meta>
                <content>episode</content>
                <imdb></imdb>
                <tvdb>77345</tvdb>
                <tvshowtitle>Gilligan's Island</tvshowtitle>
                <year>1964</year>
                <title>X Marks the Spot</title>
                <premiered>1965-01-30</premiered>
                <season>1</season>
                <episode>18</episode>
        </meta>
        <link>
		<sublink>search</sublink>
                <sublink>searchsd</sublink>
        </link>
        <animated_thumbnail></animated_thumbnail>
        <thumbnail>https://www.thetvdb.com/banners/_cache/posters/77345-1.jpg</thumbnail>
        <animated_fanart></animated_fanart>
        <fanart>https://www.thetvdb.com/banners/_cache/fanart/original/77345-3.jpg</fanart>
</item>

 <item>
        <title>Gilligan's Island S01E19 - Gilligan Meets Jungle Boy</title>
        <meta>
                <content>episode</content>
                <imdb></imdb>
                <tvdb>77345</tvdb>
                <tvshowtitle>Gilligan's Island</tvshowtitle>
                <year>1964</year>
                <title>Gilligan Meets Jungle Boy</title>
                <premiered>1965-02-06</premiered>
                <season>1</season>
                <episode>19</episode>
        </meta>
        <link>
		<sublink>search</sublink>
                <sublink>searchsd</sublink>
        </link>
        <animated_thumbnail></animated_thumbnail>
        <thumbnail>https://www.thetvdb.com/banners/_cache/posters/77345-1.jpg</thumbnail>
        <animated_fanart></animated_fanart>
        <fanart>https://www.thetvdb.com/banners/_cache/fanart/original/77345-3.jpg</fanart>
</item>

 <item>
        <title>Gilligan's Island S01E20 - St. Gilligan and the Dragon</title>
        <meta>
                <content>episode</content>
                <imdb></imdb>
                <tvdb>77345</tvdb>
                <tvshowtitle>Gilligan's Island</tvshowtitle>
                <year>1964</year>
                <title>St. Gilligan and the Dragon</title>
                <premiered>1965-02-13</premiered>
                <season>1</season>
                <episode>20</episode>
        </meta>
        <link>
		<sublink>search</sublink>
                <sublink>searchsd</sublink>
        </link>
        <animated_thumbnail></animated_thumbnail>
        <thumbnail>https://www.thetvdb.com/banners/_cache/posters/77345-1.jpg</thumbnail>
        <animated_fanart></animated_fanart>
        <fanart>https://www.thetvdb.com/banners/_cache/fanart/original/77345-3.jpg</fanart>
</item>

 <item>
        <title>Gilligan's Island S01E21 - Big Man on a Little Stick</title>
        <meta>
                <content>episode</content>
                <imdb></imdb>
                <tvdb>77345</tvdb>
                <tvshowtitle>Gilligan's Island</tvshowtitle>
                <year>1964</year>
                <title>Big Man on a Little Stick</title>
                <premiered>1965-02-20</premiered>
                <season>1</season>
                <episode>21</episode>
        </meta>
        <link>
		<sublink>search</sublink>
                <sublink>searchsd</sublink>
        </link>
        <animated_thumbnail></animated_thumbnail>
        <thumbnail>https://www.thetvdb.com/banners/_cache/posters/77345-1.jpg</thumbnail>
        <animated_fanart></animated_fanart>
        <fanart>https://www.thetvdb.com/banners/_cache/fanart/original/77345-3.jpg</fanart>
</item>

 <item>
        <title>Gilligan's Island S01E22 - Diamonds Are an Ape's Best Friend</title>
        <meta>
                <content>episode</content>
                <imdb></imdb>
                <tvdb>77345</tvdb>
                <tvshowtitle>Gilligan's Island</tvshowtitle>
                <year>1964</year>
                <title>Diamonds Are an Ape's Best Friend</title>
                <premiered>1965-02-27</premiered>
                <season>1</season>
                <episode>22</episode>
        </meta>
        <link>
		<sublink>search</sublink>
                <sublink>searchsd</sublink>
        </link>
        <animated_thumbnail></animated_thumbnail>
        <thumbnail>https://www.thetvdb.com/banners/_cache/posters/77345-1.jpg</thumbnail>
        <animated_fanart></animated_fanart>
        <fanart>https://www.thetvdb.com/banners/_cache/fanart/original/77345-3.jpg</fanart>
</item>

 <item>
        <title>Gilligan's Island S01E23 - How to Be a Hero</title>
        <meta>
                <content>episode</content>
                <imdb></imdb>
                <tvdb>77345</tvdb>
                <tvshowtitle>Gilligan's Island</tvshowtitle>
                <year>1964</year>
                <title>How to Be a Hero</title>
                <premiered>1965-03-06</premiered>
                <season>1</season>
                <episode>23</episode>
        </meta>
        <link>
		<sublink>search</sublink>
                <sublink>searchsd</sublink>
        </link>
        <animated_thumbnail></animated_thumbnail>
        <thumbnail>https://www.thetvdb.com/banners/_cache/posters/77345-1.jpg</thumbnail>
        <animated_fanart></animated_fanart>
        <fanart>https://www.thetvdb.com/banners/_cache/fanart/original/77345-3.jpg</fanart>
</item>

 <item>
        <title>Gilligan's Island S01E24 - The Return of Wrongway Feldman</title>
        <meta>
                <content>episode</content>
                <imdb></imdb>
                <tvdb>77345</tvdb>
                <tvshowtitle>Gilligan's Island</tvshowtitle>
                <year>1964</year>
                <title>The Return of Wrongway Feldman</title>
                <premiered>1965-03-13</premiered>
                <season>1</season>
                <episode>24</episode>
        </meta>
        <link>
		<sublink>search</sublink>
                <sublink>searchsd</sublink>
        </link>
        <animated_thumbnail></animated_thumbnail>
        <thumbnail>https://www.thetvdb.com/banners/_cache/posters/77345-1.jpg</thumbnail>
        <animated_fanart></animated_fanart>
        <fanart>https://www.thetvdb.com/banners/_cache/fanart/original/77345-3.jpg</fanart>
</item>

 <item>
        <title>Gilligan's Island S01E25 - The Matchmaker</title>
        <meta>
                <content>episode</content>
                <imdb></imdb>
                <tvdb>77345</tvdb>
                <tvshowtitle>Gilligan's Island</tvshowtitle>
                <year>1964</year>
                <title>The Matchmaker</title>
                <premiered>1965-03-20</premiered>
                <season>1</season>
                <episode>25</episode>
        </meta>
        <link>
		<sublink>search</sublink>
                <sublink>searchsd</sublink>
        </link>
        <animated_thumbnail></animated_thumbnail>
        <thumbnail>https://www.thetvdb.com/banners/_cache/posters/77345-1.jpg</thumbnail>
        <animated_fanart></animated_fanart>
        <fanart>https://www.thetvdb.com/banners/_cache/fanart/original/77345-3.jpg</fanart>
</item>

 <item>
        <title>Gilligan's Island S01E26 - Music Hath Charm</title>
        <meta>
                <content>episode</content>
                <imdb></imdb>
                <tvdb>77345</tvdb>
                <tvshowtitle>Gilligan's Island</tvshowtitle>
                <year>1964</year>
                <title>Music Hath Charm</title>
                <premiered>1965-03-27</premiered>
                <season>1</season>
                <episode>26</episode>
        </meta>
        <link>
		<sublink>search</sublink>
                <sublink>searchsd</sublink>
        </link>
        <animated_thumbnail></animated_thumbnail>
        <thumbnail>https://www.thetvdb.com/banners/_cache/posters/77345-1.jpg</thumbnail>
        <animated_fanart></animated_fanart>
        <fanart>https://www.thetvdb.com/banners/_cache/fanart/original/77345-3.jpg</fanart>
</item>

 <item>
        <title>Gilligan's Island S01E27 - New Neighbor Sam</title>
        <meta>
                <content>episode</content>
                <imdb></imdb>
                <tvdb>77345</tvdb>
                <tvshowtitle>Gilligan's Island</tvshowtitle>
                <year>1964</year>
                <title>New Neighbor Sam</title>
                <premiered>1965-04-03</premiered>
                <season>1</season>
                <episode>27</episode>
        </meta>
        <link>
		<sublink>search</sublink>
                <sublink>searchsd</sublink>
        </link>
        <animated_thumbnail></animated_thumbnail>
        <thumbnail>https://www.thetvdb.com/banners/_cache/posters/77345-1.jpg</thumbnail>
        <animated_fanart></animated_fanart>
        <fanart>https://www.thetvdb.com/banners/_cache/fanart/original/77345-3.jpg</fanart>
</item>

 <item>
        <title>Gilligan's Island S01E28 - They're Off and Running</title>
        <meta>
                <content>episode</content>
                <imdb></imdb>
                <tvdb>77345</tvdb>
                <tvshowtitle>Gilligan's Island</tvshowtitle>
                <year>1964</year>
                <title>They're Off and Running</title>
                <premiered>1965-04-10</premiered>
                <season>1</season>
                <episode>28</episode>
        </meta>
        <link>
		<sublink>search</sublink>
                <sublink>searchsd</sublink>
        </link>
        <animated_thumbnail></animated_thumbnail>
        <thumbnail>https://www.thetvdb.com/banners/_cache/posters/77345-1.jpg</thumbnail>
        <animated_fanart></animated_fanart>
        <fanart>https://www.thetvdb.com/banners/_cache/fanart/original/77345-3.jpg</fanart>
</item>

 <item>
        <title>Gilligan's Island S01E29 - Three to Get Ready</title>
        <meta>
                <content>episode</content>
                <imdb></imdb>
                <tvdb>77345</tvdb>
                <tvshowtitle>Gilligan's Island</tvshowtitle>
                <year>1964</year>
                <title>Three to Get Ready</title>
                <premiered>1965-04-17</premiered>
                <season>1</season>
                <episode>29</episode>
        </meta>
        <link>
		<sublink>search</sublink>
                <sublink>searchsd</sublink>
        </link>
        <animated_thumbnail></animated_thumbnail>
        <thumbnail>https://www.thetvdb.com/banners/_cache/posters/77345-1.jpg</thumbnail>
        <animated_fanart></animated_fanart>
        <fanart>https://www.thetvdb.com/banners/_cache/fanart/original/77345-3.jpg</fanart>
</item>

 <item>
        <title>Gilligan's Island S01E30 - Forget Me Not</title>
        <meta>
                <content>episode</content>
                <imdb></imdb>
                <tvdb>77345</tvdb>
                <tvshowtitle>Gilligan's Island</tvshowtitle>
                <year>1964</year>
                <title>Forget Me Not</title>
                <premiered>1965-04-24</premiered>
                <season>1</season>
                <episode>30</episode>
        </meta>
        <link>
		<sublink>search</sublink>
                <sublink>searchsd</sublink>
        </link>
        <animated_thumbnail></animated_thumbnail>
        <thumbnail>https://www.thetvdb.com/banners/_cache/posters/77345-1.jpg</thumbnail>
        <animated_fanart></animated_fanart>
        <fanart>https://www.thetvdb.com/banners/_cache/fanart/original/77345-3.jpg</fanart>
</item>

 <item>
        <title>Gilligan's Island S01E31 - Diogenes, Won't You Please Go Home?</title>
        <meta>
                <content>episode</content>
                <imdb></imdb>
                <tvdb>77345</tvdb>
                <tvshowtitle>Gilligan's Island</tvshowtitle>
                <year>1964</year>
                <title>Diogenes, Won't You Please Go Home?</title>
                <premiered>1965-05-01</premiered>
                <season>1</season>
                <episode>31</episode>
        </meta>
        <link>
		<sublink>search</sublink>
                <sublink>searchsd</sublink>
        </link>
        <animated_thumbnail></animated_thumbnail>
        <thumbnail>https://www.thetvdb.com/banners/_cache/posters/77345-1.jpg</thumbnail>
        <animated_fanart></animated_fanart>
        <fanart>https://www.thetvdb.com/banners/_cache/fanart/original/77345-3.jpg</fanart>
</item>

 <item>
        <title>Gilligan's Island S01E32 - Physical Fatness</title>
        <meta>
                <content>episode</content>
                <imdb></imdb>
                <tvdb>77345</tvdb>
                <tvshowtitle>Gilligan's Island</tvshowtitle>
                <year>1964</year>
                <title>Physical Fatness</title>
                <premiered>1965-05-08</premiered>
                <season>1</season>
                <episode>32</episode>
        </meta>
        <link>
		<sublink>search</sublink>
                <sublink>searchsd</sublink>
        </link>
        <animated_thumbnail></animated_thumbnail>
        <thumbnail>https://www.thetvdb.com/banners/_cache/posters/77345-1.jpg</thumbnail>
        <animated_fanart></animated_fanart>
        <fanart>https://www.thetvdb.com/banners/_cache/fanart/original/77345-3.jpg</fanart>
</item>

 <item>
        <title>Gilligan's Island S01E33 - It's Magic</title>
        <meta>
                <content>episode</content>
                <imdb></imdb>
                <tvdb>77345</tvdb>
                <tvshowtitle>Gilligan's Island</tvshowtitle>
                <year>1964</year>
                <title>It's Magic</title>
                <premiered>1965-05-15</premiered>
                <season>1</season>
                <episode>33</episode>
        </meta>
        <link>
		<sublink>search</sublink>
                <sublink>searchsd</sublink>
        </link>
        <animated_thumbnail></animated_thumbnail>
        <thumbnail>https://www.thetvdb.com/banners/_cache/posters/77345-1.jpg</thumbnail>
        <animated_fanart></animated_fanart>
        <fanart>https://www.thetvdb.com/banners/_cache/fanart/original/77345-3.jpg</fanart>
</item>

 <item>
        <title>Gilligan's Island S01E34 - Goodbye, Old Paint</title>
        <meta>
                <content>episode</content>
                <imdb></imdb>
                <tvdb>77345</tvdb>
                <tvshowtitle>Gilligan's Island</tvshowtitle>
                <year>1964</year>
                <title>Goodbye, Old Paint</title>
                <premiered>1965-05-15</premiered>
                <season>1</season>
                <episode>34</episode>
        </meta>
        <link>
		<sublink>search</sublink>
                <sublink>searchsd</sublink>
        </link>
        <animated_thumbnail></animated_thumbnail>
        <thumbnail>https://www.thetvdb.com/banners/_cache/posters/77345-1.jpg</thumbnail>
        <animated_fanart></animated_fanart>
        <fanart>https://www.thetvdb.com/banners/_cache/fanart/original/77345-3.jpg</fanart>
</item>

 <item>
        <title>Gilligan's Island S01E35 - My Fair Gilligan</title>
        <meta>
                <content>episode</content>
                <imdb></imdb>
                <tvdb>77345</tvdb>
                <tvshowtitle>Gilligan's Island</tvshowtitle>
                <year>1964</year>
                <title>My Fair Gilligan</title>
                <premiered>1965-06-05</premiered>
                <season>1</season>
                <episode>35</episode>
        </meta>
        <link>
		<sublink>search</sublink>
                <sublink>searchsd</sublink>
        </link>
        <animated_thumbnail></animated_thumbnail>
        <thumbnail>https://www.thetvdb.com/banners/_cache/posters/77345-1.jpg</thumbnail>
        <animated_fanart></animated_fanart>
        <fanart>https://www.thetvdb.com/banners/_cache/fanart/original/77345-3.jpg</fanart>
</item>

 <item>
        <title>Gilligan's Island S01E36 - A Nose by Any Other Name</title>
        <meta>
                <content>episode</content>
                <imdb></imdb>
                <tvdb>77345</tvdb>
                <tvshowtitle>Gilligan's Island</tvshowtitle>
                <year>1964</year>
                <title>A Nose by Any Other Name</title>
                <premiered>1965-06-12</premiered>
                <season>1</season>
                <episode>36</episode>
        </meta>
        <link>
		<sublink>search</sublink>
                <sublink>searchsd</sublink>
        </link>
        <animated_thumbnail></animated_thumbnail>
        <thumbnail>https://www.thetvdb.com/banners/_cache/posters/77345-1.jpg</thumbnail>
        <animated_fanart></animated_fanart>
        <fanart>https://www.thetvdb.com/banners/_cache/fanart/original/77345-3.jpg</fanart>
</item>




