########################
<poster>Gilligan's Island</poster>
<thumbnail></thumbnail>
<fanart></fanart>
#############################

<dir>
        <name>Season 1</name>
        <meta>
                <content>season</content>
                <imdb>tt0057751</imdb>
                <tvdb>77345</tvdb>
                <tvshowtitle>Gilligan's Island</tvshowtitle>
                <year>1964</year>
                <season>1</season>
        </meta>
        <link>https://raw.githubusercontent.com/Doggmatic71/doggmatic71/master/plugin.video.laughtraxx/resources/gilligans1.xml</link>
        <thumbnail>https://www.thetvdb.com/banners/_cache/seasons/77345-1-3.jpg</thumbnail>
</dir>

<dir>		
        <name>Season 2</name>
        <meta>
                <content>season</content>
                <imdb>tt0057751</imdb>
                <tvdb>77345</tvdb>
                <tvshowtitle>Gilligan's Island</tvshowtitle>
                <year>1964</year>
                <season>2</season>
        </meta>
        <link></link>
        <thumbnail>https://www.thetvdb.com/banners/_cache/seasons/77345-2-3.jpg</thumbnail>		
</dir>

<dir>		
        <name>Season 3</name>
        <meta>
                <content>season</content>
                <imdb>tt0057751</imdb>
                <tvdb>77345</tvdb>
                <tvshowtitle>Gilligan's Island</tvshowtitle>
                <year>1964</year>
                <season>3</season>
        </meta>
        <link></link>
        <thumbnail>https://www.thetvdb.com/banners/_cache/seasons/77345-3-3.jpg</thumbnail>		
</dir>

