########################
<poster>Gomer Pyle, U.S.M.C.</poster>
<thumbnail></thumbnail>
<fanart></fanart>
#############################

<dir>
        <name>Season 1</name>
        <meta>
                <content>season</content>
                <imdb>tt0057752</imdb>
                <tvdb>71653</tvdb>
                <tvshowtitle>Gomer Pyle, U.S.M.C.</tvshowtitle>
                <year>1964</year>
                <season>1</season>
        </meta>
        <link>https://raw.githubusercontent.com/Doggmatic71/doggmatic71/master/plugin.video.laughtraxx/resources/gomer1.xml</link>
        <thumbnail>https://www.thetvdb.com/banners/_cache/seasons/71653-1.jpg</thumbnail>
</dir>

<dir>		
        <name>Season 2</name>
        <meta>
                <content>season</content>
                <imdb>tt0057752</imdb>
                <tvdb>71653</tvdb>
                <tvshowtitle>Gomer Pyle, U.S.M.C.</tvshowtitle>
                <year>1964</year>
                <season>2</season>
        </meta>
        <link></link>
        <thumbnail>https://www.thetvdb.com/banners/_cache/seasons/71653-2.jpg</thumbnail>		
</dir>

<dir>		
        <name>Season 3</name>
        <meta>
                <content>season</content>
                <imdb>tt0057752</imdb>
                <tvdb>71653</tvdb>
                <tvshowtitle>Gomer Pyle, U.S.M.C.</tvshowtitle>
                <year>1964</year>
                <season>3</season>
        </meta>
        <link></link>
        <thumbnail>https://www.thetvdb.com/banners/_cache/seasons/71653-3.jpg</thumbnail>		
</dir>

<dir>		
        <name>Season 4</name>
        <meta>
                <content>season</content>
                <imdb>tt0057752</imdb>
                <tvdb>71653</tvdb>
                <tvshowtitle>Gomer Pyle, U.S.M.C.</tvshowtitle>
                <year>1964</year>
                <season>4</season>
        </meta>
        <link></link>
        <thumbnail>https://www.thetvdb.com/banners/_cache/seasons/71653-4.jpg</thumbnail>		
</dir>

<dir>		
        <name>Season 5</name>
        <meta>
                <content>season</content>
                <imdb>tt0057752</imdb>
                <tvdb>71653</tvdb>
                <tvshowtitle>Gomer Pyle, U.S.M.C.</tvshowtitle>
                <year>1964</year>
                <season>5</season>
        </meta>
        <link></link>
        <thumbnail>https://www.thetvdb.com/banners/_cache/seasons/71653-5.jpg</thumbnail>		
</dir>

