########################
<poster>Season 1</poster>
<thumbnail></thumbnail>
<fanart></fanart>
########################

 <item>
        <title>Gomer Pyle, U.S.M.C. S01E01 - Gomer Overcomes the Obstacle Course</title>
        <meta>
                <content>episode</content>
                <imdb></imdb>
                <tvdb>71653</tvdb>
                <tvshowtitle>Gomer Pyle, U.S.M.C.</tvshowtitle>
                <year>1964</year>
                <title>Gomer Overcomes the Obstacle Course</title>
                <premiered>1964-09-25</premiered>
                <season>1</season>
                <episode>1</episode>
        </meta>
        <link>
		<sublink>search</sublink>
                <sublink>searchsd</sublink>
        </link>
        <animated_thumbnail></animated_thumbnail>
        <thumbnail>https://www.thetvdb.com/banners/_cache/posters/71653-2.jpg</thumbnail>
        <animated_fanart></animated_fanart>
        <fanart>https://www.thetvdb.com/banners/_cache/fanart/original/71653-6.jpg</fanart>
</item>

 <item>
        <title>Gomer Pyle, U.S.M.C. S01E02 - Guest in the Barracks</title>
        <meta>
                <content>episode</content>
                <imdb></imdb>
                <tvdb>71653</tvdb>
                <tvshowtitle>Gomer Pyle, U.S.M.C.</tvshowtitle>
                <year>1964</year>
                <title>Guest in the Barracks</title>
                <premiered>1964-10-02</premiered>
                <season>1</season>
                <episode>2</episode>
        </meta>
        <link>
		<sublink>search</sublink>
                <sublink>searchsd</sublink>
        </link>
        <animated_thumbnail></animated_thumbnail>
        <thumbnail>https://www.thetvdb.com/banners/_cache/posters/71653-2.jpg</thumbnail>
        <animated_fanart></animated_fanart>
        <fanart>https://www.thetvdb.com/banners/_cache/fanart/original/71653-6.jpg</fanart>
</item>

 <item>
        <title>Gomer Pyle, U.S.M.C. S01E03 - Private Ralph Skunk</title>
        <meta>
                <content>episode</content>
                <imdb></imdb>
                <tvdb>71653</tvdb>
                <tvshowtitle>Gomer Pyle, U.S.M.C.</tvshowtitle>
                <year>1964</year>
                <title>Private Ralph Skunk</title>
                <premiered>1964-10-09</premiered>
                <season>1</season>
                <episode>3</episode>
        </meta>
        <link>
		<sublink>search</sublink>
                <sublink>searchsd</sublink>
        </link>
        <animated_thumbnail></animated_thumbnail>
        <thumbnail>https://www.thetvdb.com/banners/_cache/posters/71653-2.jpg</thumbnail>
        <animated_fanart></animated_fanart>
        <fanart>https://www.thetvdb.com/banners/_cache/fanart/original/71653-6.jpg</fanart>
</item>

 <item>
        <title>Gomer Pyle, U.S.M.C. S01E04 - Captain Ironpants</title>
        <meta>
                <content>episode</content>
                <imdb></imdb>
                <tvdb>71653</tvdb>
                <tvshowtitle>Gomer Pyle, U.S.M.C.</tvshowtitle>
                <year>1964</year>
                <title>Captain Ironpants</title>
                <premiered>1964-10-16</premiered>
                <season>1</season>
                <episode>4</episode>
        </meta>
        <link>
		<sublink>search</sublink>
                <sublink>searchsd</sublink>
        </link>
        <animated_thumbnail></animated_thumbnail>
        <thumbnail>https://www.thetvdb.com/banners/_cache/posters/71653-2.jpg</thumbnail>
        <animated_fanart></animated_fanart>
        <fanart>https://www.thetvdb.com/banners/_cache/fanart/original/71653-6.jpg</fanart>
</item>

 <item>
        <title>Gomer Pyle, U.S.M.C. S01E05 - Gomer Learns a Bully</title>
        <meta>
                <content>episode</content>
                <imdb></imdb>
                <tvdb>71653</tvdb>
                <tvshowtitle>Gomer Pyle, U.S.M.C.</tvshowtitle>
                <year>1964</year>
                <title>Gomer Learns a Bully</title>
                <premiered>1964-10-23</premiered>
                <season>1</season>
                <episode>5</episode>
        </meta>
        <link>
		<sublink>search</sublink>
                <sublink>searchsd</sublink>
        </link>
        <animated_thumbnail></animated_thumbnail>
        <thumbnail>https://www.thetvdb.com/banners/_cache/posters/71653-2.jpg</thumbnail>
        <animated_fanart></animated_fanart>
        <fanart>https://www.thetvdb.com/banners/_cache/fanart/original/71653-6.jpg</fanart>
</item>

 <item>
        <title>Gomer Pyle, U.S.M.C. S01E06 - Pay Day</title>
        <meta>
                <content>episode</content>
                <imdb></imdb>
                <tvdb>71653</tvdb>
                <tvshowtitle>Gomer Pyle, U.S.M.C.</tvshowtitle>
                <year>1964</year>
                <title>Pay Day</title>
                <premiered>1964-10-30</premiered>
                <season>1</season>
                <episode>6</episode>
        </meta>
        <link>
		<sublink>search</sublink>
                <sublink>searchsd</sublink>
        </link>
        <animated_thumbnail></animated_thumbnail>
        <thumbnail>https://www.thetvdb.com/banners/_cache/posters/71653-2.jpg</thumbnail>
        <animated_fanart></animated_fanart>
        <fanart>https://www.thetvdb.com/banners/_cache/fanart/original/71653-6.jpg</fanart>
</item>

 <item>
        <title>Gomer Pyle, U.S.M.C. S01E07 - WNobody Loves a Sergeant</title>
        <meta>
                <content>episode</content>
                <imdb></imdb>
                <tvdb>71653</tvdb>
                <tvshowtitle>Gomer Pyle, U.S.M.C.</tvshowtitle>
                <year>1964</year>
                <title>Nobody Loves a Sergeant</title>
                <premiered>1964-11-06</premiered>
                <season>1</season>
                <episode>7</episode>
        </meta>
        <link>
		<sublink>search</sublink>
                <sublink>searchsd</sublink>
        </link>
        <animated_thumbnail></animated_thumbnail>
        <thumbnail>https://www.thetvdb.com/banners/_cache/posters/71653-2.jpg</thumbnail>
        <animated_fanart></animated_fanart>
        <fanart>https://www.thetvdb.com/banners/_cache/fanart/original/71653-6.jpg</fanart>
</item>
 <item>
        <title>Gomer Pyle, U.S.M.C. S01E08 - Gomer and the Dragon Lady</title>
        <meta>
                <content>episode</content>
                <imdb></imdb>
                <tvdb>71653</tvdb>
                <tvshowtitle>Gomer Pyle, U.S.M.C.</tvshowtitle>
                <year>1964</year>
                <title>Gomer and the Dragon Lady</title>
                <premiered>1964-11-13</premiered>
                <season>1</season>
                <episode>8</episode>
        </meta>
        <link>
		<sublink>search</sublink>
                <sublink>searchsd</sublink>
        </link>
        <animated_thumbnail></animated_thumbnail>
        <thumbnail>https://www.thetvdb.com/banners/_cache/posters/71653-2.jpg</thumbnail>
        <animated_fanart></animated_fanart>
        <fanart>https://www.thetvdb.com/banners/_cache/fanart/original/71653-6.jpg</fanart>
</item>

 <item>
        <title>Gomer Pyle, U.S.M.C. S01E09 - Survival of the Fattest</title>
        <meta>
                <content>episode</content>
                <imdb></imdb>
                <tvdb>71653</tvdb>
                <tvshowtitle>Gomer Pyle, U.S.M.C.</tvshowtitle>
                <year>1964</year>
                <title>Survival of the Fattest</title>
                <premiered>1964-11-20</premiered>
                <season>1</season>
                <episode>9</episode>
        </meta>
        <link>
		<sublink>search</sublink>
                <sublink>searchsd</sublink>
        </link>
        <animated_thumbnail></animated_thumbnail>
        <thumbnail>https://www.thetvdb.com/banners/_cache/posters/71653-2.jpg</thumbnail>
        <animated_fanart></animated_fanart>
        <fanart>https://www.thetvdb.com/banners/_cache/fanart/original/71653-6.jpg</fanart>
</item>

 <item>
        <title>Gomer Pyle, U.S.M.C. S01E10 - A Date for the Colonel's Daughter</title>
        <meta>
                <content>episode</content>
                <imdb></imdb>
                <tvdb>71653</tvdb>
                <tvshowtitle>Gomer Pyle, U.S.M.C.</tvshowtitle>
                <year>1964</year>
                <title>A Date for the Colonel's Daughter</title>
                <premiered>1964-11-27</premiered>
                <season>1</season>
                <episode>10</episode>
        </meta>
        <link>
		<sublink>search</sublink>
                <sublink>searchsd</sublink>
        </link>
        <animated_thumbnail></animated_thumbnail>
        <thumbnail>https://www.thetvdb.com/banners/_cache/posters/71653-2.jpg</thumbnail>
        <animated_fanart></animated_fanart>
        <fanart>https://www.thetvdb.com/banners/_cache/fanart/original/71653-6.jpg</fanart>
</item>
 <item>
        <title>Gomer Pyle, U.S.M.C. S01E11 - They Shall Not Pass</title>
        <meta>
                <content>episode</content>
                <imdb></imdb>
                <tvdb>71653</tvdb>
                <tvshowtitle>Gomer Pyle, U.S.M.C.</tvshowtitle>
                <year>1964</year>
                <title>They Shall Not Pass</title>
                <premiered>1964-12-04</premiered>
                <season>1</season>
                <episode>11</episode>
        </meta>
        <link>
		<sublink>search</sublink>
                <sublink>searchsd</sublink>
        </link>
        <animated_thumbnail></animated_thumbnail>
        <thumbnail>https://www.thetvdb.com/banners/_cache/posters/71653-2.jpg</thumbnail>
        <animated_fanart></animated_fanart>
        <fanart>https://www.thetvdb.com/banners/_cache/fanart/original/71653-6.jpg</fanart>
</item>

 <item>
        <title>Gomer Pyle, U.S.M.C. S01E12 - Sergeant Carter, Marine Baby Sitter</title>
        <meta>
                <content>episode</content>
                <imdb></imdb>
                <tvdb>71653</tvdb>
                <tvshowtitle>Gomer Pyle, U.S.M.C.</tvshowtitle>
                <year>1964</year>
                <title>Sergeant Carter, Marine Baby Sitter</title>
                <premiered>1964-12-11</premiered>
                <season>1</season>
                <episode>12</episode>
        </meta>
        <link>
		<sublink>search</sublink>
                <sublink>searchsd</sublink>
        </link>
        <animated_thumbnail></animated_thumbnail>
        <thumbnail>https://www.thetvdb.com/banners/_cache/posters/71653-2.jpg</thumbnail>
        <animated_fanart></animated_fanart>
        <fanart>https://www.thetvdb.com/banners/_cache/fanart/original/71653-6.jpg</fanart>
</item>

 <item>
        <title>Gomer Pyle, U.S.M.C. S01E13 - The Case of the Marine Bandit</title>
        <meta>
                <content>episode</content>
                <imdb></imdb>
                <tvdb>71653</tvdb>
                <tvshowtitle>Gomer Pyle, U.S.M.C.</tvshowtitle>
                <year>1964</year>
                <title>The Case of the Marine Bandit</title>
                <premiered>1964-12-18</premiered>
                <season>1</season>
                <episode>13</episode>
        </meta>
        <link>
		<sublink>search</sublink>
                <sublink>searchsd</sublink>
        </link>
        <animated_thumbnail></animated_thumbnail>
        <thumbnail>https://www.thetvdb.com/banners/_cache/posters/71653-2.jpg</thumbnail>
        <animated_fanart></animated_fanart>
        <fanart>https://www.thetvdb.com/banners/_cache/fanart/original/71653-6.jpg</fanart>
</item>

 <item>
        <title>Gomer Pyle, U.S.M.C. S01E14 - Sergeant of the Week</title>
        <meta>
                <content>episode</content>
                <imdb></imdb>
                <tvdb>71653</tvdb>
                <tvshowtitle>Gomer Pyle, U.S.M.C.</tvshowtitle>
                <year>1964</year>
                <title>Sergeant of the Week</title>
                <premiered>1964-12-25</premiered>
                <season>1</season>
                <episode>14</episode>
        </meta>
        <link>
		<sublink>search</sublink>
                <sublink>searchsd</sublink>
        </link>
        <animated_thumbnail></animated_thumbnail>
        <thumbnail>https://www.thetvdb.com/banners/_cache/posters/71653-2.jpg</thumbnail>
        <animated_fanart></animated_fanart>
        <fanart>https://www.thetvdb.com/banners/_cache/fanart/original/71653-6.jpg</fanart>
</item>

 <item>
        <title>Gomer Pyle, U.S.M.C. S01E15 - Grandpa Pyle's Good Luck Charm</title>
        <meta>
                <content>episode</content>
                <imdb></imdb>
                <tvdb>71653</tvdb>
                <tvshowtitle>Gomer Pyle, U.S.M.C.</tvshowtitle>
                <year>1964</year>
                <title>Grandpa Pyle's Good Luck Charm</title>
                <premiered>1963-01-24</premiered>
                <season>1</season>
                <episode>15</episode>
        </meta>
        <link>
		<sublink>search</sublink>
                <sublink>searchsd</sublink>
        </link>
        <animated_thumbnail></animated_thumbnail>
        <thumbnail>https://www.thetvdb.com/banners/_cache/posters/71653-2.jpg</thumbnail>
        <animated_fanart></animated_fanart>
        <fanart>https://www.thetvdb.com/banners/_cache/fanart/original/71653-6.jpg</fanart>
</item>

 <item>
        <title>Gomer Pyle, U.S.M.C. S01E16 - Dance, Marine, Dance</title>
        <meta>
                <content>episode</content>
                <imdb></imdb>
                <tvdb>71653</tvdb>
                <tvshowtitle>Gomer Pyle, U.S.M.C.</tvshowtitle>
                <year>1964</year>
                <title>Dance, Marine, Dance</title>
                <premiered>1965-01-08</premiered>
                <season>1</season>
                <episode>16</episode>
        </meta>
        <link>
		<sublink>search</sublink>
                <sublink>searchsd</sublink>
        </link>
        <animated_thumbnail></animated_thumbnail>
        <thumbnail>https://www.thetvdb.com/banners/_cache/posters/71653-2.jpg</thumbnail>
        <animated_fanart></animated_fanart>
        <fanart>https://www.thetvdb.com/banners/_cache/fanart/original/71653-6.jpg</fanart>
</item>

 <item>
        <title>Gomer Pyle, U.S.M.C. S01E17 - Sergeant Carter's Farewell to His Troops</title>
        <meta>
                <content>episode</content>
                <imdb></imdb>
                <tvdb>71653</tvdb>
                <tvshowtitle>Gomer Pyle, U.S.M.C.</tvshowtitle>
                <year>1964</year>
                <title>Sergeant Carter's Farewell to His Troops</title>
                <premiered>1965-01-15</premiered>
                <season>1</season>
                <episode>17</episode>
        </meta>
        <link>
		<sublink>search</sublink>
                <sublink>searchsd</sublink>
        </link>
        <animated_thumbnail></animated_thumbnail>
        <thumbnail>https://www.thetvdb.com/banners/_cache/posters/71653-2.jpg</thumbnail>
        <animated_fanart></animated_fanart>
        <fanart>https://www.thetvdb.com/banners/_cache/fanart/original/71653-6.jpg</fanart>
</item>

 <item>
        <title>Gomer Pyle, U.S.M.C. S01E18 - The Feudin' Pyles</title>
        <meta>
                <content>episode</content>
                <imdb></imdb>
                <tvdb>71653</tvdb>
                <tvshowtitle>Gomer Pyle, U.S.M.C.</tvshowtitle>
                <year>1964</year>
                <title>The Feudin' Pyles</title>
                <premiered>1965-01-22</premiered>
                <season>1</season>
                <episode>18</episode>
        </meta>
        <link>
		<sublink>search</sublink>
                <sublink>searchsd</sublink>
        </link>
        <animated_thumbnail></animated_thumbnail>
        <thumbnail>https://www.thetvdb.com/banners/_cache/posters/71653-2.jpg</thumbnail>
        <animated_fanart></animated_fanart>
        <fanart>https://www.thetvdb.com/banners/_cache/fanart/original/71653-6.jpg</fanart>
</item>

 <item>
        <title>Gomer Pyle, U.S.M.C. S01E19 - Love Letters to the Sarge</title>
        <meta>
                <content>episode</content>
                <imdb></imdb>
                <tvdb>71653</tvdb>
                <tvshowtitle>Gomer Pyle, U.S.M.C.</tvshowtitle>
                <year>1964</year>
                <title>Love Letters to the Sarge</title>
                <premiered>1965-01-29</premiered>
                <season>1</season>
                <episode>19</episode>
        </meta>
        <link>
		<sublink>search</sublink>
                <sublink>searchsd</sublink>
        </link>
        <animated_thumbnail></animated_thumbnail>
        <thumbnail>https://www.thetvdb.com/banners/_cache/posters/71653-2.jpg</thumbnail>
        <animated_fanart></animated_fanart>
        <fanart>https://www.thetvdb.com/banners/_cache/fanart/original/71653-6.jpg</fanart>
</item>

 <item>
        <title>Gomer Pyle, U.S.M.C. S01E20 - Sergeant Carter Gets a Dear John Letter</title>
        <meta>
                <content>episode</content>
                <imdb></imdb>
                <tvdb>71653</tvdb>
                <tvshowtitle>Gomer Pyle, U.S.M.C.</tvshowtitle>
                <year>1964</year>
                <title>Sergeant Carter Gets a Dear John Letter</title>
                <premiered>1965-02-25</premiered>
                <season>1</season>
                <episode>20</episode>
        </meta>
        <link>
		<sublink>search</sublink>
                <sublink>searchsd</sublink>
        </link>
        <animated_thumbnail></animated_thumbnail>
        <thumbnail>https://www.thetvdb.com/banners/_cache/posters/71653-2.jpg</thumbnail>
        <animated_fanart></animated_fanart>
        <fanart>https://www.thetvdb.com/banners/_cache/fanart/original/71653-6.jpg</fanart>
</item>

 <item>
        <title>Gomer Pyle, U.S.M.C. S01E21 - Daughter of the Sarge</title>
        <meta>
                <content>episode</content>
                <imdb></imdb>
                <tvdb>71653</tvdb>
                <tvshowtitle>Gomer Pyle, U.S.M.C.</tvshowtitle>
                <year>1964</year>
                <title>Daughter of the Sarge</title>
                <premiered>1965-02-12</premiered>
                <season>1</season>
                <episode>21</episode>
        </meta>
        <link>
		<sublink>search</sublink>
                <sublink>searchsd</sublink>
        </link>
        <animated_thumbnail></animated_thumbnail>
        <thumbnail>https://www.thetvdb.com/banners/_cache/posters/71653-2.jpg</thumbnail>
        <animated_fanart></animated_fanart>
        <fanart>https://www.thetvdb.com/banners/_cache/fanart/original/71653-6.jpg</fanart>
</item>

 <item>
        <title>Gomer Pyle, U.S.M.C. S01E22 - Officer Candidate Gomer Pyle</title>
        <meta>
                <content>episode</content>
                <imdb></imdb>
                <tvdb>71653</tvdb>
                <tvshowtitle>Gomer Pyle, U.S.M.C.</tvshowtitle>
                <year>1964</year>
                <title>Officer Candidate Gomer Pyle</title>
                <premiered>1965-02-19</premiered>
                <season>1</season>
                <episode>22</episode>
        </meta>
        <link>
		<sublink>search</sublink>
                <sublink>searchsd</sublink>
        </link>
        <animated_thumbnail></animated_thumbnail>
        <thumbnail>https://www.thetvdb.com/banners/_cache/posters/71653-2.jpg</thumbnail>
        <animated_fanart></animated_fanart>
        <fanart>https://www.thetvdb.com/banners/_cache/fanart/original/71653-6.jpg</fanart>
</item>

 <item>
        <title>Gomer Pyle, U.S.M.C. S01E23 - Old Man Carter</title>
        <meta>
                <content>episode</content>
                <imdb></imdb>
                <tvdb>71653</tvdb>
                <tvshowtitle>Gomer Pyle, U.S.M.C.</tvshowtitle>
                <year>1964</year>
                <title>Old Man Carter</title>
                <premiered>1965-02-26</premiered>
                <season>1</season>
                <episode>23</episode>
        </meta>
        <link>
		<sublink>search</sublink>
                <sublink>searchsd</sublink>
        </link>
        <animated_thumbnail></animated_thumbnail>
        <thumbnail>https://www.thetvdb.com/banners/_cache/posters/71653-2.jpg</thumbnail>
        <animated_fanart></animated_fanart>
        <fanart>https://www.thetvdb.com/banners/_cache/fanart/original/71653-6.jpg</fanart>
</item>

 <item>
        <title>Gomer Pyle, U.S.M.C. S01E24 - Gomer Makes the Honor Guard</title>
        <meta>
                <content>episode</content>
                <imdb></imdb>
                <tvdb>71653</tvdb>
                <tvshowtitle>Gomer Pyle, U.S.M.C.</tvshowtitle>
                <year>1964</year>
                <title>Gomer Makes the Honor Guard</title>
                <premiered>1965-03-05</premiered>
                <season>1</season>
                <episode>24</episode>
        </meta>
        <link>
		<sublink>search</sublink>
                <sublink>searchsd</sublink>
        </link>
        <animated_thumbnail></animated_thumbnail>
        <thumbnail>https://www.thetvdb.com/banners/_cache/posters/71653-2.jpg</thumbnail>
        <animated_fanart></animated_fanart>
        <fanart>https://www.thetvdb.com/banners/_cache/fanart/original/71653-6.jpg</fanart>
</item>

 <item>
        <title>Gomer Pyle, U.S.M.C. S01E25 - My Buddy, the War Hero</title>
        <meta>
                <content>episode</content>
                <imdb></imdb>
                <tvdb>71653</tvdb>
                <tvshowtitle>Gomer Pyle, U.S.M.C.</tvshowtitle>
                <year>1964</year>
                <title>My Buddy, the War Hero</title>
                <premiered>1965-03-12</premiered>
                <season>1</season>
                <episode>25</episode>
        </meta>
        <link>
		<sublink>search</sublink>
                <sublink>searchsd</sublink>
        </link>
        <animated_thumbnail></animated_thumbnail>
        <thumbnail>https://www.thetvdb.com/banners/_cache/posters/71653-2.jpg</thumbnail>
        <animated_fanart></animated_fanart>
        <fanart>https://www.thetvdb.com/banners/_cache/fanart/original/71653-6.jpg</fanart>
</item>

 <item>
        <title>Gomer Pyle, U.S.M.C. S01E26 - Double Date With the Sarge</title>
        <meta>
                <content>episode</content>
                <imdb></imdb>
                <tvdb>71653</tvdb>
                <tvshowtitle>Gomer Pyle, U.S.M.C.</tvshowtitle>
                <year>1964</year>
                <title>Double Date With the Sarge</title>
                <premiered>1965-03-19</premiered>
                <season>1</season>
                <episode>26</episode>
        </meta>
        <link>
		<sublink>search</sublink>
                <sublink>searchsd</sublink>
        </link>
        <animated_thumbnail></animated_thumbnail>
        <thumbnail>https://www.thetvdb.com/banners/_cache/posters/71653-2.jpg</thumbnail>
        <animated_fanart></animated_fanart>
        <fanart>https://www.thetvdb.com/banners/_cache/fanart/original/71653-6.jpg</fanart>
</item>

 <item>
        <title>Gomer Pyle, U.S.M.C. S01E27 - The Jet Set</title>
        <meta>
                <content>episode</content>
                <imdb></imdb>
                <tvdb>71653</tvdb>
                <tvshowtitle>Gomer Pyle, U.S.M.C.</tvshowtitle>
                <year>1964</year>
                <title>The Jet Set</title>
                <premiered>1963-04-18</premiered>
                <season>1</season>
                <episode>27</episode>
        </meta>
        <link>
		<sublink>search</sublink>
                <sublink>searchsd</sublink>
        </link>
        <animated_thumbnail></animated_thumbnail>
        <thumbnail>https://www.thetvdb.com/banners/_cache/posters/71653-2.jpg</thumbnail>
        <animated_fanart></animated_fanart>
        <fanart>https://www.thetvdb.com/banners/_cache/fanart/original/71653-6.jpg</fanart>
</item>

 <item>
        <title>Gomer Pyle, U.S.M.C. S01E28 - Sergeant of the Guard</title>
        <meta>
                <content>episode</content>
                <imdb></imdb>
                <tvdb>71653</tvdb>
                <tvshowtitle>Gomer Pyle, U.S.M.C.</tvshowtitle>
                <year>1964</year>
                <title>Sergeant of the Guard</title>
                <premiered>1965-04-02</premiered>
                <season>1</season>
                <episode>28</episode>
        </meta>
        <link>
		<sublink>search</sublink>
                <sublink>searchsd</sublink>
        </link>
        <animated_thumbnail></animated_thumbnail>
        <thumbnail>https://www.thetvdb.com/banners/_cache/posters/71653-2.jpg</thumbnail>
        <animated_fanart></animated_fanart>
        <fanart>https://www.thetvdb.com/banners/_cache/fanart/original/71653-6.jpg</fanart>
</item>

 <item>
        <title>Gomer Pyle, U.S.M.C. S01E29 - Gomer Dates a Movie Star</title>
        <meta>
                <content>episode</content>
                <imdb></imdb>
                <tvdb>71653</tvdb>
                <tvshowtitle>Gomer Pyle, U.S.M.C.</tvshowtitle>
                <year>1964</year>
                <title>Gomer Dates a Movie Star</title>
                <premiered>1965-04-09</premiered>
                <season>1</season>
                <episode>29</episode>
        </meta>
        <link>
		<sublink>search</sublink>
                <sublink>searchsd</sublink>
        </link>
        <animated_thumbnail></animated_thumbnail>
        <thumbnail>https://www.thetvdb.com/banners/_cache/posters/71653-2.jpg</thumbnail>
        <animated_fanart></animated_fanart>
        <fanart>https://www.thetvdb.com/banners/_cache/fanart/original/71653-6.jpg</fanart>
</item>

 <item>
        <title>Gomer Pyle, U.S.M.C. S01E30 - Gomer the M.P.</title>
        <meta>
                <content>episode</content>
                <imdb></imdb>
                <tvdb>71653</tvdb>
                <tvshowtitle>Gomer Pyle, U.S.M.C.</tvshowtitle>
                <year>1964</year>
                <title>Gomer the M.P.</title>
                <premiered>1965-04-16</premiered>
                <season>1</season>
                <episode>30</episode>
        </meta>
        <link>
		<sublink>search</sublink>
                <sublink>searchsd</sublink>
        </link>
        <animated_thumbnail></animated_thumbnail>
        <thumbnail>https://www.thetvdb.com/banners/_cache/posters/71653-2.jpg</thumbnail>
        <animated_fanart></animated_fanart>
        <fanart>https://www.thetvdb.com/banners/_cache/fanart/original/71653-6.jpg</fanart>
</item>
