########################
<poster>Season 1</poster>
<thumbnail></thumbnail>
<fanart></fanart>
########################

 <item>
        <title>The Andy Griffith Show S01E01 - The New Housekeeper</title>
        <meta>
                <content>episode</content>
                <imdb></imdb>
                <tvdb>77754</tvdb>
                <tvshowtitle>The Andy Griffith Show</tvshowtitle>
                <year>1960</year>
                <title>The New Housekeeper</title>
                <premiered>1960-10-03</premiered>
                <season>1</season>
                <episode>1</episode>
        </meta>
        <link>
		<sublink>search</sublink>
                <sublink>searchsd</sublink>
        </link>
        <animated_thumbnail></animated_thumbnail>
        <thumbnail>https://www.thetvdb.com/banners/_cache/posters/77754-3.jpg</thumbnail>
        <animated_fanart></animated_fanart>
        <fanart>https://www.thetvdb.com/banners/_cache/fanart/original/77754-11.jpg</fanart>
</item>

 <item>
        <title>The Andy Griffith Show S01E02 - The Manhunt</title>
        <meta>
                <content>episode</content>
                <imdb></imdb>
                <tvdb>77754</tvdb>
                <tvshowtitle>The Andy Griffith Show</tvshowtitle>
                <year>1960</year>
                <title>The Manhunt</title>
                <premiered>1960-10-10</premiered>
                <season>1</season>
                <episode>2</episode>
        </meta>
        <link>
		<sublink>search</sublink>
                <sublink>searchsd</sublink>
        </link>
        <animated_thumbnail></animated_thumbnail>
        <thumbnail>https://www.thetvdb.com/banners/_cache/posters/77754-3.jpg</thumbnail>
        <animated_fanart></animated_fanart>
        <fanart>https://www.thetvdb.com/banners/_cache/fanart/original/77754-11.jpg</fanart>
</item>

 <item>
        <title>The Andy Griffith Show S01E03 - The Guitar Player</title>
        <meta>
                <content>episode</content>
                <imdb></imdb>
                <tvdb>77754</tvdb>
                <tvshowtitle>The Andy Griffith Show</tvshowtitle>
                <year>1960</year>
                <title>The Guitar Player</title>
                <premiered>1960-10-17</premiered>
                <season>1</season>
                <episode>3</episode>
        </meta>
        <link>
		<sublink>search</sublink>
                <sublink>searchsd</sublink>
        </link>
        <animated_thumbnail></animated_thumbnail>
        <thumbnail>https://www.thetvdb.com/banners/_cache/posters/77754-3.jpg</thumbnail>
        <animated_fanart></animated_fanart>
        <fanart>https://www.thetvdb.com/banners/_cache/fanart/original/77754-11.jpg</fanart>
</item>

 <item>
        <title>The Andy Griffith Show S01E04 - Ellie Comes to Town</title>
        <meta>
                <content>episode</content>
                <imdb></imdb>
                <tvdb>77754</tvdb>
                <tvshowtitle>The Andy Griffith Show</tvshowtitle>
                <year>1960</year>
                <title>Ellie Comes to Town</title>
                <premiered>1960-10-24</premiered>
                <season>1</season>
                <episode>4</episode>
        </meta>
        <link>
		<sublink>search</sublink>
                <sublink>searchsd</sublink>
        </link>
        <animated_thumbnail></animated_thumbnail>
        <thumbnail>https://www.thetvdb.com/banners/_cache/posters/77754-3.jpg</thumbnail>
        <animated_fanart></animated_fanart>
        <fanart>https://www.thetvdb.com/banners/_cache/fanart/original/77754-11.jpg</fanart>
</item>

 <item>
        <title>The Andy Griffith Show S01E05 - Irresistible Andy</title>
        <meta>
                <content>episode</content>
                <imdb></imdb>
                <tvdb>77754</tvdb>
                <tvshowtitle>The Andy Griffith Show</tvshowtitle>
                <year>1960</year>
                <title>Irresistible Andy</title>
                <premiered>1960-10-31</premiered>
                <season>1</season>
                <episode>5</episode>
        </meta>
        <link>
		<sublink>search</sublink>
                <sublink>searchsd</sublink>
        </link>
        <animated_thumbnail></animated_thumbnail>
        <thumbnail>https://www.thetvdb.com/banners/_cache/posters/77754-3.jpg</thumbnail>
        <animated_fanart></animated_fanart>
        <fanart>https://www.thetvdb.com/banners/_cache/fanart/original/77754-11.jpg</fanart>
</item>

 <item>
        <title>The Andy Griffith Show S01E06 - Runaway Kid</title>
        <meta>
                <content>episode</content>
                <imdb></imdb>
                <tvdb>77754</tvdb>
                <tvshowtitle>The Andy Griffith Show</tvshowtitle>
                <year>1960</year>
                <title>Runaway Kid</title>
                <premiered>1960-11-07</premiered>
                <season>1</season>
                <episode>6</episode>
        </meta>
        <link>
		<sublink>search</sublink>
                <sublink>searchsd</sublink>
        </link>
        <animated_thumbnail></animated_thumbnail>
        <thumbnail>https://www.thetvdb.com/banners/_cache/posters/77754-3.jpg</thumbnail>
        <animated_fanart></animated_fanart>
        <fanart>https://www.thetvdb.com/banners/_cache/fanart/original/77754-11.jpg</fanart>
</item>

 <item>
        <title>The Andy Griffith Show S01E07 - Andy the Matchmaker</title>
        <meta>
                <content>episode</content>
                <imdb></imdb>
                <tvdb>77754</tvdb>
                <tvshowtitle>The Andy Griffith Show</tvshowtitle>
                <year>1960</year>
                <title>Andy the Matchmaker</title>
                <premiered>1960-11-14</premiered>
                <season>1</season>
                <episode>7</episode>
        </meta>
        <link>
		<sublink>search</sublink>
                <sublink>searchsd</sublink>
        </link>
        <animated_thumbnail></animated_thumbnail>
        <thumbnail>https://www.thetvdb.com/banners/_cache/posters/77754-3.jpg</thumbnail>
        <animated_fanart></animated_fanart>
        <fanart>https://www.thetvdb.com/banners/_cache/fanart/original/77754-11.jpg</fanart>
</item>
 <item>
        <title>The Andy Griffith Show S01E08 - Opie's Charity</title>
        <meta>
                <content>episode</content>
                <imdb></imdb>
                <tvdb>77754</tvdb>
                <tvshowtitle>The Andy Griffith Show</tvshowtitle>
                <year>1960</year>
                <title>Opie's Charity</title>
                <premiered>1960-11-28</premiered>
                <season>1</season>
                <episode>8</episode>
        </meta>
        <link>
		<sublink>search</sublink>
                <sublink>searchsd</sublink>
        </link>
        <animated_thumbnail></animated_thumbnail>
        <thumbnail>https://www.thetvdb.com/banners/_cache/posters/77754-3.jpg</thumbnail>
        <animated_fanart></animated_fanart>
        <fanart>https://www.thetvdb.com/banners/_cache/fanart/original/77754-11.jpg</fanart>
</item>

 <item>
        <title>The Andy Griffith Show S01E09 - A Feud is a Feud</title>
        <meta>
                <content>episode</content>
                <imdb></imdb>
                <tvdb>77754</tvdb>
                <tvshowtitle>The Andy Griffith Show</tvshowtitle>
                <year>1960</year>
                <title>A Feud is a Feud</title>
                <premiered>1960-12-05</premiered>
                <season>1</season>
                <episode>9</episode>
        </meta>
        <link>
		<sublink>search</sublink>
                <sublink>searchsd</sublink>
        </link>
        <animated_thumbnail></animated_thumbnail>
        <thumbnail>https://www.thetvdb.com/banners/_cache/posters/77754-3.jpg</thumbnail>
        <animated_fanart></animated_fanart>
        <fanart>https://www.thetvdb.com/banners/_cache/fanart/original/77754-11.jpg</fanart>
</item>

 <item>
        <title>The Andy Griffith Show S01E10 - Ellie for Council</title>
        <meta>
                <content>episode</content>
                <imdb></imdb>
                <tvdb>77754</tvdb>
                <tvshowtitle>The Andy Griffith Show</tvshowtitle>
                <year>1960</year>
                <title>Ellie for Council</title>
                <premiered>1960-12-12</premiered>
                <season>1</season>
                <episode>10</episode>
        </meta>
        <link>
		<sublink>search</sublink>
                <sublink>searchsd</sublink>
        </link>
        <animated_thumbnail></animated_thumbnail>
        <thumbnail>https://www.thetvdb.com/banners/_cache/posters/77754-3.jpg</thumbnail>
        <animated_fanart></animated_fanart>
        <fanart>https://www.thetvdb.com/banners/_cache/fanart/original/77754-11.jpg</fanart>
</item>
 <item>
        <title>The Andy Griffith Show S01E11 - The Christmas Story</title>
        <meta>
                <content>episode</content>
                <imdb></imdb>
                <tvdb>77754</tvdb>
                <tvshowtitle>The Andy Griffith Show</tvshowtitle>
                <year>1960</year>
                <title>The Christmas Story</title>
                <premiered>1960-12-19</premiered>
                <season>1</season>
                <episode>11</episode>
        </meta>
        <link>
		<sublink>search</sublink>
                <sublink>searchsd</sublink>
        </link>
        <animated_thumbnail></animated_thumbnail>
        <thumbnail>https://www.thetvdb.com/banners/_cache/posters/77754-3.jpg</thumbnail>
        <animated_fanart></animated_fanart>
        <fanart>https://www.thetvdb.com/banners/_cache/fanart/original/77754-11.jpg</fanart>
</item>

 <item>
        <title>The Andy Griffith Show S01E12 - Stranger in Town</title>
        <meta>
                <content>episode</content>
                <imdb></imdb>
                <tvdb>77754</tvdb>
                <tvshowtitle>The Andy Griffith Show</tvshowtitle>
                <year>1960</year>
                <title>Stranger in Town</title>
                <premiered>1960-12-26</premiered>
                <season>1</season>
                <episode>12</episode>
        </meta>
        <link>
		<sublink>search</sublink>
                <sublink>searchsd</sublink>
        </link>
        <animated_thumbnail></animated_thumbnail>
        <thumbnail>https://www.thetvdb.com/banners/_cache/posters/77754-3.jpg</thumbnail>
        <animated_fanart></animated_fanart>
        <fanart>https://www.thetvdb.com/banners/_cache/fanart/original/77754-11.jpg</fanart>
</item>

 <item>
        <title>The Andy Griffith Show S01E13 - Mayberry Goes Hollywood</title>
        <meta>
                <content>episode</content>
                <imdb></imdb>
                <tvdb>77754</tvdb>
                <tvshowtitle>The Andy Griffith Show</tvshowtitle>
                <year>1960</year>
                <title>Mayberry Goes Hollywood</title>
                <premiered>1961-01-02</premiered>
                <season>1</season>
                <episode>13</episode>
        </meta>
        <link>
		<sublink>search</sublink>
                <sublink>searchsd</sublink>
        </link>
        <animated_thumbnail></animated_thumbnail>
        <thumbnail>https://www.thetvdb.com/banners/_cache/posters/77754-3.jpg</thumbnail>
        <animated_fanart></animated_fanart>
        <fanart>https://www.thetvdb.com/banners/_cache/fanart/original/77754-11.jpg</fanart>
</item>

 <item>
        <title>The Andy Griffith Show S01E14 - The Horse Trader</title>
        <meta>
                <content>episode</content>
                <imdb></imdb>
                <tvdb>77754</tvdb>
                <tvshowtitle>The Andy Griffith Show</tvshowtitle>
                <year>1960</year>
                <title>The Horse Trader</title>
                <premiered>1961-01-09</premiered>
                <season>1</season>
                <episode>14</episode>
        </meta>
        <link>
		<sublink>search</sublink>
                <sublink>searchsd</sublink>
        </link>
        <animated_thumbnail></animated_thumbnail>
        <thumbnail>https://www.thetvdb.com/banners/_cache/posters/77754-3.jpg</thumbnail>
        <animated_fanart></animated_fanart>
        <fanart>https://www.thetvdb.com/banners/_cache/fanart/original/77754-11.jpg</fanart>
</item>

 <item>
        <title>The Andy Griffith Show S01E15 - Those Gossipin' Men</title>
        <meta>
                <content>episode</content>
                <imdb></imdb>
                <tvdb>77754</tvdb>
                <tvshowtitle>The Andy Griffith Show</tvshowtitle>
                <year>1960</year>
                <title>Those Gossipin' Men</title>
                <premiered>1961-01-16</premiered>
                <season>1</season>
                <episode>15</episode>
        </meta>
        <link>
		<sublink>search</sublink>
                <sublink>searchsd</sublink>
        </link>
        <animated_thumbnail></animated_thumbnail>
        <thumbnail>https://www.thetvdb.com/banners/_cache/posters/77754-3.jpg</thumbnail>
        <animated_fanart></animated_fanart>
        <fanart>https://www.thetvdb.com/banners/_cache/fanart/original/77754-11.jpg</fanart>
</item>

 <item>
        <title>The Andy Griffith Show S01E16 - The Beauty Contest</title>
        <meta>
                <content>episode</content>
                <imdb></imdb>
                <tvdb>77754</tvdb>
                <tvshowtitle>The Andy Griffith Show</tvshowtitle>
                <year>1960</year>
                <title>The Beauty Contest</title>
                <premiered>1961-01-23</premiered>
                <season>1</season>
                <episode>16</episode>
        </meta>
        <link>
		<sublink>search</sublink>
                <sublink>searchsd</sublink>
        </link>
        <animated_thumbnail></animated_thumbnail>
        <thumbnail>https://www.thetvdb.com/banners/_cache/posters/77754-3.jpg</thumbnail>
        <animated_fanart></animated_fanart>
        <fanart>https://www.thetvdb.com/banners/_cache/fanart/original/77754-11.jpg</fanart>
</item>

 <item>
        <title>The Andy Griffith Show S01E17 - Alcohol and Old Lace</title>
        <meta>
                <content>episode</content>
                <imdb></imdb>
                <tvdb>77754</tvdb>
                <tvshowtitle>The Andy Griffith Show</tvshowtitle>
                <year>1960</year>
                <title>Alcohol and Old Lace</title>
                <premiered>1961-01-30</premiered>
                <season>1</season>
                <episode>17</episode>
        </meta>
        <link>
		<sublink>search</sublink>
                <sublink>searchsd</sublink>
        </link>
        <animated_thumbnail></animated_thumbnail>
        <thumbnail>https://www.thetvdb.com/banners/_cache/posters/77754-3.jpg</thumbnail>
        <animated_fanart></animated_fanart>
        <fanart>https://www.thetvdb.com/banners/_cache/fanart/original/77754-11.jpg</fanart>
</item>

 <item>
        <title>The Andy Griffith Show S01E18 - Andy the Marriage Counselor</title>
        <meta>
                <content>episode</content>
                <imdb></imdb>
                <tvdb>77754</tvdb>
                <tvshowtitle>The Andy Griffith Show</tvshowtitle>
                <year>1960</year>
                <title>Andy the Marriage Counselor</title>
                <premiered>1961-02-06</premiered>
                <season>1</season>
                <episode>18</episode>
        </meta>
        <link>
		<sublink>search</sublink>
                <sublink>searchsd</sublink>
        </link>
        <animated_thumbnail></animated_thumbnail>
        <thumbnail>https://www.thetvdb.com/banners/_cache/posters/77754-3.jpg</thumbnail>
        <animated_fanart></animated_fanart>
        <fanart>https://www.thetvdb.com/banners/_cache/fanart/original/77754-11.jpg</fanart>
</item>

 <item>
        <title>The Andy Griffith Show S01E19 - Mayberry on Record</title>
        <meta>
                <content>episode</content>
                <imdb></imdb>
                <tvdb>77754</tvdb>
                <tvshowtitle>The Andy Griffith Show</tvshowtitle>
                <year>1960</year>
                <title>Mayberry on Record</title>
                <premiered>1961-02-13</premiered>
                <season>1</season>
                <episode>19</episode>
        </meta>
        <link>
		<sublink>search</sublink>
                <sublink>searchsd</sublink>
        </link>
        <animated_thumbnail></animated_thumbnail>
        <thumbnail>https://www.thetvdb.com/banners/_cache/posters/77754-3.jpg</thumbnail>
        <animated_fanart></animated_fanart>
        <fanart>https://www.thetvdb.com/banners/_cache/fanart/original/77754-11.jpg</fanart>
</item>

 <item>
        <title>The Andy Griffith Show S01E20 - Andy Saves Barney's Morale</title>
        <meta>
                <content>episode</content>
                <imdb></imdb>
                <tvdb>77754</tvdb>
                <tvshowtitle>The Andy Griffith Show</tvshowtitle>
                <year>1960</year>
                <title>Andy Saves Barney's Morale</title>
                <premiered>1961-02-20</premiered>
                <season>1</season>
                <episode>20</episode>
        </meta>
        <link>
		<sublink>search</sublink>
                <sublink>searchsd</sublink>
        </link>
        <animated_thumbnail></animated_thumbnail>
        <thumbnail>https://www.thetvdb.com/banners/_cache/posters/77754-3.jpg</thumbnail>
        <animated_fanart></animated_fanart>
        <fanart>https://www.thetvdb.com/banners/_cache/fanart/original/77754-11.jpg</fanart>
</item>

 <item>
        <title>The Andy Griffith Show S01E21 - Andy and the Gentleman Crook</title>
        <meta>
                <content>episode</content>
                <imdb></imdb>
                <tvdb>77754</tvdb>
                <tvshowtitle>The Andy Griffith Show</tvshowtitle>
                <year>1960</year>
                <title>Andy and the Gentleman Crook</title>
                <premiered>1961-02-27</premiered>
                <season>1</season>
                <episode>21</episode>
        </meta>
        <link>
		<sublink>search</sublink>
                <sublink>searchsd</sublink>
        </link>
        <animated_thumbnail></animated_thumbnail>
        <thumbnail>https://www.thetvdb.com/banners/_cache/posters/77754-3.jpg</thumbnail>
        <animated_fanart></animated_fanart>
        <fanart>https://www.thetvdb.com/banners/_cache/fanart/original/77754-11.jpg</fanart>
</item>

 <item>
        <title>The Andy Griffith Show S01E22 - Cyrano Andy</title>
        <meta>
                <content>episode</content>
                <imdb></imdb>
                <tvdb>77754</tvdb>
                <tvshowtitle>The Andy Griffith Show</tvshowtitle>
                <year>1960</year>
                <title>Cyrano Andy</title>
                <premiered>1961-03-06</premiered>
                <season>1</season>
                <episode>22</episode>
        </meta>
        <link>
		<sublink>search</sublink>
                <sublink>searchsd</sublink>
        </link>
        <animated_thumbnail></animated_thumbnail>
        <thumbnail>https://www.thetvdb.com/banners/_cache/posters/77754-3.jpg</thumbnail>
        <animated_fanart></animated_fanart>
        <fanart>https://www.thetvdb.com/banners/_cache/fanart/original/77754-11.jpg</fanart>
</item>

 <item>
        <title>The Andy Griffith Show S01E23 - Andy and Opie, Housekeepers</title>
        <meta>
                <content>episode</content>
                <imdb></imdb>
                <tvdb>77754</tvdb>
                <tvshowtitle>The Andy Griffith Show</tvshowtitle>
                <year>1960</year>
                <title>Andy and Opie, Housekeepers</title>
                <premiered>1961-03-13</premiered>
                <season>1</season>
                <episode>23</episode>
        </meta>
        <link>
		<sublink>search</sublink>
                <sublink>searchsd</sublink>
        </link>
        <animated_thumbnail></animated_thumbnail>
        <thumbnail>https://www.thetvdb.com/banners/_cache/posters/77754-3.jpg</thumbnail>
        <animated_fanart></animated_fanart>
        <fanart>https://www.thetvdb.com/banners/_cache/fanart/original/77754-11.jpg</fanart>
</item>

 <item>
        <title>The Andy Griffith Show S01E24 - The New Doctor</title>
        <meta>
                <content>episode</content>
                <imdb></imdb>
                <tvdb>77754</tvdb>
                <tvshowtitle>The Andy Griffith Show</tvshowtitle>
                <year>1960</year>
                <title>The New Doctor</title>
                <premiered>1961-03-27</premiered>
                <season>1</season>
                <episode>24</episode>
        </meta>
        <link>
		<sublink>search</sublink>
                <sublink>searchsd</sublink>
        </link>
        <animated_thumbnail></animated_thumbnail>
        <thumbnail>https://www.thetvdb.com/banners/_cache/posters/77754-3.jpg</thumbnail>
        <animated_fanart></animated_fanart>
        <fanart>https://www.thetvdb.com/banners/_cache/fanart/original/77754-11.jpg</fanart>
</item>

 <item>
        <title>The Andy Griffith Show S01E25 - A Plaque for Mayberry</title>
        <meta>
                <content>episode</content>
                <imdb></imdb>
                <tvdb>77754</tvdb>
                <tvshowtitle>The Andy Griffith Show</tvshowtitle>
                <year>1960</year>
                <title>A Plaque for Mayberry</title>
                <premiered>1961-04-03</premiered>
                <season>1</season>
                <episode>25</episode>
        </meta>
        <link>
		<sublink>search</sublink>
                <sublink>searchsd</sublink>
        </link>
        <animated_thumbnail></animated_thumbnail>
        <thumbnail>https://www.thetvdb.com/banners/_cache/posters/77754-3.jpg</thumbnail>
        <animated_fanart></animated_fanart>
        <fanart>https://www.thetvdb.com/banners/_cache/fanart/original/77754-11.jpg</fanart>
</item>

 <item>
        <title>The Andy Griffith Show S01E26 - The Inspector</title>
        <meta>
                <content>episode</content>
                <imdb></imdb>
                <tvdb>77754</tvdb>
                <tvshowtitle>The Andy Griffith Show</tvshowtitle>
                <year>1960</year>
                <title>The Inspector</title>
                <premiered>1961-04-10</premiered>
                <season>1</season>
                <episode>26</episode>
        </meta>
        <link>
		<sublink>search</sublink>
                <sublink>searchsd</sublink>
        </link>
        <animated_thumbnail></animated_thumbnail>
        <thumbnail>https://www.thetvdb.com/banners/_cache/posters/77754-3.jpg</thumbnail>
        <animated_fanart></animated_fanart>
        <fanart>https://www.thetvdb.com/banners/_cache/fanart/original/77754-11.jpg</fanart>
</item>

 <item>
        <title>The Andy Griffith Show S01E27 - Ellie Saves a Female</title>
        <meta>
                <content>episode</content>
                <imdb></imdb>
                <tvdb>77754</tvdb>
                <tvshowtitle>The Andy Griffith Show</tvshowtitle>
                <year>1960</year>
                <title>Ellie Saves a Female</title>
                <premiered>1961-04-17</premiered>
                <season>1</season>
                <episode>27</episode>
        </meta>
        <link>
		<sublink>search</sublink>
                <sublink>searchsd</sublink>
        </link>
        <animated_thumbnail></animated_thumbnail>
        <thumbnail>https://www.thetvdb.com/banners/_cache/posters/77754-3.jpg</thumbnail>
        <animated_fanart></animated_fanart>
        <fanart>https://www.thetvdb.com/banners/_cache/fanart/original/77754-11.jpg</fanart>
</item>

 <item>
        <title>The Andy Griffith Show S01E28 - Andy Forecloses</title>
        <meta>
                <content>episode</content>
                <imdb></imdb>
                <tvdb>77754</tvdb>
                <tvshowtitle>The Andy Griffith Show</tvshowtitle>
                <year>1960</year>
                <title>Andy Forecloses</title>
                <premiered>1961-04-24</premiered>
                <season>1</season>
                <episode>28</episode>
        </meta>
        <link>
		<sublink>search</sublink>
                <sublink>searchsd</sublink>
        </link>
        <animated_thumbnail></animated_thumbnail>
        <thumbnail>https://www.thetvdb.com/banners/_cache/posters/77754-3.jpg</thumbnail>
        <animated_fanart></animated_fanart>
        <fanart>https://www.thetvdb.com/banners/_cache/fanart/original/77754-11.jpg</fanart>
</item>

 <item>
        <title>The Andy Griffith Show S01E29 - Quiet Sam</title>
        <meta>
                <content>episode</content>
                <imdb></imdb>
                <tvdb>77754</tvdb>
                <tvshowtitle>The Andy Griffith Show</tvshowtitle>
                <year>1960</year>
                <title>Quiet Sam</title>
                <premiered>1961-05-01</premiered>
                <season>1</season>
                <episode>29</episode>
        </meta>
        <link>
		<sublink>search</sublink>
                <sublink>searchsd</sublink>
        </link>
        <animated_thumbnail></animated_thumbnail>
        <thumbnail>https://www.thetvdb.com/banners/_cache/posters/77754-3.jpg</thumbnail>
        <animated_fanart></animated_fanart>
        <fanart>https://www.thetvdb.com/banners/_cache/fanart/original/77754-11.jpg</fanart>
</item>

 <item>
        <title>The Andy Griffith Show S01E30 - Barney Gets His Man</title>
        <meta>
                <content>episode</content>
                <imdb></imdb>
                <tvdb>77754</tvdb>
                <tvshowtitle>The Andy Griffith Show</tvshowtitle>
                <year>1960</year>
                <title>Barney Gets His Man</title>
                <premiered>1961-05-08</premiered>
                <season>1</season>
                <episode>30</episode>
        </meta>
        <link>
		<sublink>search</sublink>
                <sublink>searchsd</sublink>
        </link>
        <animated_thumbnail></animated_thumbnail>
        <thumbnail>https://www.thetvdb.com/banners/_cache/posters/77754-3.jpg</thumbnail>
        <animated_fanart></animated_fanart>
        <fanart>https://www.thetvdb.com/banners/_cache/fanart/original/77754-11.jpg</fanart>
</item>

 <item>
        <title>The Andy Griffith Show S01E31 - The Guitar Player Returns</title>
        <meta>
                <content>episode</content>
                <imdb></imdb>
                <tvdb>77754</tvdb>
                <tvshowtitle>The Andy Griffith Show</tvshowtitle>
                <year>1960</year>
                <title>The Guitar Player Returns</title>
                <premiered>1961-05-15</premiered>
                <season>1</season>
                <episode>31</episode>
        </meta>
        <link>
		<sublink>search</sublink>
                <sublink>searchsd</sublink>
        </link>
        <animated_thumbnail></animated_thumbnail>
        <thumbnail>https://www.thetvdb.com/banners/_cache/posters/77754-3.jpg</thumbnail>
        <animated_fanart></animated_fanart>
        <fanart>https://www.thetvdb.com/banners/_cache/fanart/original/77754-11.jpg</fanart>
</item>

 <item>
        <title>The Andy Griffith Show S01E32 - Bringing Up Opie</title>
        <meta>
                <content>episode</content>
                <imdb></imdb>
                <tvdb>77754</tvdb>
                <tvshowtitle>The Andy Griffith Show</tvshowtitle>
                <year>1960</year>
                <title>Bringing Up Opie</title>
                <premiered>1961-05-22</premiered>
                <season>1</season>
                <episode>32</episode>
        </meta>
        <link>
		<sublink>search</sublink>
                <sublink>searchsd</sublink>
        </link>
        <animated_thumbnail></animated_thumbnail>
        <thumbnail>https://www.thetvdb.com/banners/_cache/posters/77754-3.jpg</thumbnail>
        <animated_fanart></animated_fanart>
        <fanart>https://www.thetvdb.com/banners/_cache/fanart/original/77754-11.jpg</fanart>
</item>
