########################
<poster>The Andy Griffith Show</poster>
<thumbnail></thumbnail>
<fanart></fanart>
#############################

<dir>
        <name>Season 1</name>
        <meta>
                <content>season</content>
                <imdb>tt0053479</imdb>
                <tvdb>77754</tvdb>
                <tvshowtitle>The Andy Griffith Show</tvshowtitle>
                <year>1960</year>
                <season>1</season>
        </meta>
        <link>https://raw.githubusercontent.com/Doggmatic71/doggmatic71/master/plugin.video.laughtraxx/resources/griffith1.xml</link>
        <thumbnail>https://www.thetvdb.com/banners/_cache/seasons/77754-1-2.jpg</thumbnail>
</dir>

<dir>		
        <name>Season 2</name>
        <meta>
                <content>season</content>
                <imdb>tt0053479</imdb>
                <tvdb>77754</tvdb>
                <tvshowtitle>The Andy Griffith Show</tvshowtitle>
                <year>1960</year>
                <season>2</season>
        </meta>
        <link></link>
        <thumbnail>https://www.thetvdb.com/banners/_cache/seasons/77754-2.jpg</thumbnail>		
</dir>

<dir>		
        <name>Season 3</name>
        <meta>
                <content>season</content>
                <imdb>tt0053479</imdb>
                <tvdb>77754</tvdb>
                <tvshowtitle>The Andy Griffith Show</tvshowtitle>
                <year>1960</year>
                <season>3</season>
        </meta>
        <link></link>
        <thumbnail>https://www.thetvdb.com/banners/_cache/seasons/77754-3.jpg</thumbnail>		
</dir>

<dir>		
        <name>Season 4</name>
        <meta>
                <content>season</content>
                <imdb>tt0053479</imdb>
                <tvdb>77754</tvdb>
                <tvshowtitle>The Andy Griffith Show</tvshowtitle>
                <year>1960</year>
                <season>4</season>
        </meta>
        <link></link>
        <thumbnail>https://www.thetvdb.com/banners/_cache/seasons/77754-4.jpg</thumbnail>		
</dir>

<dir>		
        <name>Season 5</name>
        <meta>
                <content>season</content>
                <imdb>tt0053479</imdb>
                <tvdb>77754</tvdb>
                <tvshowtitle>The Andy Griffith Show</tvshowtitle>
                <year>1960</year>
                <season>5</season>
        </meta>
        <link></link>
        <thumbnail>https://www.thetvdb.com/banners/_cache/seasons/77754-5.jpg</thumbnail>		
</dir>

<dir>		
        <name>Season 6</name>
        <meta>
                <content>season</content>
                <imdb>tt0053479</imdb>
                <tvdb>77754</tvdb>
                <tvshowtitle>The Andy Griffith Show</tvshowtitle>
                <year>1960</year>
                <season>6</season>
        </meta>
        <link></link>
        <thumbnail>https://www.thetvdb.com/banners/_cache/seasons/77754-6.jpg</thumbnail>		
</dir>

<dir>		
        <name>Season 7</name>
        <meta>
                <content>season</content>
                <imdb>tt0053479</imdb>
                <tvdb>77754</tvdb>
                <tvshowtitle>The Andy Griffith Show</tvshowtitle>
                <year>1960</year>
                <season>7</season>
        </meta>
        <link></link>
        <thumbnail>https://www.thetvdb.com/banners/_cache/seasons/77754-7.jpg</thumbnail>		
</dir>

<dir>		
        <name>Season 8</name>
        <meta>
                <content>season</content>
                <imdb>tt0053479</imdb>
                <tvdb>77754</tvdb>
                <tvshowtitle>The Andy Griffith Show</tvshowtitle>
                <year>1960</year>
                <season>8</season>
        </meta>
        <link></link>
        <thumbnail>https://www.thetvdb.com/banners/_cache/seasons/77754-8.jpg</thumbnail>		
</dir>

