########################
<poster>Seasons 1 - 5</poster>
<thumbnail></thumbnail>
<fanart></fanart>
########################

 <item>
        <title>Laurel and Hardy S01E01 - The Lucky Dog</title>
        <meta>
                <content>episode</content>
                <imdb>tt0013341</imdb>
                <tvdb>73910</tvdb>
                <tvshowtitle>Laurel and Hardy</tvshowtitle>
                <year>1921</year>
                <title>The Lucky Dog</title>
                <premiered>1921-10-13</premiered>
                <season>1</season>
                <episode>1</episode>
        </meta>
        <link>
		<sublink>search</sublink>
                <sublink>searchsd</sublink>
        </link>
        <animated_thumbnail></animated_thumbnail>
        <thumbnail>https://www.thetvdb.com/banners/_cache/episodes/73910/403724.jpg</thumbnail>
        <animated_fanart></animated_fanart>
        <fanart>https://www.thetvdb.com/banners/_cache/episodes/73910/403724.jpg</fanart>
</item>

 <item>
        <title>Laurel and Hardy S01E02 - Mud and Sand</title>
        <meta>
                <content>episode</content>
                <imdb></imdb>
                <tvdb>73910</tvdb>
                <tvshowtitle>Laurel and Hardy</tvshowtitle>
                <year>1921</year>
                <title>Mud and Sand</title>
                <premiered>1922-10-13</premiered>
                <season>1</season>
                <episode>2</episode>
        </meta>
        <link>
		<sublink>search</sublink>
                <sublink>searchsd</sublink>
        </link>
        <animated_thumbnail></animated_thumbnail>
        <thumbnail>https://www.thetvdb.com/banners/_cache/episodes/73910/4271919.jpg</thumbnail>
        <animated_fanart></animated_fanart>
        <fanart>https://www.thetvdb.com/banners/_cache/episodes/73910/4271919.jpg</fanart>
</item>

 <item>
        <title>Laurel and Hardy S02E01 - 45 Minutes From Hollywood</title>
        <meta>
                <content>episode</content>
                <imdb>tt0016903</imdb>
                <tvdb>73910</tvdb>
                <tvshowtitle>Laurel and Hardy</tvshowtitle>
                <year>1921</year>
                <title>45 Minutes From Hollywood</title>
                <premiered>1926-12-26</premiered>
                <season>2</season>
                <episode>1</episode>
        </meta>
        <link>
		<sublink>search</sublink>
                <sublink>searchsd</sublink>
        </link>
        <animated_thumbnail></animated_thumbnail>
        <thumbnail>https://www.thetvdb.com/banners/_cache/episodes/73910/403529.jpg</thumbnail>
        <animated_fanart></animated_fanart>
        <fanart>https://www.thetvdb.com/banners/_cache/episodes/73910/403529.jpg</fanart>
</item>

 <item>
        <title>Laurel and Hardy S02E02 - On the front Page</title>
        <meta>
                <content>episode</content>
                <imdb></imdb>
                <tvdb>73910</tvdb>
                <tvshowtitle>Laurel and Hardy</tvshowtitle>
                <year>1921</year>
                <title>On the front Page</title>
                <premiered>1926-11-28</premiered>
                <season>2</season>
                <episode>2</episode>
        </meta>
        <link>
		<sublink>search</sublink>
                <sublink>searchsd</sublink>
        </link>
        <animated_thumbnail></animated_thumbnail>
        <thumbnail>https://www.thetvdb.com/banners/_cache/episodes/73910/3991041.jpg</thumbnail>
        <animated_fanart></animated_fanart>
        <fanart>https://www.thetvdb.com/banners/_cache/episodes/73910/3991041.jpg</fanart>
</item>

 <item>
        <title>Laurel and Hardy S02E03 - Hustling for Health</title>
        <meta>
                <content>episode</content>
                <imdb></imdb>
                <tvdb>73910</tvdb>
                <tvshowtitle>Laurel and Hardy</tvshowtitle>
                <year>1921</year>
                <title>Hustling for Health</title>
                <premiered>1919-02-02</premiered>
                <season>2</season>
                <episode>3</episode>
        </meta>
        <link>
		<sublink>search</sublink>
                <sublink>searchsd</sublink>
        </link>
        <animated_thumbnail></animated_thumbnail>
        <thumbnail>https://www.thetvdb.com/banners/_cache/episodes/73910/3991051.jpg</thumbnail>
        <animated_fanart></animated_fanart>
        <fanart>https://www.thetvdb.com/banners/_cache/episodes/73910/3991051.jpg</fanart>
</item>

 <item>
        <title>Laurel and Hardy S02E04 - Along Came Auntie</title>
        <meta>
                <content>episode</content>
                <imdb></imdb>
                <tvdb>73910</tvdb>
                <tvshowtitle>Laurel and Hardy</tvshowtitle>
                <year>1921</year>
                <title>Along Came Auntie</title>
                <premiered>1926-07-25</premiered>
                <season>2</season>
                <episode>4</episode>
        </meta>
        <link>
		<sublink>search</sublink>
                <sublink>searchsd</sublink>
        </link>
        <animated_thumbnail></animated_thumbnail>
        <thumbnail>https://www.thetvdb.com/banners/_cache/episodes/73910/4131337.jpg</thumbnail>
        <animated_fanart></animated_fanart>
        <fanart>https://www.thetvdb.com/banners/_cache/episodes/73910/4131337.jpg</fanart>
</item>

 <item>
        <title>Laurel and Hardy S03E01 - Duck Soup</title>
        <meta>
                <content>episode</content>
                <imdb>tt0017836</imdb>
                <tvdb>73910</tvdb>
                <tvshowtitle>Laurel and Hardy</tvshowtitle>
                <year>1921</year>
                <title>Duck Soup</title>
                <premiered>1927-03-13</premiered>
                <season>3</season>
                <episode>1</episode>
        </meta>
        <link>
		<sublink>search</sublink>
                <sublink>searchsd</sublink>
        </link>
        <animated_thumbnail></animated_thumbnail>
        <thumbnail>https://www.thetvdb.com/banners/_cache/episodes/73910/403530.jpg</thumbnail>
        <animated_fanart></animated_fanart>
        <fanart>https://www.thetvdb.com/banners/_cache/episodes/73910/403530.jpg</fanart>
</item>

 <item>
        <title>Laurel and Hardy S03E02 - Slipping Wives</title>
        <meta>
                <content>episode</content>
                <imdb>tt0017405</imdb>
                <tvdb>73910</tvdb>
                <tvshowtitle>Laurel and Hardy</tvshowtitle>
                <year>1921</year>
                <title>Slipping Wives</title>
                <premiered>1927-04-03</premiered>
                <season>3</season>
                <episode>2</episode>
        </meta>
        <link>
		<sublink>search</sublink>
                <sublink>searchsd</sublink>
        </link>
        <animated_thumbnail></animated_thumbnail>
        <thumbnail>https://www.thetvdb.com/banners/_cache/episodes/73910/403531.jpg</thumbnail>
        <animated_fanart></animated_fanart>
        <fanart>https://www.thetvdb.com/banners/_cache/episodes/73910/403531.jpg</fanart>
</item>

 <item>
        <title>Laurel and Hardy S03E03 - Love 'Em and Weep</title>
        <meta>
                <content>episode</content>
                <imdb>tt0018106</imdb>
                <tvdb>73910</tvdb>
                <tvshowtitle>Laurel and Hardy</tvshowtitle>
                <year>1921</year>
                <title>Love 'Em and Weep</title>
                <premiered>1927-06-12</premiered>
                <season>3</season>
                <episode>3</episode>
        </meta>
        <link>
		<sublink>search</sublink>
                <sublink>searchsd</sublink>
        </link>
        <animated_thumbnail></animated_thumbnail>
        <thumbnail>https://www.thetvdb.com/banners/_cache/episodes/73910/403532.jpg</thumbnail>
        <animated_fanart></animated_fanart>
        <fanart>https://www.thetvdb.com/banners/_cache/episodes/73910/403532.jpg</fanart>
</item>

 <item>
        <title>Laurel and Hardy S03E04 - Why Girls Love Sailors</title>
        <meta>
                <content>episode</content>
                <imdb></imdb>
                <tvdb>73910</tvdb>
                <tvshowtitle>Laurel and Hardy</tvshowtitle>
                <year>1921</year>
                <title>Why Girls Love Sailors</title>
                <premiered>1927-07-17</premiered>
                <season>3</season>
                <episode>4</episode>
        </meta>
        <link>
		<sublink>search</sublink>
                <sublink>searchsd</sublink>
        </link>
        <animated_thumbnail></animated_thumbnail>
        <thumbnail>https://www.thetvdb.com/banners/_cache/episodes/73910/403533.jpg</thumbnail>
        <animated_fanart></animated_fanart>
        <fanart>https://www.thetvdb.com/banners/_cache/episodes/73910/403533.jpg</fanart>
</item>

 <item>
        <title>Laurel and Hardy S03E05 - With Love and Hisses</title>
        <meta>
                <content>episode</content>
                <imdb>tt0018583</imdb>
                <tvdb>73910</tvdb>
                <tvshowtitle>Laurel and Hardy</tvshowtitle>
                <year>1921</year>
                <title>With Love and Hisses</title>
                <premiered>1927-08-28</premiered>
                <season>3</season>
                <episode>5</episode>
        </meta>
        <link>
		<sublink>search</sublink>
                <sublink>searchsd</sublink>
        </link>
        <animated_thumbnail></animated_thumbnail>
        <thumbnail>https://www.thetvdb.com/banners/_cache/episodes/73910/403534.jpg</thumbnail>
        <animated_fanart></animated_fanart>
        <fanart>https://www.thetvdb.com/banners/_cache/episodes/73910/403534.jpg</fanart>
</item>

 <item>
        <title>Laurel and Hardy S03E06 - Sugar Daddies</title>
        <meta>
                <content>episode</content>
                <imdb></imdb>
                <tvdb>73910</tvdb>
                <tvshowtitle>Laurel and Hardy</tvshowtitle>
                <year>1921</year>
                <title>Sugar Daddies</title>
                <premiered>1927-09-10</premiered>
                <season>3</season>
                <episode>6</episode>
        </meta>
        <link>
		<sublink>search</sublink>
                <sublink>searchsd</sublink>
        </link>
        <animated_thumbnail></animated_thumbnail>
        <thumbnail>https://www.thetvdb.com/banners/_cache/episodes/73910/403535.jpg</thumbnail>
        <animated_fanart></animated_fanart>
        <fanart>https://www.thetvdb.com/banners/_cache/episodes/73910/403535.jpg</fanart>
</item>

 <item>
        <title>Laurel and Hardy S03E07 - Sailors, Beware!</title>
        <meta>
                <content>episode</content>
                <imdb></imdb>
                <tvdb>73910</tvdb>
                <tvshowtitle>Laurel and Hardy</tvshowtitle>
                <year>1921</year>
                <title>Sailors, Beware!</title>
                <premiered>1927-09-25</premiered>
                <season>3</season>
                <episode>7</episode>
        </meta>
        <link>
		<sublink>search</sublink>
                <sublink>searchsd</sublink>
        </link>
        <animated_thumbnail></animated_thumbnail>
        <thumbnail>https://www.thetvdb.com/banners/_cache/episodes/73910/403536.jpg</thumbnail>
        <animated_fanart></animated_fanart>
        <fanart>https://www.thetvdb.com/banners/_cache/episodes/73910/403536.jpg</fanart>
</item>

 <item>
        <title>Laurel and Hardy S03E08 - The Second Hundred Years</title>
        <meta>
                <content>episode</content>
                <imdb></imdb>
                <tvdb>73910</tvdb>
                <tvshowtitle>Laurel and Hardy</tvshowtitle>
                <year>1921</year>
                <title>The Second Hundred Years</title>
                <premiered>1927-10-08</premiered>
                <season>3</season>
                <episode>8</episode>
        </meta>
        <link>
		<sublink>search</sublink>
                <sublink>searchsd</sublink>
        </link>
        <animated_thumbnail></animated_thumbnail>
        <thumbnail>https://www.thetvdb.com/banners/_cache/episodes/73910/403537.jpg</thumbnail>
        <animated_fanart></animated_fanart>
        <fanart>https://www.thetvdb.com/banners/_cache/episodes/73910/403537.jpg</fanart>
</item>

 <item>
        <title>Laurel and Hardy S03E09 - Now I'll Tell One</title>
        <meta>
                <content>episode</content>
                <imdb></imdb>
                <tvdb>73910</tvdb>
                <tvshowtitle>Laurel and Hardy</tvshowtitle>
                <year>1921</year>
                <title>Now I'll Tell One</title>
                <premiered>1927-10-15</premiered>
                <season>3</season>
                <episode>9</episode>
        </meta>
        <link>
		<sublink>search</sublink>
                <sublink>searchsd</sublink>
        </link>
        <animated_thumbnail></animated_thumbnail>
        <thumbnail>https://www.thetvdb.com/banners/_cache/episodes/73910/403538.jpg</thumbnail>
        <animated_fanart></animated_fanart>
        <fanart>https://www.thetvdb.com/banners/_cache/episodes/73910/403538.jpg</fanart>
</item>

 <item>
        <title>Laurel and Hardy S03E10 - Call of the Cuckoo</title>
        <meta>
                <content>episode</content>
                <imdb></imdb>
                <tvdb>73910</tvdb>
                <tvshowtitle>Laurel and Hardy</tvshowtitle>
                <year>1921</year>
                <title>Call of the Cuckoo</title>
                <premiered>1927-10-15</premiered>
                <season>3</season>
                <episode>10</episode>
        </meta>
        <link>
		<sublink>search</sublink>
                <sublink>searchsd</sublink>
        </link>
        <animated_thumbnail></animated_thumbnail>
        <thumbnail>https://www.thetvdb.com/banners/_cache/episodes/73910/403539.jpg</thumbnail>
        <animated_fanart></animated_fanart>
        <fanart>https://www.thetvdb.com/banners/_cache/episodes/73910/403539.jpg</fanart>
</item>

 <item>
        <title>Laurel and Hardy S03E11 - Hats Off</title>
        <meta>
                <content>episode</content>
                <imdb>tt0013341</imdb>
                <tvdb>73910</tvdb>
                <tvshowtitle>Laurel and Hardy</tvshowtitle>
                <year>1921</year>
                <title>Hats Off</title>
                <premiered>1927-11-05</premiered>
                <season>3</season>
                <episode>11</episode>
        </meta>
        <link>
		<sublink>search</sublink>
                <sublink>searchsd</sublink>
        </link>
        <animated_thumbnail></animated_thumbnail>
        <thumbnail>https://www.thetvdb.com/banners/_cache/episodes/73910/403540.jpg</thumbnail>
        <animated_fanart></animated_fanart>
        <fanart>https://www.thetvdb.com/banners/_cache/episodes/73910/403540.jpg</fanart>
</item>

 <item>
        <title>Laurel and Hardy S03E12 - Do Detectives Think?</title>
        <meta>
                <content>episode</content>
                <imdb></imdb>
                <tvdb>73910</tvdb>
                <tvshowtitle>Laurel and Hardy</tvshowtitle>
                <year>1921</year>
                <title>Do Detectives Think?</title>
                <premiered>1927-11-20</premiered>
                <season>3</season>
                <episode>12</episode>
        </meta>
        <link>
		<sublink>search</sublink>
                <sublink>searchsd</sublink>
        </link>
        <animated_thumbnail></animated_thumbnail>
        <thumbnail>https://www.thetvdb.com/banners/_cache/episodes/73910/403541.jpg</thumbnail>
        <animated_fanart></animated_fanart>
        <fanart>https://www.thetvdb.com/banners/_cache/episodes/73910/403541.jpg</fanart>
</item>

 <item>
        <title>Laurel and Hardy S03E13 - Putting Pants on Philip</title>
        <meta>
                <content>episode</content>
                <imdb></imdb>
                <tvdb>73910</tvdb>
                <tvshowtitle>Laurel and Hardy</tvshowtitle>
                <year>1921</year>
                <title>Putting Pants on Philip</title>
                <premiered>1927-12-03</premiered>
                <season>3</season>
                <episode>13</episode>
        </meta>
        <link>
		<sublink>search</sublink>
                <sublink>searchsd</sublink>
        </link>
        <animated_thumbnail></animated_thumbnail>
        <thumbnail>https://www.thetvdb.com/banners/_cache/episodes/73910/403542.jpg</thumbnail>
        <animated_fanart></animated_fanart>
        <fanart>https://www.thetvdb.com/banners/_cache/episodes/73910/403542.jpg</fanart>
</item>

 <item>
        <title>Laurel and Hardy S03E14 - The Battle Of The Century</title>
        <meta>
                <content>episode</content>
                <imdb>tt0013341</imdb>
                <tvdb>73910</tvdb>
                <tvshowtitle>Laurel and Hardy</tvshowtitle>
                <year>1921</year>
                <title>The Battle Of The Century</title>
                <premiered>1927-12-31</premiered>
                <season>3</season>
                <episode>14</episode>
        </meta>
        <link>
		<sublink>search</sublink>
                <sublink>searchsd</sublink>
        </link>
        <animated_thumbnail></animated_thumbnail>
        <thumbnail>https://www.thetvdb.com/banners/_cache/episodes/73910/403543.jpg</thumbnail>
        <animated_fanart></animated_fanart>
        <fanart>https://www.thetvdb.com/banners/_cache/episodes/73910/403543.jpg</fanart>
</item>

 <item>
        <title>Laurel and Hardy S04E01 - Leave 'Em Laughing</title>
        <meta>
                <content>episode</content>
                <imdb>tt0019079</imdb>
                <tvdb>73910</tvdb>
                <tvshowtitle>Laurel and Hardy</tvshowtitle>
                <year>1921</year>
                <title>Leave 'Em Laughing</title>
                <premiered>1928-01-28</premiered>
                <season>4</season>
                <episode>1</episode>
        </meta>
        <link>
		<sublink>search</sublink>
                <sublink>searchsd</sublink>
        </link>
        <animated_thumbnail></animated_thumbnail>
        <thumbnail>https://www.thetvdb.com/banners/_cache/seasons/73910-4.jpg</thumbnail>
        <animated_fanart></animated_fanart>
        <fanart>https://www.thetvdb.com/banners/_cache/seasons/73910-4.jpg</fanart>
</item>

 <item>
        <title>Laurel and Hardy S04E02 - Flying Elephants</title>
        <meta>
                <content>episode</content>
                <imdb>tt0017893</imdb>
                <tvdb>73910</tvdb>
                <tvshowtitle>Laurel and Hardy</tvshowtitle>
                <year>1921</year>
                <title>Flying Elephants</title>
                <premiered>1928-02-19</premiered>
                <season>4</season>
                <episode>2</episode>
        </meta>
        <link>
		<sublink>search</sublink>
                <sublink>searchsd</sublink>
        </link>
        <animated_thumbnail></animated_thumbnail>
        <thumbnail>https://www.thetvdb.com/banners/_cache/episodes/73910/403545.jpg</thumbnail>
        <animated_fanart></animated_fanart>
        <fanart>https://www.thetvdb.com/banners/_cache/episodes/73910/403545.jpg</fanart>
</item>

 <item>
        <title>Laurel and Hardy S04E03 - The Finishing Touch</title>
        <meta>
                <content>episode</content>
                <imdb>tt0018890</imdb>
                <tvdb>73910</tvdb>
                <tvshowtitle>Laurel and Hardy</tvshowtitle>
                <year>1921</year>
                <title>The Finishing Touch</title>
                <premiered>1928-02-25</premiered>
                <season>4</season>
                <episode>3</episode>
        </meta>
        <link>
		<sublink>search</sublink>
                <sublink>searchsd</sublink>
        </link>
        <animated_thumbnail></animated_thumbnail>
        <thumbnail>https://www.thetvdb.com/banners/_cache/episodes/73910/403546.jpg</thumbnail>
        <animated_fanart></animated_fanart>
        <fanart>https://www.thetvdb.com/banners/_cache/episodes/73910/403546.jpg</fanart>
</item>

 <item>
        <title>Laurel and Hardy S04E04 - From Soup To Nuts</title>
        <meta>
                <content>episode</content>
                <imdb>tt0018083</imdb>
                <tvdb>73910</tvdb>
                <tvshowtitle>Laurel and Hardy</tvshowtitle>
                <year>1921</year>
                <title>From Soup To Nuts</title>
                <premiered>1928-03-24</premiered>
                <season>4</season>
                <episode>4</episode>
        </meta>
        <link>
		<sublink>search</sublink>
                <sublink>searchsd</sublink>
        </link>
        <animated_thumbnail></animated_thumbnail>
        <thumbnail>https://www.thetvdb.com/banners/_cache/episodes/73910/403547.jpg</thumbnail>
        <animated_fanart></animated_fanart>
        <fanart>https://www.thetvdb.com/banners/_cache/episodes/73910/403547.jpg</fanart>
</item>

 <item>
        <title>Laurel and Hardy S04E05 - You're Darn Tootin'</title>
        <meta>
                <content>episode</content>
                <imdb></imdb>
                <tvdb>73910</tvdb>
                <tvshowtitle>Laurel and Hardy</tvshowtitle>
                <year>1921</year>
                <title>You're Darn Tootin'</title>
                <premiered>1928-04-21</premiered>
                <season>4</season>
                <episode>5</episode>
        </meta>
        <link>
		<sublink>search</sublink>
                <sublink>searchsd</sublink>
        </link>
        <animated_thumbnail></animated_thumbnail>
        <thumbnail>https://www.thetvdb.com/banners/_cache/episodes/73910/403548.jpg</thumbnail>
        <animated_fanart></animated_fanart>
        <fanart>https://www.thetvdb.com/banners/_cache/episodes/73910/403548.jpg</fanart>
</item>

 <item>
        <title>Laurel and Hardy S04E06 - Their Purple Moment</title>
        <meta>
                <content>episode</content>
                <imdb>tt0019465</imdb>
                <tvdb>73910</tvdb>
                <tvshowtitle>Laurel and Hardy</tvshowtitle>
                <year>1921</year>
                <title>Their Purple Moment</title>
                <premiered>1928-05-19</premiered>
                <season>4</season>
                <episode>6</episode>
        </meta>
        <link>
		<sublink>search</sublink>
                <sublink>searchsd</sublink>
        </link>
        <animated_thumbnail></animated_thumbnail>
        <thumbnail>https://www.thetvdb.com/banners/_cache/episodes/73910/403549.jpg</thumbnail>
        <animated_fanart></animated_fanart>
        <fanart>https://www.thetvdb.com/banners/_cache/episodes/73910/403549.jpg</fanart>
</item>

 <item>
        <title>Laurel and Hardy S04E07 - Should Married Men Go Home?</title>
        <meta>
                <content>episode</content>
                <imdb></imdb>
                <tvdb>73910</tvdb>
                <tvshowtitle>Laurel and Hardy</tvshowtitle>
                <year>1921</year>
                <title>Should Married Men Go Home?</title>
                <premiered>1928-09-08</premiered>
                <season>4</season>
                <episode>7</episode>
        </meta>
        <link>
		<sublink>search</sublink>
                <sublink>searchsd</sublink>
        </link>
        <animated_thumbnail></animated_thumbnail>
        <thumbnail>https://www.thetvdb.com/banners/_cache/episodes/73910/403550.jpg</thumbnail>
        <animated_fanart></animated_fanart>
        <fanart>https://www.thetvdb.com/banners/_cache/episodes/73910/403550.jpg</fanart>
</item>

 <item>
        <title>Laurel and Hardy S04E08 - Early to Bed</title>
        <meta>
                <content>episode</content>
                <imdb></imdb>
                <tvdb>73910</tvdb>
                <tvshowtitle>Laurel and Hardy</tvshowtitle>
                <year>1921</year>
                <title>Early to Bed</title>
                <premiered>1928-03-24</premiered>
                <season>4</season>
                <episode>8</episode>
        </meta>
        <link>
		<sublink>search</sublink>
                <sublink>searchsd</sublink>
        </link>
        <animated_thumbnail></animated_thumbnail>
        <thumbnail>https://www.thetvdb.com/banners/_cache/episodes/73910/403551.jpg</thumbnail>
        <animated_fanart></animated_fanart>
        <fanart>https://www.thetvdb.com/banners/_cache/episodes/73910/403551.jpg</fanart>
</item>

 <item>
        <title>Laurel and Hardy S04E09 - Two Tars</title>
        <meta>
                <content>episode</content>
                <imdb></imdb>
                <tvdb>73910</tvdb>
                <tvshowtitle>Laurel and Hardy</tvshowtitle>
                <year>1921</year>
                <title>Two Tars</title>
                <premiered>1928-11-03</premiered>
                <season>4</season>
                <episode>9</episode>
        </meta>
        <link>
		<sublink>search</sublink>
                <sublink>searchsd</sublink>
        </link>
        <animated_thumbnail></animated_thumbnail>
        <thumbnail>https://www.thetvdb.com/banners/_cache/episodes/73910/403552.jpg</thumbnail>
        <animated_fanart></animated_fanart>
        <fanart>https://www.thetvdb.com/banners/_cache/episodes/73910/403552.jpg</fanart>
</item>

 <item>
        <title>Laurel and Hardy S04E10 - Habeas Corpus</title>
        <meta>
                <content>episode</content>
                <imdb></imdb>
                <tvdb>73910</tvdb>
                <tvshowtitle>Laurel and Hardy</tvshowtitle>
                <year>1921</year>
                <title>Habeas Corpus</title>
                <premiered>1928-12-01</premiered>
                <season>4</season>
                <episode>10</episode>
        </meta>
        <link>
		<sublink>search</sublink>
                <sublink>searchsd</sublink>
        </link>
        <animated_thumbnail></animated_thumbnail>
        <thumbnail>https://www.thetvdb.com/banners/_cache/episodes/73910/403553.jpg</thumbnail>
        <animated_fanart></animated_fanart>
        <fanart>https://www.thetvdb.com/banners/_cache/episodes/73910/403553.jpg</fanart>
</item>

 <item>
        <title>Laurel and Hardy S04E11 - We Faw Down</title>
        <meta>
                <content>episode</content>
                <imdb>tt0019556</imdb>
                <tvdb>73910</tvdb>
                <tvshowtitle>Laurel and Hardy</tvshowtitle>
                <year>1921</year>
                <title>We Faw Down</title>
                <premiered>1928-12-29</premiered>
                <season>4</season>
                <episode>11</episode>
        </meta>
        <link>
		<sublink>search</sublink>
                <sublink>searchsd</sublink>
        </link>
        <animated_thumbnail></animated_thumbnail>
        <thumbnail>https://www.thetvdb.com/banners/_cache/episodes/73910/403554.jpg</thumbnail>
        <animated_fanart></animated_fanart>
        <fanart>https://www.thetvdb.com/banners/_cache/episodes/73910/403554.jpg</fanart>
</item>

 <item>
        <title>Laurel and Hardy S05E01 - Liberty</title>
        <meta>
                <content>episode</content>
                <imdb>tt0020094</imdb>
                <tvdb>73910</tvdb>
                <tvshowtitle>Laurel and Hardy</tvshowtitle>
                <year>1921</year>
                <title>Liberty</title>
                <premiered>1929-01-24</premiered>
                <season>5</season>
                <episode>1</episode>
        </meta>
        <link>
		<sublink>search</sublink>
                <sublink>searchsd</sublink>
        </link>
        <animated_thumbnail></animated_thumbnail>
        <thumbnail>https://www.thetvdb.com/banners/_cache/episodes/73910/403556.jpg</thumbnail>
        <animated_fanart></animated_fanart>
        <fanart>https://www.thetvdb.com/banners/_cache/episodes/73910/403556.jpg</fanart>
</item>

 <item>
        <title>Laurel and Hardy S05E02 - Wrong Again</title>
        <meta>
                <content>episode</content>
                <imdb></imdb>
                <tvdb>73910</tvdb>
                <tvshowtitle>Laurel and Hardy</tvshowtitle>
                <year>1921</year>
                <title>Wrong Again</title>
                <premiered>1929-02-23</premiered>
                <season>5</season>
                <episode>2</episode>
        </meta>
        <link>
		<sublink>search</sublink>
                <sublink>searchsd</sublink>
        </link>
        <animated_thumbnail></animated_thumbnail>
        <thumbnail>https://www.thetvdb.com/banners/_cache/episodes/73910/403557.jpg</thumbnail>
        <animated_fanart></animated_fanart>
        <fanart>https://www.thetvdb.com/banners/_cache/episodes/73910/403557.jpg</fanart>
</item>

 <item>
        <title>Laurel and Hardy S05E03 - That's My Wife</title>
        <meta>
                <content>episode</content>
                <imdb></imdb>
                <tvdb>73910</tvdb>
                <tvshowtitle>Laurel and Hardy</tvshowtitle>
                <year>1921</year>
                <title>That's My Wife</title>
                <premiered>1929-03-23</premiered>
                <season>5</season>
                <episode>3</episode>
        </meta>
        <link>
		<sublink>search</sublink>
                <sublink>searchsd</sublink>
        </link>
        <animated_thumbnail></animated_thumbnail>
        <thumbnail>https://www.thetvdb.com/banners/_cache/episodes/73910/403558.jpg</thumbnail>
        <animated_fanart></animated_fanart>
        <fanart>https://www.thetvdb.com/banners/_cache/episodes/73910/403558.jpg</fanart>
</item>

 <item>
        <title>Laurel and Hardy S05E04 - Big Business</title>
        <meta>
                <content>episode</content>
                <imdb>tt0019688</imdb>
                <tvdb>73910</tvdb>
                <tvshowtitle>Laurel and Hardy</tvshowtitle>
                <year>1921</year>
                <title>Big Business</title>
                <premiered>1929-04-20</premiered>
                <season>5</season>
                <episode>4</episode>
        </meta>
        <link>
		<sublink>search</sublink>
                <sublink>searchsd</sublink>
        </link>
        <animated_thumbnail></animated_thumbnail>
        <thumbnail>https://www.thetvdb.com/banners/_cache/episodes/73910/403559.jpg</thumbnail>
        <animated_fanart></animated_fanart>
        <fanart>https://www.thetvdb.com/banners/_cache/episodes/73910/403559.jpg</fanart>
</item>

 <item>
        <title>Laurel and Hardy S05E05 - Unaccustomed as We Are</title>
        <meta>
                <content>episode</content>
                <imdb>tt0020531</imdb>
                <tvdb>73910</tvdb>
                <tvshowtitle>Laurel and Hardy</tvshowtitle>
                <year>1921</year>
                <title>Unaccustomed as We Are</title>
                <premiered>1929-05-04</premiered>
                <season>5</season>
                <episode>5</episode>
        </meta>
        <link>
		<sublink>search</sublink>
                <sublink>searchsd</sublink>
        </link>
        <animated_thumbnail></animated_thumbnail>
        <thumbnail>https://www.thetvdb.com/banners/_cache/episodes/73910/403560.jpg</thumbnail>
        <animated_fanart></animated_fanart>
        <fanart>https://www.thetvdb.com/banners/_cache/episodes/73910/403560.jpg</fanart>
</item>

 <item>
        <title>Laurel and Hardy S05E06 - Double Whoopee</title>
        <meta>
                <content>episode</content>
                <imdb>tt0019832</imdb>
                <tvdb>73910</tvdb>
                <tvshowtitle>Laurel and Hardy</tvshowtitle>
                <year>1921</year>
                <title>Double Whoopee</title>
                <premiered>1929-05-18</premiered>
                <season>5</season>
                <episode>6</episode>
        </meta>
        <link>
		<sublink>search</sublink>
                <sublink>searchsd</sublink>
        </link>
        <animated_thumbnail></animated_thumbnail>
        <thumbnail>https://www.thetvdb.com/banners/_cache/episodes/73910/403561.jpg</thumbnail>
        <animated_fanart></animated_fanart>
        <fanart>https://www.thetvdb.com/banners/_cache/episodes/73910/403561.jpg</fanart>
</item>

 <item>
        <title>Laurel and Hardy S05E07 - Berth Marks</title>
        <meta>
                <content>episode</content>
                <imdb>tt0019686</imdb>
                <tvdb>73910</tvdb>
                <tvshowtitle>Laurel and Hardy</tvshowtitle>
                <year>1921</year>
                <title>Berth Marks</title>
                <premiered>1929-06-01</premiered>
                <season>5</season>
                <episode>7</episode>
        </meta>
        <link>
		<sublink>search</sublink>
                <sublink>searchsd</sublink>
        </link>
        <animated_thumbnail></animated_thumbnail>
        <thumbnail>https://www.thetvdb.com/banners/_cache/episodes/73910/403562.jpg</thumbnail>
        <animated_fanart></animated_fanart>
        <fanart>https://www.thetvdb.com/banners/_cache/episodes/73910/403562.jpg</fanart>
</item>

 <item>
        <title>Laurel and Hardy S05E08 - Men O'War</title>
        <meta>
                <content>episode</content>
                <imdb></imdb>
                <tvdb>73910</tvdb>
                <tvshowtitle>Laurel and Hardy</tvshowtitle>
                <year>1921</year>
                <title>Men O'War</title>
                <premiered>1929-06-29</premiered>
                <season>5</season>
                <episode>8</episode>
        </meta>
        <link>
		<sublink>search</sublink>
                <sublink>searchsd</sublink>
        </link>
        <animated_thumbnail></animated_thumbnail>
        <thumbnail>https://www.thetvdb.com/banners/_cache/episodes/73910/403563.jpg</thumbnail>
        <animated_fanart></animated_fanart>
        <fanart>https://www.thetvdb.com/banners/_cache/episodes/73910/403563.jpg</fanart>
</item>

 <item>
        <title>Laurel and Hardy S05E09 - Perfect Day</title>
        <meta>
                <content>episode</content>
                <imdb></imdb>
                <tvdb>73910</tvdb>
                <tvshowtitle>Laurel and Hardy</tvshowtitle>
                <year>1921</year>
                <title>Perfect Day</title>
                <premiered>1929-08-10</premiered>
                <season>5</season>
                <episode>9</episode>
        </meta>
        <link>
		<sublink>search</sublink>
                <sublink>searchsd</sublink>
        </link>
        <animated_thumbnail></animated_thumbnail>
        <thumbnail>https://www.thetvdb.com/banners/_cache/episodes/73910/403564.jpg</thumbnail>
        <animated_fanart></animated_fanart>
        <fanart>https://www.thetvdb.com/banners/_cache/episodes/73910/403564.jpg</fanart>
</item>

 <item>
        <title>Laurel and Hardy S05E10 - They Go Boom!</title>
        <meta>
                <content>episode</content>
                <imdb></imdb>
                <tvdb>73910</tvdb>
                <tvshowtitle>Laurel and Hardy</tvshowtitle>
                <year>1921</year>
                <title>They Go Boom!</title>
                <premiered>1929-09-21</premiered>
                <season>5</season>
                <episode>10</episode>
        </meta>
        <link>
		<sublink>search</sublink>
                <sublink>searchsd</sublink>
        </link>
        <animated_thumbnail></animated_thumbnail>
        <thumbnail>https://www.thetvdb.com/banners/_cache/episodes/73910/403565.jpg</thumbnail>
        <animated_fanart></animated_fanart>
        <fanart>https://www.thetvdb.com/banners/_cache/episodes/73910/403565.jpg</fanart>
</item>

 <item>
        <title>Laurel and Hardy S05E11 - Bacon Grabbers</title>
        <meta>
                <content>episode</content>
                <imdb></imdb>
                <tvdb>73910</tvdb>
                <tvshowtitle>Laurel and Hardy</tvshowtitle>
                <year>1921</year>
                <title>Bacon Grabbers</title>
                <premiered>1929-10-19</premiered>
                <season>5</season>
                <episode>11</episode>
        </meta>
        <link>
		<sublink>search</sublink>
                <sublink>searchsd</sublink>
        </link>
        <animated_thumbnail></animated_thumbnail>
        <thumbnail>https://www.thetvdb.com/banners/_cache/episodes/73910/403568.jpg</thumbnail>
        <animated_fanart></animated_fanart>
        <fanart>https://www.thetvdb.com/banners/_cache/episodes/73910/403568.jpg</fanart>
</item>

 <item>
        <title>Laurel and Hardy S05E12 - The Hoose-Gow</title>
        <meta>
                <content>episode</content>
                <imdb></imdb>
                <tvdb>73910</tvdb>
                <tvshowtitle>Laurel and Hardy</tvshowtitle>
                <year>1921</year>
                <title>The Hoose-Gow</title>
                <premiered>1929-11-16</premiered>
                <season>5</season>
                <episode>12</episode>
        </meta>
        <link>
		<sublink>search</sublink>
                <sublink>searchsd</sublink>
        </link>
        <animated_thumbnail></animated_thumbnail>
        <thumbnail>https://www.thetvdb.com/banners/_cache/episodes/73910/403569.jpg</thumbnail>
        <animated_fanart></animated_fanart>
        <fanart>https://www.thetvdb.com/banners/_cache/episodes/73910/403569.jpg</fanart>
</item>

 <item>
        <title>Laurel and Hardy S05E13 - Angora Love</title>
        <meta>
                <content>episode</content>
                <imdb></imdb>
                <tvdb>73910</tvdb>
                <tvshowtitle>Laurel and Hardy</tvshowtitle>
                <year>1921</year>
                <title>Angora Love</title>
                <premiered>1929-12-14</premiered>
                <season>5</season>
                <episode>13</episode>
        </meta>
        <link>
		<sublink>search</sublink>
                <sublink>searchsd</sublink>
        </link>
        <animated_thumbnail></animated_thumbnail>
        <thumbnail>https://www.thetvdb.com/banners/_cache/episodes/73910/403570.jpg</thumbnail>
        <animated_fanart></animated_fanart>
        <fanart>https://www.thetvdb.com/banners/_cache/episodes/73910/403570.jpg</fanart>
</item>

