########################
<poster>Season 1</poster>
<thumbnail></thumbnail>
<fanart></fanart>
########################

 <item>
        <title>Lost in Space S01E01 - The Reluctant Stowaway</title>
        <meta>
                <content>episode</content>
                <imdb></imdb>
                <tvdb>72923</tvdb>
                <tvshowtitle>Lost in Space</tvshowtitle>
                <year>1965</year>
                <title>The Reluctant Stowaway</title>
                <premiered>1965-09-15</premiered>
                <season>1</season>
                <episode>1</episode>
        </meta>
        <link>
		<sublink>search</sublink>
                <sublink>searchsd</sublink>
        </link>
        <animated_thumbnail></animated_thumbnail>
        <thumbnail>https://www.thetvdb.com/banners/_cache/episodes/72923/103356.jpg</thumbnail>
        <animated_fanart></animated_fanart>
        <fanart>https://www.thetvdb.com/banners/_cache/fanart/original/72923-5.jpg</fanart>
</item>

 <item>
        <title>Lost in Space S01E02 - The Derelict</title>
        <meta>
                <content>episode</content>
                <imdb></imdb>
                <tvdb>72923</tvdb>
                <tvshowtitle>Lost in Space</tvshowtitle>
                <year>1965</year>
                <title>The Derelict</title>
                <premiered>1965-09-22</premiered>
                <season>1</season>
                <episode>2</episode>
        </meta>
        <link>
		<sublink>search</sublink>
                <sublink>searchsd</sublink>
        </link>
        <animated_thumbnail></animated_thumbnail>
        <thumbnail>https://www.thetvdb.com/banners/_cache/episodes/72923/103357.jpg</thumbnail>
        <animated_fanart></animated_fanart>
        <fanart>https://www.thetvdb.com/banners/_cache/fanart/original/72923-5.jpg</fanart>
</item>

 <item>
        <title>Lost in Space S01E03 - Island in the Sky</title>
        <meta>
                <content>episode</content>
                <imdb></imdb>
                <tvdb>72923</tvdb>
                <tvshowtitle>Lost in Space</tvshowtitle>
                <year>1965</year>
                <title>Island in the Sky</title>
                <premiered>1965-09-29</premiered>
                <season>1</season>
                <episode>3</episode>
        </meta>
        <link>
		<sublink>search</sublink>
                <sublink>searchsd</sublink>
        </link>
        <animated_thumbnail></animated_thumbnail>
        <thumbnail>https://www.thetvdb.com/banners/_cache/episodes/72923/103358.jpg</thumbnail>
        <animated_fanart></animated_fanart>
        <fanart>https://www.thetvdb.com/banners/_cache/fanart/original/72923-5.jpg</fanart>
</item>

 <item>
        <title>Lost in Space S01E04 - There Were Giants in the Earth</title>
        <meta>
                <content>episode</content>
                <imdb></imdb>
                <tvdb>72923</tvdb>
                <tvshowtitle>Lost in Space</tvshowtitle>
                <year>1965</year>
                <title>There Were Giants in the Earth</title>
                <premiered>1965-10-06</premiered>
                <season>1</season>
                <episode>4</episode>
        </meta>
        <link>
		<sublink>search</sublink>
                <sublink>searchsd</sublink>
        </link>
        <animated_thumbnail></animated_thumbnail>
        <thumbnail>https://www.thetvdb.com/banners/_cache/episodes/72923/103359.jpg</thumbnail>
        <animated_fanart></animated_fanart>
        <fanart>https://www.thetvdb.com/banners/_cache/fanart/original/72923-5.jpg</fanart>
</item>

 <item>
        <title>Lost in Space S01E05 - The Hungry Sea</title>
        <meta>
                <content>episode</content>
                <imdb></imdb>
                <tvdb>72923</tvdb>
                <tvshowtitle>Lost in Space</tvshowtitle>
                <year>1965</year>
                <title>The Hungry Sea</title>
                <premiered>1965-10-13</premiered>
                <season>1</season>
                <episode>5</episode>
        </meta>
        <link>
		<sublink>search</sublink>
                <sublink>searchsd</sublink>
        </link>
        <animated_thumbnail></animated_thumbnail>
        <thumbnail>https://www.thetvdb.com/banners/_cache/episodes/72923/103360.jpg</thumbnail>
        <animated_fanart></animated_fanart>
        <fanart>https://www.thetvdb.com/banners/_cache/fanart/original/72923-5.jpg</fanart>
</item>

 <item>
        <title>Lost in Space S01E06 - Welcome Stranger</title>
        <meta>
                <content>episode</content>
                <imdb></imdb>
                <tvdb>72923</tvdb>
                <tvshowtitle>Lost in Space</tvshowtitle>
                <year>1965</year>
                <title>Welcome Stranger</title>
                <premiered>1965-10-20</premiered>
                <season>1</season>
                <episode>6</episode>
        </meta>
        <link>
		<sublink>search</sublink>
                <sublink>searchsd</sublink>
        </link>
        <animated_thumbnail></animated_thumbnail>
        <thumbnail>https://www.thetvdb.com/banners/_cache/episodes/72923/103361.jpg</thumbnail>
        <animated_fanart></animated_fanart>
        <fanart>https://www.thetvdb.com/banners/_cache/fanart/original/72923-5.jpg</fanart>
</item>

 <item>
        <title>Lost in Space S01E07 - My Friend, Mr. Nobody</title>
        <meta>
                <content>episode</content>
                <imdb></imdb>
                <tvdb>72923</tvdb>
                <tvshowtitle>Lost in Space</tvshowtitle>
                <year>1965</year>
                <title>My Friend, Mr. Nobody</title>
                <premiered>1965-10-27</premiered>
                <season>1</season>
                <episode>7</episode>
        </meta>
        <link>
		<sublink>search</sublink>
                <sublink>searchsd</sublink>
        </link>
        <animated_thumbnail></animated_thumbnail>
        <thumbnail>https://www.thetvdb.com/banners/_cache/episodes/72923/103362.jpg</thumbnail>
        <animated_fanart></animated_fanart>
        <fanart>https://www.thetvdb.com/banners/_cache/fanart/original/72923-5.jpg</fanart>
</item>
 <item>
        <title>Lost in Space S01E08 - Invaders from the Fifth Dimension</title>
        <meta>
                <content>episode</content>
                <imdb></imdb>
                <tvdb>72923</tvdb>
                <tvshowtitle>Lost in Space</tvshowtitle>
                <year>1965</year>
                <title>Invaders from the Fifth Dimension</title>
                <premiered>1965-11-03</premiered>
                <season>1</season>
                <episode>8</episode>
        </meta>
        <link>
		<sublink>search</sublink>
                <sublink>searchsd</sublink>
        </link>
        <animated_thumbnail></animated_thumbnail>
        <thumbnail>https://www.thetvdb.com/banners/_cache/episodes/72923/103363.jpg</thumbnail>
        <animated_fanart></animated_fanart>
        <fanart>https://www.thetvdb.com/banners/_cache/fanart/original/72923-5.jpg</fanart>
</item>

 <item>
        <title>Lost in Space S01E09 - The Oasis</title>
        <meta>
                <content>episode</content>
                <imdb></imdb>
                <tvdb>72923</tvdb>
                <tvshowtitle>Lost in Space</tvshowtitle>
                <year>1965</year>
                <title>The Oasis</title>
                <premiered>1965-11-10</premiered>
                <season>1</season>
                <episode>9</episode>
        </meta>
        <link>
		<sublink>search</sublink>
                <sublink>searchsd</sublink>
        </link>
        <animated_thumbnail></animated_thumbnail>
        <thumbnail>https://www.thetvdb.com/banners/_cache/episodes/72923/103364.jpg</thumbnail>
        <animated_fanart></animated_fanart>
        <fanart>https://www.thetvdb.com/banners/_cache/fanart/original/72923-5.jpg</fanart>
</item>

 <item>
        <title>Lost in Space S01E10 - The Sky is Falling</title>
        <meta>
                <content>episode</content>
                <imdb></imdb>
                <tvdb>72923</tvdb>
                <tvshowtitle>Lost in Space</tvshowtitle>
                <year>1965</year>
                <title>The Sky is Falling</title>
                <premiered>1965-11-17</premiered>
                <season>1</season>
                <episode>10</episode>
        </meta>
        <link>
		<sublink>search</sublink>
                <sublink>searchsd</sublink>
        </link>
        <animated_thumbnail></animated_thumbnail>
        <thumbnail>https://www.thetvdb.com/banners/_cache/episodes/72923/103365.jpg</thumbnail>
        <animated_fanart></animated_fanart>
        <fanart>https://www.thetvdb.com/banners/_cache/fanart/original/72923-5.jpg</fanart>
</item>
 <item>
        <title>Lost in Space S01E11 - Wish Upon a Star</title>
        <meta>
                <content>episode</content>
                <imdb></imdb>
                <tvdb>72923</tvdb>
                <tvshowtitle>Lost in Space</tvshowtitle>
                <year>1965</year>
                <title>Wish Upon a Star</title>
                <premiered>1965-11-24</premiered>
                <season>1</season>
                <episode>11</episode>
        </meta>
        <link>
		<sublink>search</sublink>
                <sublink>searchsd</sublink>
        </link>
        <animated_thumbnail></animated_thumbnail>
        <thumbnail>https://www.thetvdb.com/banners/_cache/episodes/72923/103366.jpg</thumbnail>
        <animated_fanart></animated_fanart>
        <fanart>https://www.thetvdb.com/banners/_cache/fanart/original/72923-5.jpg</fanart>
</item>

 <item>
        <title>Lost in Space S01E12 - The Raft</title>
        <meta>
                <content>episode</content>
                <imdb></imdb>
                <tvdb>72923</tvdb>
                <tvshowtitle>Lost in Space</tvshowtitle>
                <year>1965</year>
                <title>The Raft</title>
                <premiered>1965-12-01</premiered>
                <season>1</season>
                <episode>12</episode>
        </meta>
        <link>
		<sublink>search</sublink>
                <sublink>searchsd</sublink>
        </link>
        <animated_thumbnail></animated_thumbnail>
        <thumbnail>https://www.thetvdb.com/banners/_cache/episodes/72923/103367.jpg</thumbnail>
        <animated_fanart></animated_fanart>
        <fanart>https://www.thetvdb.com/banners/_cache/fanart/original/72923-5.jpg</fanart>
</item>

 <item>
        <title>Lost in Space S01E13 - One of Our Dogs is Missing</title>
        <meta>
                <content>episode</content>
                <imdb></imdb>
                <tvdb>72923</tvdb>
                <tvshowtitle>Lost in Space</tvshowtitle>
                <year>1965</year>
                <title>One of Our Dogs is Missing</title>
                <premiered>1965-12-08</premiered>
                <season>1</season>
                <episode>13</episode>
        </meta>
        <link>
		<sublink>search</sublink>
                <sublink>searchsd</sublink>
        </link>
        <animated_thumbnail></animated_thumbnail>
        <thumbnail>https://www.thetvdb.com/banners/_cache/episodes/72923/103368.jpg</thumbnail>
        <animated_fanart></animated_fanart>
        <fanart>https://www.thetvdb.com/banners/_cache/fanart/original/72923-5.jpg</fanart>
</item>

 <item>
        <title>Lost in Space S01E14 - Attack of the Monster Plants</title>
        <meta>
                <content>episode</content>
                <imdb></imdb>
                <tvdb>72923</tvdb>
                <tvshowtitle>Lost in Space</tvshowtitle>
                <year>1965</year>
                <title>Attack of the Monster Plants</title>
                <premiered>1965-12-15</premiered>
                <season>1</season>
                <episode>14</episode>
        </meta>
        <link>
		<sublink>search</sublink>
                <sublink>searchsd</sublink>
        </link>
        <animated_thumbnail></animated_thumbnail>
        <thumbnail>https://www.thetvdb.com/banners/_cache/episodes/72923/103369.jpg</thumbnail>
        <animated_fanart></animated_fanart>
        <fanart>https://www.thetvdb.com/banners/_cache/fanart/original/72923-5.jpg</fanart>
</item>

 <item>
        <title>Lost in Space S01E15 - Return from Outer Space</title>
        <meta>
                <content>episode</content>
                <imdb></imdb>
                <tvdb>72923</tvdb>
                <tvshowtitle>Lost in Space</tvshowtitle>
                <year>1965</year>
                <title>Return from Outer Space</title>
                <premiered>1965-12-29</premiered>
                <season>1</season>
                <episode>15</episode>
        </meta>
        <link>
		<sublink>search</sublink>
                <sublink>searchsd</sublink>
        </link>
        <animated_thumbnail></animated_thumbnail>
        <thumbnail>https://www.thetvdb.com/banners/_cache/episodes/72923/103370.jpg</thumbnail>
        <animated_fanart></animated_fanart>
        <fanart>https://www.thetvdb.com/banners/_cache/fanart/original/72923-5.jpg</fanart>
</item>

 <item>
        <title>Lost in Space S01E16 - The Keeper (1)</title>
        <meta>
                <content>episode</content>
                <imdb></imdb>
                <tvdb>72923</tvdb>
                <tvshowtitle>Lost in Space</tvshowtitle>
                <year>1965</year>
                <title>The Keeper (1)</title>
                <premiered>1966-01-12</premiered>
                <season>1</season>
                <episode>16</episode>
        </meta>
        <link>
		<sublink>search</sublink>
                <sublink>searchsd</sublink>
        </link>
        <animated_thumbnail></animated_thumbnail>
        <thumbnail>https://www.thetvdb.com/banners/_cache/episodes/72923/103371.jpg</thumbnail>
        <animated_fanart></animated_fanart>
        <fanart>https://www.thetvdb.com/banners/_cache/fanart/original/72923-5.jpg</fanart>
</item>

 <item>
        <title>Lost in Space S01E17 - The Keeper (2)</title>
        <meta>
                <content>episode</content>
                <imdb></imdb>
                <tvdb>72923</tvdb>
                <tvshowtitle>Lost in Space</tvshowtitle>
                <year>1965</year>
                <title>The Keeper (2)</title>
                <premiered>1966-01-19</premiered>
                <season>1</season>
                <episode>17</episode>
        </meta>
        <link>
		<sublink>search</sublink>
                <sublink>searchsd</sublink>
        </link>
        <animated_thumbnail></animated_thumbnail>
        <thumbnail>https://www.thetvdb.com/banners/_cache/episodes/72923/103372.jpg</thumbnail>
        <animated_fanart></animated_fanart>
        <fanart>https://www.thetvdb.com/banners/_cache/fanart/original/72923-5.jpg</fanart>
</item>

 <item>
        <title>Lost in Space S01E18 - The Sky Pirate</title>
        <meta>
                <content>episode</content>
                <imdb></imdb>
                <tvdb>72923</tvdb>
                <tvshowtitle>Lost in Space</tvshowtitle>
                <year>1965</year>
                <title>The Sky Pirate</title>
                <premiered>1966-01-26</premiered>
                <season>1</season>
                <episode>18</episode>
        </meta>
        <link>
		<sublink>search</sublink>
                <sublink>searchsd</sublink>
        </link>
        <animated_thumbnail></animated_thumbnail>
        <thumbnail>https://www.thetvdb.com/banners/_cache/episodes/72923/103373.jpg</thumbnail>
        <animated_fanart></animated_fanart>
        <fanart>https://www.thetvdb.com/banners/_cache/fanart/original/72923-5.jpg</fanart>
</item>

 <item>
        <title>Lost in Space S01E19 - Ghost in Space</title>
        <meta>
                <content>episode</content>
                <imdb></imdb>
                <tvdb>72923</tvdb>
                <tvshowtitle>Lost in Space</tvshowtitle>
                <year>1965</year>
                <title>Ghost in Space</title>
                <premiered>1966-02-02</premiered>
                <season>1</season>
                <episode>19</episode>
        </meta>
        <link>
		<sublink>search</sublink>
                <sublink>searchsd</sublink>
        </link>
        <animated_thumbnail></animated_thumbnail>
        <thumbnail>https://www.thetvdb.com/banners/_cache/episodes/72923/103374.jpg</thumbnail>
        <animated_fanart></animated_fanart>
        <fanart>https://www.thetvdb.com/banners/_cache/fanart/original/72923-5.jpg</fanart>
</item>

 <item>
        <title>Lost in Space S01E20 - The War of the Robots</title>
        <meta>
                <content>episode</content>
                <imdb></imdb>
                <tvdb>72923</tvdb>
                <tvshowtitle>Lost in Space</tvshowtitle>
                <year>1965</year>
                <title>The War of the Robots</title>
                <premiered>1966-02-09</premiered>
                <season>1</season>
                <episode>20</episode>
        </meta>
        <link>
		<sublink>search</sublink>
                <sublink>searchsd</sublink>
        </link>
        <animated_thumbnail></animated_thumbnail>
        <thumbnail>https://www.thetvdb.com/banners/_cache/episodes/72923/103375.jpg</thumbnail>
        <animated_fanart></animated_fanart>
        <fanart>https://www.thetvdb.com/banners/_cache/fanart/original/72923-5.jpg</fanart>
</item>

 <item>
        <title>Lost in Space S01E21 - The Magic Mirror</title>
        <meta>
                <content>episode</content>
                <imdb></imdb>
                <tvdb>72923</tvdb>
                <tvshowtitle>Lost in Space</tvshowtitle>
                <year>1965</year>
                <title>The Magic Mirror</title>
                <premiered>1966-02-16</premiered>
                <season>1</season>
                <episode>21</episode>
        </meta>
        <link>
		<sublink>search</sublink>
                <sublink>searchsd</sublink>
        </link>
        <animated_thumbnail></animated_thumbnail>
        <thumbnail>https://www.thetvdb.com/banners/_cache/episodes/72923/103376.jpg</thumbnail>
        <animated_fanart></animated_fanart>
        <fanart>https://www.thetvdb.com/banners/_cache/fanart/original/72923-5.jpg</fanart>
</item>

 <item>
        <title>Lost in Space S01E22 - The Challenge</title>
        <meta>
                <content>episode</content>
                <imdb></imdb>
                <tvdb>72923</tvdb>
                <tvshowtitle>Lost in Space</tvshowtitle>
                <year>1965</year>
                <title>The Challenge</title>
                <premiered>1966-03-02</premiered>
                <season>1</season>
                <episode>22</episode>
        </meta>
        <link>
		<sublink>search</sublink>
                <sublink>searchsd</sublink>
        </link>
        <animated_thumbnail></animated_thumbnail>
        <thumbnail>https://www.thetvdb.com/banners/_cache/episodes/72923/103377.jpg</thumbnail>
        <animated_fanart></animated_fanart>
        <fanart>https://www.thetvdb.com/banners/_cache/fanart/original/72923-5.jpg</fanart>
</item>

 <item>
        <title>Lost in Space S01E23 - The Space Trader</title>
        <meta>
                <content>episode</content>
                <imdb></imdb>
                <tvdb>72923</tvdb>
                <tvshowtitle>Lost in Space</tvshowtitle>
                <year>1965</year>
                <title>The Space Trader</title>
                <premiered>1966-03-09</premiered>
                <season>1</season>
                <episode>23</episode>
        </meta>
        <link>
		<sublink>search</sublink>
                <sublink>searchsd</sublink>
        </link>
        <animated_thumbnail></animated_thumbnail>
        <thumbnail>https://www.thetvdb.com/banners/_cache/episodes/72923/103378.jpg</thumbnail>
        <animated_fanart></animated_fanart>
        <fanart>https://www.thetvdb.com/banners/_cache/fanart/original/72923-5.jpg</fanart>
</item>

 <item>
        <title>Lost in Space S01E24 - His Majesty Smith</title>
        <meta>
                <content>episode</content>
                <imdb></imdb>
                <tvdb>72923</tvdb>
                <tvshowtitle>Lost in Space</tvshowtitle>
                <year>1965</year>
                <title>His Majesty Smith</title>
                <premiered>1966-03-16</premiered>
                <season>1</season>
                <episode>24</episode>
        </meta>
        <link>
		<sublink>search</sublink>
                <sublink>searchsd</sublink>
        </link>
        <animated_thumbnail></animated_thumbnail>
        <thumbnail>https://www.thetvdb.com/banners/_cache/episodes/72923/103379.jpg</thumbnail>
        <animated_fanart></animated_fanart>
        <fanart>https://www.thetvdb.com/banners/_cache/fanart/original/72923-5.jpg</fanart>
</item>

 <item>
        <title>Lost in Space S01E25 - The Space Croppers</title>
        <meta>
                <content>episode</content>
                <imdb></imdb>
                <tvdb>72923</tvdb>
                <tvshowtitle>Lost in Space</tvshowtitle>
                <year>1965</year>
                <title>The Space Croppers</title>
                <premiered>1966-03-30</premiered>
                <season>1</season>
                <episode>25</episode>
        </meta>
        <link>
		<sublink>search</sublink>
                <sublink>searchsd</sublink>
        </link>
        <animated_thumbnail></animated_thumbnail>
        <thumbnail>https://www.thetvdb.com/banners/_cache/episodes/72923/103380.jpg</thumbnail>
        <animated_fanart></animated_fanart>
        <fanart>https://www.thetvdb.com/banners/_cache/fanart/original/72923-5.jpg</fanart>
</item>

 <item>
        <title>Lost in Space S01E26 - All That Glitters</title>
        <meta>
                <content>episode</content>
                <imdb></imdb>
                <tvdb>72923</tvdb>
                <tvshowtitle>Lost in Space</tvshowtitle>
                <year>1965</year>
                <title>All That Glitters</title>
                <premiered>1966-04-06</premiered>
                <season>1</season>
                <episode>26</episode>
        </meta>
        <link>
		<sublink>search</sublink>
                <sublink>searchsd</sublink>
        </link>
        <animated_thumbnail></animated_thumbnail>
        <thumbnail>https://www.thetvdb.com/banners/_cache/episodes/72923/103381.jpg</thumbnail>
        <animated_fanart></animated_fanart>
        <fanart>https://www.thetvdb.com/banners/_cache/fanart/original/72923-5.jpg</fanart>
</item>

 <item>
        <title>Lost in Space S01E27 - The Lost Civilization</title>
        <meta>
                <content>episode</content>
                <imdb></imdb>
                <tvdb>72923</tvdb>
                <tvshowtitle>Lost in Space</tvshowtitle>
                <year>1965</year>
                <title>The Lost Civilization</title>
                <premiered>1966-04-13</premiered>
                <season>1</season>
                <episode>27</episode>
        </meta>
        <link>
		<sublink>search</sublink>
                <sublink>searchsd</sublink>
        </link>
        <animated_thumbnail></animated_thumbnail>
        <thumbnail>https://www.thetvdb.com/banners/_cache/episodes/72923/103382.jpg</thumbnail>
        <animated_fanart></animated_fanart>
        <fanart>https://www.thetvdb.com/banners/_cache/fanart/original/72923-5.jpg</fanart>
</item>

 <item>
        <title>Lost in Space S01E28 - A Change of Space</title>
        <meta>
                <content>episode</content>
                <imdb></imdb>
                <tvdb>72923</tvdb>
                <tvshowtitle>Lost in Space</tvshowtitle>
                <year>1965</year>
                <title>A Change of Space</title>
                <premiered>1966-04-20</premiered>
                <season>1</season>
                <episode>28</episode>
        </meta>
        <link>
		<sublink>search</sublink>
                <sublink>searchsd</sublink>
        </link>
        <animated_thumbnail></animated_thumbnail>
        <thumbnail>https://www.thetvdb.com/banners/_cache/episodes/72923/103383.jpg</thumbnail>
        <animated_fanart></animated_fanart>
        <fanart>https://www.thetvdb.com/banners/_cache/fanart/original/72923-5.jpg</fanart>
</item>

 <item>
        <title>Lost in Space S01E29 - Follow the Leader</title>
        <meta>
                <content>episode</content>
                <imdb></imdb>
                <tvdb>72923</tvdb>
                <tvshowtitle>Lost in Space</tvshowtitle>
                <year>1965</year>
                <title>Follow the Leader</title>
                <premiered>1966-04-27</premiered>
                <season>1</season>
                <episode>29</episode>
        </meta>
        <link>
		<sublink>search</sublink>
                <sublink>searchsd</sublink>
        </link>
        <animated_thumbnail></animated_thumbnail>
        <thumbnail>https://www.thetvdb.com/banners/_cache/episodes/72923/103384.jpg</thumbnail>
        <animated_fanart></animated_fanart>
        <fanart>https://www.thetvdb.com/banners/_cache/fanart/original/72923-5.jpg</fanart>
</item>


