########################
<poster>Season 6</poster>
<thumbnail></thumbnail>
<fanart></fanart>
########################

 <item>
        <title>I Love Lucy S06E01 - The Girls Want to Go to a Nightclub</title>
        <meta>
                <content>episode</content>
                <imdb></imdb>
                <tvdb>70584</tvdb>
                <tvshowtitle>I Love Lucy</tvshowtitle>
                <year>1951</year>
                <title>The Girls Want to Go to a Nightclub</title>
                <premiered>1951-10-15</premiered>
                <season>1</season>
                <episode>1</episode>
        </meta>
        <link>
		<sublink>search</sublink>
                <sublink>searchsd</sublink>
        </link>
        <animated_thumbnail></animated_thumbnail>
        <thumbnail>https://www.thetvdb.com/banners/_cache/episodes/70584/13472.jpg</thumbnail>
        <animated_fanart></animated_fanart>
        <fanart>https://www.thetvdb.com/banners/_cache/episodes/70584/13472.jpg</fanart>
</item>

 <item>
        <title>I Love Lucy S01E02 - Be a Pal</title>
        <meta>
                <content>episode</content>
                <imdb></imdb>
                <tvdb>70584</tvdb>
                <tvshowtitle>I Love Lucy</tvshowtitle>
                <year>1951</year>
                <title>Be a Pal</title>
                <premiered>1951-10-22</premiered>
                <season>1</season>
                <episode>2</episode>
        </meta>
        <link>
		<sublink>search</sublink>
                <sublink>searchsd</sublink>
		<sublink>https://streamango.com/f/moapfadlnbncplak/I_Love_Lucy_1x2_be_a_pal_mp4</sublink>
        </link>
        <animated_thumbnail></animated_thumbnail>
        <thumbnail>https://www.thetvdb.com/banners/_cache/episodes/70584/13473.jpg</thumbnail>
        <animated_fanart></animated_fanart>
        <fanart>https://www.thetvdb.com/banners/_cache/episodes/70584/13473.jpg</fanart>
</item>

 <item>
        <title>I Love Lucy S01E03 - The Diet</title>
        <meta>
                <content>episode</content>
                <imdb></imdb>
                <tvdb>70584</tvdb>
                <tvshowtitle>I Love Lucy</tvshowtitle>
                <year>1951</year>
                <title>The Diet</title>
                <premiered>1951-10-29</premiered>
                <season>1</season>
                <episode>3</episode>
        </meta>
        <link>
		<sublink>search</sublink>
                <sublink>searchsd</sublink>
        </link>
        <animated_thumbnail></animated_thumbnail>
        <thumbnail>https://www.thetvdb.com/banners/_cache/episodes/70584/13474.jpg</thumbnail>
        <animated_fanart></animated_fanart>
        <fanart>https://www.thetvdb.com/banners/_cache/episodes/70584/13474.jpg</fanart>
</item>

 <item>
        <title>I Love Lucy S01E04 - Lucy Thinks Ricky Is Trying to Murder Her</title>
        <meta>
                <content>episode</content>
                <imdb></imdb>
                <tvdb>70584</tvdb>
                <tvshowtitle>I Love Lucy</tvshowtitle>
                <year>1951</year>
                <title>Lucy Thinks Ricky Is Trying to Murder Her</title>
                <premiered>1951-11-05</premiered>
                <season>1</season>
                <episode>4</episode>
        </meta>
        <link>
		<sublink>search</sublink>
                <sublink>searchsd</sublink>
		<sublink>https://streamango.com/f/fqsrpkomldraakqn/I_Love_Lucy_1x4_lucy_thinks_ricky_is_trying_to_murder_her_mp4</sublink>
        </link>
        <animated_thumbnail></animated_thumbnail>
        <thumbnail>https://www.thetvdb.com/banners/_cache/episodes/70584/13475.jpg</thumbnail>
        <animated_fanart></animated_fanart>
        <fanart>https://www.thetvdb.com/banners/_cache/episodes/70584/13475.jpg</fanart>
</item>

 <item>
        <title>I Love Lucy S01E05 - The Quiz Show</title>
        <meta>
                <content>episode</content>
                <imdb></imdb>
                <tvdb>70584</tvdb>
                <tvshowtitle>I Love Lucy</tvshowtitle>
                <year>1951</year>
                <title>The Quiz Show</title>
                <premiered>1951-11-12</premiered>
                <season>1</season>
                <episode>5</episode>
        </meta>
        <link>
		<sublink>search</sublink>
                <sublink>searchsd</sublink>
        </link>
        <animated_thumbnail></animated_thumbnail>
        <thumbnail>https://www.thetvdb.com/banners/_cache/episodes/70584/13476.jpg</thumbnail>
        <animated_fanart></animated_fanart>
        <fanart>https://www.thetvdb.com/banners/_cache/episodes/70584/13476.jpg</fanart>
</item>

 <item>
        <title>I Love Lucy S01E06 - The Audition</title>
        <meta>
                <content>episode</content>
                <imdb></imdb>
                <tvdb>70584</tvdb>
                <tvshowtitle>I Love Lucy</tvshowtitle>
                <year>1951</year>
                <title>The Audition</title>
                <premiered>1951-11-19</premiered>
                <season>1</season>
                <episode>6</episode>
        </meta>
        <link>
		<sublink>search</sublink>
                <sublink>searchsd</sublink>
        </link>
        <animated_thumbnail></animated_thumbnail>
        <thumbnail>https://www.thetvdb.com/banners/_cache/episodes/70584/13477.jpg</thumbnail>
        <animated_fanart></animated_fanart>
        <fanart>https://www.thetvdb.com/banners/_cache/episodes/70584/13477.jpg</fanart>
</item>

 <item>
        <title>I Love Lucy S01E07 - The Séance</title>
        <meta>
                <content>episode</content>
                <imdb></imdb>
                <tvdb>70584</tvdb>
                <tvshowtitle>I Love Lucy</tvshowtitle>
                <year>1951</year>
                <title>The Séance</title>
                <premiered>1951-11-26</premiered>
                <season>1</season>
                <episode>7</episode>
        </meta>
        <link>
		<sublink>search</sublink>
                <sublink>searchsd</sublink>
        </link>
        <animated_thumbnail></animated_thumbnail>
        <thumbnail>https://www.thetvdb.com/banners/_cache/episodes/70584/13478.jpg</thumbnail>
        <animated_fanart></animated_fanart>
        <fanart>https://www.thetvdb.com/banners/_cache/episodes/70584/13478.jpg</fanart>
</item>

 <item>
        <title>I Love Lucy S01E08 - Men are Messy</title>
        <meta>
                <content>episode</content>
                <imdb></imdb>
                <tvdb>70584</tvdb>
                <tvshowtitle>I Love Lucy</tvshowtitle>
                <year>1951</year>
                <title>Men are Messy</title>
                <premiered>1951-12-03</premiered>
                <season>1</season>
                <episode>8</episode>
        </meta>
        <link>
		<sublink>search</sublink>
                <sublink>searchsd</sublink>
        </link>
        <animated_thumbnail></animated_thumbnail>
        <thumbnail>https://www.thetvdb.com/banners/_cache/episodes/70584/13479.jpg</thumbnail>
        <animated_fanart></animated_fanart>
        <fanart>https://www.thetvdb.com/banners/_cache/episodes/70584/13479.jpg</fanart>
</item>

 <item>
        <title>I Love Lucy S01E09 - The Fur Coat</title>
        <meta>
                <content>episode</content>
                <imdb></imdb>
                <tvdb>70584</tvdb>
                <tvshowtitle>I Love Lucy</tvshowtitle>
                <year>1951</year>
                <title>The Fur Coat</title>
                <premiered>1951-12-10</premiered>
                <season>1</season>
                <episode>9</episode>
        </meta>
        <link>
		<sublink>search</sublink>
                <sublink>searchsd</sublink>
        </link>
        <animated_thumbnail></animated_thumbnail>
        <thumbnail>https://www.thetvdb.com/banners/_cache/episodes/70584/13481.jpg</thumbnail>
        <animated_fanart></animated_fanart>
        <fanart>https://www.thetvdb.com/banners/_cache/episodes/70584/13481.jpg</fanart>
</item>

 <item>
        <title>I Love Lucy S01E10 - Lucy Is Jealous of Girl Singer</title>
        <meta>
                <content>episode</content>
                <imdb></imdb>
                <tvdb>70584</tvdb>
                <tvshowtitle>I Love Lucy</tvshowtitle>
                <year>1951</year>
                <title>Lucy Is Jealous of Girl Singer</title>
                <premiered>1951-12-17</premiered>
                <season>1</season>
                <episode>10</episode>
        </meta>
        <link>
		<sublink>search</sublink>
                <sublink>searchsd</sublink>
		<sublink>https://streamango.com/f/rkoqkoolonmebftr/I_Love_Lucy_1x10_lucy_is_jealous_of_girl_singer_mp4</sublink>
        </link>
        <animated_thumbnail></animated_thumbnail>
        <thumbnail>https://www.thetvdb.com/banners/_cache/episodes/70584/13482.jpg</thumbnail>
        <animated_fanart></animated_fanart>
        <fanart>https://www.thetvdb.com/banners/_cache/episodes/70584/13482.jpg</fanart>
</item>

 <item>
        <title>I Love Lucy S01E11 - Drafted</title>
        <meta>
                <content>episode</content>
                <imdb></imdb>
                <tvdb>70584</tvdb>
                <tvshowtitle>I Love Lucy</tvshowtitle>
                <year>1951</year>
                <title>Drafted</title>
                <premiered>1951-12-24</premiered>
                <season>1</season>
                <episode>11</episode>
        </meta>
        <link>
		<sublink>search</sublink>
                <sublink>searchsd</sublink>
		<sublink>https://streamango.com/f/beqasacocbsldksn/I_Love_Lucy_S1ep11_Drafted_mp4</sublink>
        </link>
        <animated_thumbnail></animated_thumbnail>
        <thumbnail>https://www.thetvdb.com/banners/_cache/episodes/70584/13480.jpg</thumbnail>
        <animated_fanart></animated_fanart>
        <fanart>https://www.thetvdb.com/banners/_cache/episodes/70584/13480.jpg</fanart>
</item>

 <item>
        <title>I Love Lucy S01E12 - The Adagio</title>
        <meta>
                <content>episode</content>
                <imdb></imdb>
                <tvdb>70584</tvdb>
                <tvshowtitle>I Love Lucy</tvshowtitle>
                <year>1951</year>
                <title>The Adagio</title>
                <premiered>1951-12-31</premiered>
                <season>1</season>
                <episode>12</episode>
        </meta>
        <link>
		<sublink>search</sublink>
                <sublink>searchsd</sublink>
		<sublink>https://streamango.com/f/nnflsslknkqeatpr/I_Love_Lucy_1x12_the_adagio_mp4</sublink>
        </link>
        <animated_thumbnail></animated_thumbnail>
        <thumbnail>https://www.thetvdb.com/banners/_cache/episodes/70584/13483.jpg</thumbnail>
        <animated_fanart></animated_fanart>
        <fanart>https://www.thetvdb.com/banners/_cache/episodes/70584/13483.jpg</fanart>
</item>

 <item>
        <title>I Love Lucy S01E13 - The Benefit</title>
        <meta>
                <content>episode</content>
                <imdb></imdb>
                <tvdb>70584</tvdb>
                <tvshowtitle>I Love Lucy</tvshowtitle>
                <year>1951</year>
                <title>The Benefit</title>
                <premiered>1952-01-07</premiered>
                <season>1</season>
                <episode>13</episode>
        </meta>
        <link>
		<sublink>search</sublink>
                <sublink>searchsd</sublink>
        </link>
        <animated_thumbnail></animated_thumbnail>
        <thumbnail>https://www.thetvdb.com/banners/_cache/episodes/70584/13484.jpg</thumbnail>
        <animated_fanart></animated_fanart>
        <fanart>https://www.thetvdb.com/banners/_cache/episodes/70584/13484.jpg</fanart>
</item>

 <item>
        <title>I Love Lucy S01E14 - The Amateur Hour</title>
        <meta>
                <content>episode</content>
                <imdb></imdb>
                <tvdb>70584</tvdb>
                <tvshowtitle>I Love Lucy</tvshowtitle>
                <year>1951</year>
                <title>The Amateur Hour</title>
                <premiered>1952-01-14</premiered>
                <season>1</season>
                <episode>14</episode>
        </meta>
        <link>
		<sublink>search</sublink>
                <sublink>searchsd</sublink>
        </link>
        <animated_thumbnail></animated_thumbnail>
        <thumbnail>https://www.thetvdb.com/banners/_cache/episodes/70584/13485.jpg</thumbnail>
        <animated_fanart></animated_fanart>
        <fanart>https://www.thetvdb.com/banners/_cache/episodes/70584/13485.jpg</fanart>
</item>

 <item>
        <title>I Love Lucy S01E15 - Lucy Plays Cupid</title>
        <meta>
                <content>episode</content>
                <imdb></imdb>
                <tvdb>70584</tvdb>
                <tvshowtitle>I Love Lucy</tvshowtitle>
                <year>1951</year>
                <title>Lucy Plays Cupid</title>
                <premiered>1952-01-21</premiered>
                <season>1</season>
                <episode>15</episode>
        </meta>
        <link>
		<sublink>search</sublink>
                <sublink>searchsd</sublink>
        </link>
        <animated_thumbnail></animated_thumbnail>
        <thumbnail>https://www.thetvdb.com/banners/_cache/episodes/70584/13486.jpg</thumbnail>
        <animated_fanart></animated_fanart>
        <fanart>https://www.thetvdb.com/banners/_cache/episodes/70584/13486.jpg</fanart>
</item>

 <item>
        <title>I Love Lucy S01E16 - Lucy Fakes Illness</title>
        <meta>
                <content>episode</content>
                <imdb></imdb>
                <tvdb>70584</tvdb>
                <tvshowtitle>I Love Lucy</tvshowtitle>
                <year>1951</year>
                <title>Lucy Fakes Illness</title>
                <premiered>1952-01-28</premiered>
                <season>1</season>
                <episode>16</episode>
        </meta>
        <link>
		<sublink>search</sublink>
                <sublink>searchsd</sublink>
		<sublink>https://streamango.com/f/cslkqmdkmttormon/I_Love_Lucy_S1ep16_Lucy_Fakes_Illlness_mp4</sublink>
        </link>
        <animated_thumbnail></animated_thumbnail>
        <thumbnail>https://www.thetvdb.com/banners/_cache/episodes/70584/13487.jpg</thumbnail>
        <animated_fanart></animated_fanart>
        <fanart>https://www.thetvdb.com/banners/_cache/episodes/70584/13487.jpg</fanart>
</item>

 <item>
        <title>I Love Lucy S01E17 - Lucy Writes a Play</title>
        <meta>
                <content>episode</content>
                <imdb></imdb>
                <tvdb>70584</tvdb>
                <tvshowtitle>I Love Lucy</tvshowtitle>
                <year>1951</year>
                <title>Lucy Writes a Play</title>
                <premiered>1952-02-04</premiered>
                <season>1</season>
                <episode>17</episode>
        </meta>
        <link>
		<sublink>search</sublink>
                <sublink>searchsd</sublink>
		<sublink>https://streamango.com/f/dskmeatbmsrctmes/I_Love_Lucy_S1ep17_Lucy_Writes_A_Play_mp4</sublink>
        </link>
        <animated_thumbnail></animated_thumbnail>
        <thumbnail>https://www.thetvdb.com/banners/_cache/episodes/70584/13488.jpg</thumbnail>
        <animated_fanart></animated_fanart>
        <fanart>https://www.thetvdb.com/banners/_cache/episodes/70584/13488.jpg</fanart>
</item>

 <item>
        <title>I Love Lucy S01E18 - Breaking the Lease</title>
        <meta>
                <content>episode</content>
                <imdb></imdb>
                <tvdb>70584</tvdb>
                <tvshowtitle>I Love Lucy</tvshowtitle>
                <year>1951</year>
                <title>Breaking the Lease</title>
                <premiered>1952-02-11</premiered>
                <season>1</season>
                <episode>18</episode>
        </meta>
        <link>
		<sublink>search</sublink>
                <sublink>searchsd</sublink>
        </link>
        <animated_thumbnail></animated_thumbnail>
        <thumbnail>https://www.thetvdb.com/banners/_cache/episodes/70584/13489.jpg</thumbnail>
        <animated_fanart></animated_fanart>
        <fanart>https://www.thetvdb.com/banners/_cache/episodes/70584/13489.jpg</fanart>
</item>

 <item>
        <title>I Love Lucy S01E19 - The Ballet</title>
        <meta>
                <content>episode</content>
                <imdb></imdb>
                <tvdb>70584</tvdb>
                <tvshowtitle>I Love Lucy</tvshowtitle>
                <year>1951</year>
                <title>The Ballet</title>
                <premiered>1952-02-18</premiered>
                <season>1</season>
                <episode>19</episode>
        </meta>
        <link>
		<sublink>search</sublink>
                <sublink>searchsd</sublink>
		<sublink>https://streamango.com/f/kflsatkedfltkkfq/I_Love_Lucy_S1ep19_The_Ballet_mp4</sublink>
        </link>
        <animated_thumbnail></animated_thumbnail>
        <thumbnail>https://www.thetvdb.com/banners/_cache/episodes/70584/13490.jpg</thumbnail>
        <animated_fanart></animated_fanart>
        <fanart>https://www.thetvdb.com/banners/_cache/episodes/70584/13490.jpg</fanart>
</item>

 <item>
        <title>I Love Lucy S01E20 - The Young Fans</title>
        <meta>
                <content>episode</content>
                <imdb></imdb>
                <tvdb>70584</tvdb>
                <tvshowtitle>I Love Lucy</tvshowtitle>
                <year>1951</year>
                <title>The Young Fans</title>
                <premiered>1952-02-25</premiered>
                <season>1</season>
                <episode>20</episode>
        </meta>
        <link>
		<sublink>search</sublink>
                <sublink>searchsd</sublink>
        </link>
        <animated_thumbnail></animated_thumbnail>
        <thumbnail>https://www.thetvdb.com/banners/_cache/episodes/70584/13491.jpg</thumbnail>
        <animated_fanart></animated_fanart>
        <fanart>https://www.thetvdb.com/banners/_cache/episodes/70584/13491.jpg</fanart>
</item>

 <item>
        <title>I Love Lucy S01E21 - New Neighbors</title>
        <meta>
                <content>episode</content>
                <imdb></imdb>
                <tvdb>70584</tvdb>
                <tvshowtitle>I Love Lucy</tvshowtitle>
                <year>1951</year>
                <title>New Neighbors</title>
                <premiered>1952-03-03</premiered>
                <season>1</season>
                <episode>21</episode>
        </meta>
        <link>
		<sublink>search</sublink>
                <sublink>searchsd</sublink>
		<sublink>https://streamango.com/f/cfflarobdqeablap/I_Love_Lucy_1x21_new_neighbors_mp4</sublink>
        </link>
        <animated_thumbnail></animated_thumbnail>
        <thumbnail>https://www.thetvdb.com/banners/_cache/episodes/70584/13492.jpg</thumbnail>
        <animated_fanart></animated_fanart>
        <fanart>https://www.thetvdb.com/banners/_cache/episodes/70584/13492.jpg</fanart>
</item>

 <item>
        <title>I Love Lucy S01E22 - Fred and Ethel Fight</title>
        <meta>
                <content>episode</content>
                <imdb></imdb>
                <tvdb>70584</tvdb>
                <tvshowtitle>I Love Lucy</tvshowtitle>
                <year>1951</year>
                <title>Fred and Ethel Fight</title>
                <premiered>1952-03-10</premiered>
                <season>1</season>
                <episode>22</episode>
        </meta>
        <link>
		<sublink>search</sublink>
                <sublink>searchsd</sublink>
		<sublink>https://streamango.com/f/rpcqedlcbcdbcbao/I_Love_Lucy_S1ep22_Fred_And_Ethel_Fight_mp4</sublink>
        </link>
        <animated_thumbnail></animated_thumbnail>
        <thumbnail>https://www.thetvdb.com/banners/_cache/episodes/70584/13493.jpg</thumbnail>
        <animated_fanart></animated_fanart>
        <fanart>https://www.thetvdb.com/banners/_cache/episodes/70584/13493.jpg</fanart>
</item>

 <item>
        <title>I Love Lucy S01E23 - The Moustache</title>
        <meta>
                <content>episode</content>
                <imdb></imdb>
                <tvdb>70584</tvdb>
                <tvshowtitle>I Love Lucy</tvshowtitle>
                <year>1951</year>
                <title>The Moustache</title>
                <premiered>1952-03-17</premiered>
                <season>1</season>
                <episode>23</episode>
        </meta>
        <link>
		<sublink>search</sublink>
                <sublink>searchsd</sublink>
		<sublink>https://streamango.com/f/bfmrmcfsbnlaccqt/I_Love_Lucy_S1ep23_The_Moustache_mp4</sublink>
        </link>
        <animated_thumbnail></animated_thumbnail>
        <thumbnail>https://www.thetvdb.com/banners/_cache/episodes/70584/13494.jpg</thumbnail>
        <animated_fanart></animated_fanart>
        <fanart>https://www.thetvdb.com/banners/_cache/episodes/70584/13494.jpg</fanart>
</item>

 <item>
        <title>I Love Lucy S01E24 - The Gossip</title>
        <meta>
                <content>episode</content>
                <imdb></imdb>
                <tvdb>70584</tvdb>
                <tvshowtitle>I Love Lucy</tvshowtitle>
                <year>1951</year>
                <title>The Gossip</title>
                <premiered>1952-03-24</premiered>
                <season>1</season>
                <episode>24</episode>
        </meta>
        <link>
		<sublink>search</sublink>
                <sublink>searchsd</sublink>
		<sublink>https://streamango.com/f/fnefmfccncpqetma/I_Love_Lucy_S1ep24_The_Gossip_mp4</sublink>
        </link>
        <animated_thumbnail></animated_thumbnail>
        <thumbnail>https://www.thetvdb.com/banners/_cache/episodes/70584/13495.jpg</thumbnail>
        <animated_fanart></animated_fanart>
        <fanart>https://www.thetvdb.com/banners/_cache/episodes/70584/13495.jpg</fanart>
</item>

 <item>
        <title>I Love Lucy S01E25 - Pioneer Women</title>
        <meta>
                <content>episode</content>
                <imdb></imdb>
                <tvdb>70584</tvdb>
                <tvshowtitle>I Love Lucy</tvshowtitle>
                <year>1951</year>
                <title>Pioneer Women</title>
                <premiered>1952-03-31</premiered>
                <season>1</season>
                <episode>25</episode>
        </meta>
        <link>
		<sublink>search</sublink>
                <sublink>searchsd</sublink>
		<sublink>https://streamango.com/f/lkerqpraqmbscfpf/I_Love_Lucy_S01E25_Pioneer_Women_mp4</sublink>
        </link>
        <animated_thumbnail></animated_thumbnail>
        <thumbnail>https://www.thetvdb.com/banners/_cache/episodes/70584/13496.jpg</thumbnail>
        <animated_fanart></animated_fanart>
        <fanart>https://www.thetvdb.com/banners/_cache/episodes/70584/13496.jpg</fanart>
</item>

 <item>
        <title>I Love Lucy S01E26 - The Marriage License</title>
        <meta>
                <content>episode</content>
                <imdb></imdb>
                <tvdb>70584</tvdb>
                <tvshowtitle>I Love Lucy</tvshowtitle>
                <year>1951</year>
                <title>The Marriage License</title>
                <premiered>1952-04-07</premiered>
                <season>1</season>
                <episode>26</episode>
        </meta>
        <link>
		<sublink>search</sublink>
                <sublink>searchsd</sublink>
		<sublink>https://streamango.com/f/bormpbnodeeqoclm/I_Love_Lucy_S1ep26_The_Marriage_License_mp4</sublink>
        </link>
        <animated_thumbnail></animated_thumbnail>
        <thumbnail>https://www.thetvdb.com/banners/_cache/episodes/70584/13497.jpg</thumbnail>
        <animated_fanart></animated_fanart>
        <fanart>https://www.thetvdb.com/banners/_cache/episodes/70584/13497.jpg</fanart>
</item>

 <item>
        <title>I Love Lucy S01E27 - The Kleptomaniac</title>
        <meta>
                <content>episode</content>
                <imdb></imdb>
                <tvdb>70584</tvdb>
                <tvshowtitle>I Love Lucy</tvshowtitle>
                <year>1951</year>
                <title>The Kleptomaniac</title>
                <premiered>1952-04-14</premiered>
                <season>1</season>
                <episode>27</episode>
        </meta>
        <link>
		<sublink>search</sublink>
                <sublink>searchsd</sublink>
		<sublink>https://streamango.com/f/akqpnmdderlcnmtt/I_Love_Lucy_S1ep27_The_Kleptomaniac_mp4</sublink>
        </link>
        <animated_thumbnail></animated_thumbnail>
        <thumbnail>https://www.thetvdb.com/banners/_cache/episodes/70584/13498.jpg</thumbnail>
        <animated_fanart></animated_fanart>
        <fanart>https://www.thetvdb.com/banners/_cache/episodes/70584/13498.jpg</fanart>
</item>

 <item>
        <title>I Love Lucy S01E28 - Cuban Pals</title>
        <meta>
                <content>episode</content>
                <imdb></imdb>
                <tvdb>70584</tvdb>
                <tvshowtitle>I Love Lucy</tvshowtitle>
                <year>1951</year>
                <title>Cuban Pals</title>
                <premiered>1952-04-21</premiered>
                <season>1</season>
                <episode>28</episode>
        </meta>
        <link>
		<sublink>search</sublink>
                <sublink>searchsd</sublink>
        </link>
        <animated_thumbnail></animated_thumbnail>
        <thumbnail>https://www.thetvdb.com/banners/_cache/episodes/70584/13499.jpg</thumbnail>
        <animated_fanart></animated_fanart>
        <fanart>https://www.thetvdb.com/banners/_cache/episodes/70584/13499.jpg</fanart>
</item>

 <item>
        <title>I Love Lucy S01E29 - The Freezer</title>
        <meta>
                <content>episode</content>
                <imdb></imdb>
                <tvdb>70584</tvdb>
                <tvshowtitle>I Love Lucy</tvshowtitle>
                <year>1951</year>
                <title>The Freezer</title>
                <premiered>1952-04-28</premiered>
                <season>1</season>
                <episode>29</episode>
        </meta>
        <link>
		<sublink>search</sublink>
                <sublink>searchsd</sublink>
        </link>
        <animated_thumbnail></animated_thumbnail>
        <thumbnail>https://www.thetvdb.com/banners/_cache/episodes/70584/13500.jpg</thumbnail>
        <animated_fanart></animated_fanart>
        <fanart>https://www.thetvdb.com/banners/_cache/episodes/70584/13500.jpg</fanart>
</item>

 <item>
        <title>I Love Lucy S01E30 - Lucy Does a TV Commercial</title>
        <meta>
                <content>episode</content>
                <imdb></imdb>
                <tvdb>70584</tvdb>
                <tvshowtitle>I Love Lucy</tvshowtitle>
                <year>1951</year>
                <title>Lucy Does a TV Commercial</title>
                <premiered>1952-05-05</premiered>
                <season>1</season>
                <episode>30</episode>
        </meta>
        <link>
		<sublink>search</sublink>
                <sublink>searchsd</sublink>
		<sublink>https://streamango.com/f/msdbcdlcpadeqdcm/I_Love_Lucy_S1ep30_Lucy_Does_A_Tv_Commercial_mp4</sublink>
        </link>
        <animated_thumbnail></animated_thumbnail>
        <thumbnail>https://www.thetvdb.com/banners/_cache/episodes/70584/13501.jpg</thumbnail>
        <animated_fanart></animated_fanart>
        <fanart>https://www.thetvdb.com/banners/_cache/episodes/70584/13501.jpg</fanart>
</item>

 <item>
        <title>I Love Lucy S01E31 - The Publicity Agent</title>
        <meta>
                <content>episode</content>
                <imdb></imdb>
                <tvdb>70584</tvdb>
                <tvshowtitle>I Love Lucy</tvshowtitle>
                <year>1951</year>
                <title>The Publicity Agent</title>
                <premiered>1952-05-12</premiered>
                <season>1</season>
                <episode>31</episode>
        </meta>
        <link>
		<sublink>search</sublink>
                <sublink>searchsd</sublink>
        </link>
        <animated_thumbnail></animated_thumbnail>
        <thumbnail>https://www.thetvdb.com/banners/_cache/episodes/70584/13502.jpg</thumbnail>
        <animated_fanart></animated_fanart>
        <fanart>https://www.thetvdb.com/banners/_cache/episodes/70584/13502.jpg</fanart>
</item>

 <item>
        <title>I Love Lucy S01E32 - Lucy Gets Ricky on the Radio</title>
        <meta>
                <content>episode</content>
                <imdb></imdb>
                <tvdb>70584</tvdb>
                <tvshowtitle>I Love Lucy</tvshowtitle>
                <year>1951</year>
                <title>Lucy Gets Ricky on the Radio</title>
                <premiered>1952-05-19</premiered>
                <season>1</season>
                <episode>32</episode>
        </meta>
        <link>
		<sublink>search</sublink>
                <sublink>searchsd</sublink>
        </link>
        <animated_thumbnail></animated_thumbnail>
        <thumbnail>https://www.thetvdb.com/banners/_cache/episodes/70584/13503.jpg</thumbnail>
        <animated_fanart></animated_fanart>
        <fanart>https://www.thetvdb.com/banners/_cache/episodes/70584/13503.jpg</fanart>
</item>

 <item>
        <title>I Love Lucy S01E33 - Lucy's Schedule</title>
        <meta>
                <content>episode</content>
                <imdb></imdb>
                <tvdb>70584</tvdb>
                <tvshowtitle>I Love Lucy</tvshowtitle>
                <year>1951</year>
                <title>Lucy's Schedule</title>
                <premiered>1952-05-26</premiered>
                <season>1</season>
                <episode>33</episode>
        </meta>
        <link>
		<sublink>search</sublink>
                <sublink>searchsd</sublink>
		<sublink>https://streamango.com/f/trtrametlqnstmpe/I_Love_Lucy_S1ep33_Lucy_s_Schedule_mp4</sublink>
        </link>
        <animated_thumbnail></animated_thumbnail>
        <thumbnail>https://www.thetvdb.com/banners/_cache/episodes/70584/13504.jpg</thumbnail>
        <animated_fanart></animated_fanart>
        <fanart>https://www.thetvdb.com/banners/_cache/episodes/70584/13504.jpg</fanart>
</item>

 <item>
        <title>I Love Lucy S01E34 - Ricky Thinks He's Getting Bald</title>
        <meta>
                <content>episode</content>
                <imdb></imdb>
                <tvdb>70584</tvdb>
                <tvshowtitle>I Love Lucy</tvshowtitle>
                <year>1951</year>
                <title>Ricky Thinks He's Getting Bald</title>
                <premiered>1952-06-02</premiered>
                <season>1</season>
                <episode>34</episode>
        </meta>
        <link>
		<sublink>search</sublink>
                <sublink>searchsd</sublink>
		<sublink>https://streamango.com/f/oebbpaafmdbcsmtq/I_Love_Lucy_1x34_ricky_thinks_he_s_getting_bald_mp4</sublink>
        </link>
        <animated_thumbnail></animated_thumbnail>
        <thumbnail>https://www.thetvdb.com/banners/_cache/episodes/70584/13505.jpg</thumbnail>
        <animated_fanart></animated_fanart>
        <fanart>https://www.thetvdb.com/banners/_cache/episodes/70584/13505.jpg</fanart>
</item>

 <item>
        <title>I Love Lucy S01E35 - Ricky Asks For a Raise</title>
        <meta>
                <content>episode</content>
                <imdb></imdb>
                <tvdb>70584</tvdb>
                <tvshowtitle>I Love Lucy</tvshowtitle>
                <year>1951</year>
                <title>Ricky Asks For a Raise</title>
                <premiered>1952-06-09</premiered>
                <season>1</season>
                <episode>35</episode>
        </meta>
        <link>
		<sublink>search</sublink>
                <sublink>searchsd</sublink>
        </link>
        <animated_thumbnail></animated_thumbnail>
        <thumbnail>https://www.thetvdb.com/banners/_cache/episodes/70584/13506.jpg</thumbnail>
        <animated_fanart></animated_fanart>
        <fanart>https://www.thetvdb.com/banners/_cache/episodes/70584/13506.jpg</fanart>
</item>
