########################
<poster>My Favorite Martian</poster>
<thumbnail></thumbnail>
<fanart></fanart>
#############################

<dir>
        <name>Season 1</name>
        <meta>
                <content>season</content>
                <imdb>tt0056775</imdb>
                <tvdb>71778</tvdb>
                <tvshowtitle>My Favorite Martian</tvshowtitle>
                <year>1965</year>
                <season>1</season>
        </meta>
        <link>https://raw.githubusercontent.com/Doggmatic71/doggmatic71/master/plugin.video.laughtraxx/resources/martian1.xml</link>
        <thumbnail>https://www.thetvdb.com/banners/_cache/seasons/71778-1.jpg</thumbnail>
</dir>

<dir>		
        <name>Season 2</name>
        <meta>
                <content>season</content>
                <imdb>tt0056775</imdb>
                <tvdb>71778</tvdb>
                <tvshowtitle>My Favorite Martian</tvshowtitle>
                <year>1965</year>
                <season>2</season>
        </meta>
        <link></link>
        <thumbnail>https://www.thetvdb.com/banners/_cache/seasons/71778-2.jpg</thumbnail>		
</dir>

<dir>		
        <name>Season 3</name>
        <meta>
                <content>season</content>
                <imdb>tt0056775</imdb>
                <tvdb>71778</tvdb>
                <tvshowtitle>My Favorite Martian</tvshowtitle>
                <year>1965</year>
                <season>2</season>
        </meta>
        <link></link>
        <thumbnail>https://www.thetvdb.com/banners/_cache/seasons/71778-3.jpg</thumbnail>		
</dir>


