########################
<poster>Season 1</poster>
<thumbnail></thumbnail>
<fanart></fanart>
########################

 <item>
        <title>My Favorite Martian S01E01 - My Favorite Martin</title>
        <meta>
                <content>episode</content>
                <imdb></imdb>
                <tvdb>71778</tvdb>
                <tvshowtitle>My Favorite Martian</tvshowtitle>
                <year>1963</year>
                <title>My Favorite Martin</title>
                <premiered>1963-09-29</premiered>
                <season>1</season>
                <episode>1</episode>
        </meta>
        <link>
		<sublink>search</sublink>
                <sublink>searchsd</sublink>
        </link>
        <animated_thumbnail></animated_thumbnail>
        <thumbnail>https://www.thetvdb.com/banners/_cache/actors/12350.jpg</thumbnail>
        <animated_fanart></animated_fanart>
        <fanart>https://www.thetvdb.com/banners/_cache/fanart/original/71778-1.jpg</fanart>
</item>

 <item>
        <title>My Favorite Martian S01E02 - The Matchmakers</title>
        <meta>
                <content>episode</content>
                <imdb></imdb>
                <tvdb>71778</tvdb>
                <tvshowtitle>My Favorite Martian</tvshowtitle>
                <year>1963</year>
                <title>The Matchmakers</title>
                <premiered>1963-10-06</premiered>
                <season>1</season>
                <episode>2</episode>
        </meta>
        <link>
		<sublink>search</sublink>
                <sublink>searchsd</sublink>
        </link>
        <animated_thumbnail></animated_thumbnail>
        <thumbnail>https://www.thetvdb.com/banners/_cache/actors/12350.jpg</thumbnail>
        <animated_fanart></animated_fanart>
        <fanart>https://www.thetvdb.com/banners/_cache/fanart/original/71778-1.jpg</fanart>
</item>

 <item>
        <title>My Favorite Martian S01E03 - There is No Cure for the Common Martian</title>
        <meta>
                <content>episode</content>
                <imdb></imdb>
                <tvdb>71778</tvdb>
                <tvshowtitle>My Favorite Martian</tvshowtitle>
                <year>1963</year>
                <title>There is No Cure for the Common Martian</title>
                <premiered>1963-10-13</premiered>
                <season>1</season>
                <episode>3</episode>
        </meta>
        <link>
		<sublink>search</sublink>
                <sublink>searchsd</sublink>
        </link>
        <animated_thumbnail></animated_thumbnail>
        <thumbnail>https://www.thetvdb.com/banners/_cache/actors/12350.jpg</thumbnail>
        <animated_fanart></animated_fanart>
        <fanart>https://www.thetvdb.com/banners/_cache/fanart/original/71778-1.jpg</fanart>
</item>

 <item>
        <title>My Favorite Martian S01E04 - Russians R in Season</title>
        <meta>
                <content>episode</content>
                <imdb></imdb>
                <tvdb>71778</tvdb>
                <tvshowtitle>My Favorite Martian</tvshowtitle>
                <year>1963</year>
                <title>Russians R in Season</title>
                <premiered>1963-10-20</premiered>
                <season>1</season>
                <episode>4</episode>
        </meta>
        <link>
		<sublink>search</sublink>
                <sublink>searchsd</sublink>
        </link>
        <animated_thumbnail></animated_thumbnail>
        <thumbnail>https://www.thetvdb.com/banners/_cache/actors/12350.jpg</thumbnail>
        <animated_fanart></animated_fanart>
        <fanart>https://www.thetvdb.com/banners/_cache/fanart/original/71778-1.jpg</fanart>
</item>

 <item>
        <title>My Favorite Martian S01E05 - Man or Amoeba</title>
        <meta>
                <content>episode</content>
                <imdb></imdb>
                <tvdb>71778</tvdb>
                <tvshowtitle>My Favorite Martian</tvshowtitle>
                <year>1963</year>
                <title>Man or Amoeba</title>
                <premiered>1963-10-27</premiered>
                <season>1</season>
                <episode>5</episode>
        </meta>
        <link>
		<sublink>search</sublink>
                <sublink>searchsd</sublink>
        </link>
        <animated_thumbnail></animated_thumbnail>
        <thumbnail>https://www.thetvdb.com/banners/_cache/actors/12350.jpg</thumbnail>
        <animated_fanart></animated_fanart>
        <fanart>https://www.thetvdb.com/banners/_cache/fanart/original/71778-1.jpg</fanart>
</item>

 <item>
        <title>My Favorite Martian S01E06 - The Man on the Couch</title>
        <meta>
                <content>episode</content>
                <imdb></imdb>
                <tvdb>71778</tvdb>
                <tvshowtitle>My Favorite Martian</tvshowtitle>
                <year>1963</year>
                <title>The Man on the Couch</title>
                <premiered>1963-11-03</premiered>
                <season>1</season>
                <episode>6</episode>
        </meta>
        <link>
		<sublink>search</sublink>
                <sublink>searchsd</sublink>
        </link>
        <animated_thumbnail></animated_thumbnail>
        <thumbnail>https://www.thetvdb.com/banners/_cache/actors/12350.jpg</thumbnail>
        <animated_fanart></animated_fanart>
        <fanart>https://www.thetvdb.com/banners/_cache/fanart/original/71778-1.jpg</fanart>
</item>

 <item>
        <title>My Favorite Martian S01E07 - A Loaf of Bread, a Jug of Wine and Peaches</title>
        <meta>
                <content>episode</content>
                <imdb></imdb>
                <tvdb>71778</tvdb>
                <tvshowtitle>My Favorite Martian</tvshowtitle>
                <year>1963</year>
                <title>A Loaf of Bread, a Jug of Wine and Peaches</title>
                <premiered>1963-11-10</premiered>
                <season>1</season>
                <episode>7</episode>
        </meta>
        <link>
		<sublink>search</sublink>
                <sublink>searchsd</sublink>
        </link>
        <animated_thumbnail></animated_thumbnail>
        <thumbnail>https://www.thetvdb.com/banners/_cache/actors/12350.jpg</thumbnail>
        <animated_fanart></animated_fanart>
        <fanart>https://www.thetvdb.com/banners/_cache/fanart/original/71778-1.jpg</fanart>
</item>
 <item>
        <title>My Favorite Martian S01E08 - The Awful Truth</title>
        <meta>
                <content>episode</content>
                <imdb></imdb>
                <tvdb>71778</tvdb>
                <tvshowtitle>My Favorite Martian</tvshowtitle>
                <year>1963</year>
                <title>The Awful Truth</title>
                <premiered>1963-11-17</premiered>
                <season>1</season>
                <episode>8</episode>
        </meta>
        <link>
		<sublink>search</sublink>
                <sublink>searchsd</sublink>
        </link>
        <animated_thumbnail></animated_thumbnail>
        <thumbnail>https://www.thetvdb.com/banners/_cache/actors/12350.jpg</thumbnail>
        <animated_fanart></animated_fanart>
        <fanart>https://www.thetvdb.com/banners/_cache/fanart/original/71778-1.jpg</fanart>
</item>

 <item>
        <title>My Favorite Martian S01E09 - Rocket to Mars</title>
        <meta>
                <content>episode</content>
                <imdb></imdb>
                <tvdb>71778</tvdb>
                <tvshowtitle>My Favorite Martian</tvshowtitle>
                <year>1963</year>
                <title>Rocket to Mars</title>
                <premiered>1963-12-01</premiered>
                <season>1</season>
                <episode>9</episode>
        </meta>
        <link>
		<sublink>search</sublink>
                <sublink>searchsd</sublink>
        </link>
        <animated_thumbnail></animated_thumbnail>
        <thumbnail>https://www.thetvdb.com/banners/_cache/actors/12350.jpg</thumbnail>
        <animated_fanart></animated_fanart>
        <fanart>https://www.thetvdb.com/banners/_cache/fanart/original/71778-1.jpg</fanart>
</item>

 <item>
        <title>My Favorite Martian S01E10 - Raffles No. 2</title>
        <meta>
                <content>episode</content>
                <imdb></imdb>
                <tvdb>71778</tvdb>
                <tvshowtitle>My Favorite Martian</tvshowtitle>
                <year>1963</year>
                <title>Raffles No. 2</title>
                <premiered>1963-12-08</premiered>
                <season>1</season>
                <episode>10</episode>
        </meta>
        <link>
		<sublink>search</sublink>
                <sublink>searchsd</sublink>
        </link>
        <animated_thumbnail></animated_thumbnail>
        <thumbnail>https://www.thetvdb.com/banners/_cache/actors/12350.jpg</thumbnail>
        <animated_fanart></animated_fanart>
        <fanart>https://www.thetvdb.com/banners/_cache/fanart/original/71778-1.jpg</fanart>
</item>
 <item>
        <title>My Favorite Martian S01E11 - The Atom Misers</title>
        <meta>
                <content>episode</content>
                <imdb></imdb>
                <tvdb>71778</tvdb>
                <tvshowtitle>My Favorite Martian</tvshowtitle>
                <year>1963</year>
                <title>The Atom Misers</title>
                <premiered>1963-12-15</premiered>
                <season>1</season>
                <episode>11</episode>
        </meta>
        <link>
		<sublink>search</sublink>
                <sublink>searchsd</sublink>
        </link>
        <animated_thumbnail></animated_thumbnail>
        <thumbnail>https://www.thetvdb.com/banners/_cache/actors/12350.jpg</thumbnail>
        <animated_fanart></animated_fanart>
        <fanart>https://www.thetvdb.com/banners/_cache/fanart/original/71778-1.jpg</fanart>
</item>

 <item>
        <title>My Favorite Martian S01E12 - That Little Old Matchmaker, Martin</title>
        <meta>
                <content>episode</content>
                <imdb></imdb>
                <tvdb>71778</tvdb>
                <tvshowtitle>My Favorite Martian</tvshowtitle>
                <year>1963</year>
                <title>That Little Old Matchmaker, Martin</title>
                <premiered>1963-12-22</premiered>
                <season>1</season>
                <episode>12</episode>
        </meta>
        <link>
		<sublink>search</sublink>
                <sublink>searchsd</sublink>
        </link>
        <animated_thumbnail></animated_thumbnail>
        <thumbnail>https://www.thetvdb.com/banners/_cache/actors/12350.jpg</thumbnail>
        <animated_fanart></animated_fanart>
        <fanart>https://www.thetvdb.com/banners/_cache/fanart/original/71778-1.jpg</fanart>
</item>

 <item>
        <title>My Favorite Martian S01E13 - How to Be a Hero Without Really Trying</title>
        <meta>
                <content>episode</content>
                <imdb></imdb>
                <tvdb>71778</tvdb>
                <tvshowtitle>My Favorite Martian</tvshowtitle>
                <year>1963</year>
                <title>How to Be a Hero Without Really Trying</title>
                <premiered>1963-12-29</premiered>
                <season>1</season>
                <episode>13</episode>
        </meta>
        <link>
		<sublink>search</sublink>
                <sublink>searchsd</sublink>
        </link>
        <animated_thumbnail></animated_thumbnail>
        <thumbnail>https://www.thetvdb.com/banners/_cache/actors/12350.jpg</thumbnail>
        <animated_fanart></animated_fanart>
        <fanart>https://www.thetvdb.com/banners/_cache/fanart/original/71778-1.jpg</fanart>
</item>

 <item>
        <title>My Favorite Martian S01E14 - Blood is Thicker than the Martian</title>
        <meta>
                <content>episode</content>
                <imdb></imdb>
                <tvdb>71778</tvdb>
                <tvshowtitle>My Favorite Martian</tvshowtitle>
                <year>1963</year>
                <title>Blood is Thicker than the Martian</title>
                <premiered>1964-01-05</premiered>
                <season>1</season>
                <episode>14</episode>
        </meta>
        <link>
		<sublink>search</sublink>
                <sublink>searchsd</sublink>
        </link>
        <animated_thumbnail></animated_thumbnail>
        <thumbnail>https://www.thetvdb.com/banners/_cache/actors/12350.jpg</thumbnail>
        <animated_fanart></animated_fanart>
        <fanart>https://www.thetvdb.com/banners/_cache/fanart/original/71778-1.jpg</fanart>
</item>

 <item>
        <title>My Favorite Martian S01E15 - Poor Little Rich Cat</title>
        <meta>
                <content>episode</content>
                <imdb></imdb>
                <tvdb>71778</tvdb>
                <tvshowtitle>My Favorite Martian</tvshowtitle>
                <year>1963</year>
                <title>Poor Little Rich Cat</title>
                <premiered>1964-01-12</premiered>
                <season>1</season>
                <episode>15</episode>
        </meta>
        <link>
		<sublink>search</sublink>
                <sublink>searchsd</sublink>
        </link>
        <animated_thumbnail></animated_thumbnail>
        <thumbnail>https://www.thetvdb.com/banners/_cache/actors/12350.jpg</thumbnail>
        <animated_fanart></animated_fanart>
        <fanart>https://www.thetvdb.com/banners/_cache/fanart/original/71778-1.jpg</fanart>
</item>

 <item>
        <title>My Favorite Martian S01E16 - Rx for Martian</title>
        <meta>
                <content>episode</content>
                <imdb></imdb>
                <tvdb>71778</tvdb>
                <tvshowtitle>My Favorite Martian</tvshowtitle>
                <year>1963</year>
                <title>Rx for Martian</title>
                <premiered>1966-01-12</premiered>
                <season>1</season>
                <episode>16</episode>
        </meta>
        <link>
		<sublink>search</sublink>
                <sublink>searchsd</sublink>
        </link>
        <animated_thumbnail></animated_thumbnail>
        <thumbnail>https://www.thetvdb.com/banners/_cache/actors/12350.jpg</thumbnail>
        <animated_fanart></animated_fanart>
        <fanart>https://www.thetvdb.com/banners/_cache/fanart/original/71778-1.jpg</fanart>
</item>

 <item>
        <title>My Favorite Martian S01E17 - Going, Going, Gone</title>
        <meta>
                <content>episode</content>
                <imdb></imdb>
                <tvdb>71778</tvdb>
                <tvshowtitle>My Favorite Martian</tvshowtitle>
                <year>1963</year>
                <title>Going, Going, Gone</title>
                <premiered>1964-02-02</premiered>
                <season>1</season>
                <episode>17</episode>
        </meta>
        <link>
		<sublink>search</sublink>
                <sublink>searchsd</sublink>
        </link>
        <animated_thumbnail></animated_thumbnail>
        <thumbnail>https://www.thetvdb.com/banners/_cache/actors/12350.jpg</thumbnail>
        <animated_fanart></animated_fanart>
        <fanart>https://www.thetvdb.com/banners/_cache/fanart/original/71778-1.jpg</fanart>
</item>

 <item>
        <title>My Favorite Martian S01E18 - Who Am I?</title>
        <meta>
                <content>episode</content>
                <imdb></imdb>
                <tvdb>71778</tvdb>
                <tvshowtitle>My Favorite Martian</tvshowtitle>
                <year>1963</year>
                <title>Who Am I?</title>
                <premiered>1964-02-09</premiered>
                <season>1</season>
                <episode>18</episode>
        </meta>
        <link>
		<sublink>search</sublink>
                <sublink>searchsd</sublink>
        </link>
        <animated_thumbnail></animated_thumbnail>
        <thumbnail>https://www.thetvdb.com/banners/_cache/actors/12350.jpg</thumbnail>
        <animated_fanart></animated_fanart>
        <fanart>https://www.thetvdb.com/banners/_cache/fanart/original/71778-1.jpg</fanart>
</item>

 <item>
        <title>My Favorite Martian S01E19 - Now You See It, Now You Don't</title>
        <meta>
                <content>episode</content>
                <imdb></imdb>
                <tvdb>71778</tvdb>
                <tvshowtitle>My Favorite Martian</tvshowtitle>
                <year>1963</year>
                <title>Now You See It, Now You Don't</title>
                <premiered>1964-02-16</premiered>
                <season>1</season>
                <episode>19</episode>
        </meta>
        <link>
		<sublink>search</sublink>
                <sublink>searchsd</sublink>
        </link>
        <animated_thumbnail></animated_thumbnail>
        <thumbnail>https://www.thetvdb.com/banners/_cache/actors/12350.jpg</thumbnail>
        <animated_fanart></animated_fanart>
        <fanart>https://www.thetvdb.com/banners/_cache/fanart/original/71778-1.jpg</fanart>
</item>

 <item>
        <title>My Favorite Martian S01E20 - My Nephew the Artist</title>
        <meta>
                <content>episode</content>
                <imdb></imdb>
                <tvdb>71778</tvdb>
                <tvshowtitle>My Favorite Martian</tvshowtitle>
                <year>1963</year>
                <title>My Nephew the Artist</title>
                <premiered>1964-02-23</premiered>
                <season>1</season>
                <episode>20</episode>
        </meta>
        <link>
		<sublink>search</sublink>
                <sublink>searchsd</sublink>
        </link>
        <animated_thumbnail></animated_thumbnail>
        <thumbnail>https://www.thetvdb.com/banners/_cache/actors/12350.jpg</thumbnail>
        <animated_fanart></animated_fanart>
        <fanart>https://www.thetvdb.com/banners/_cache/fanart/original/71778-1.jpg</fanart>
</item>

 <item>
        <title>My Favorite Martian S01E21 - Hitchhike to Mars</title>
        <meta>
                <content>episode</content>
                <imdb></imdb>
                <tvdb>71778</tvdb>
                <tvshowtitle>My Favorite Martian</tvshowtitle>
                <year>1963</year>
                <title>Hitchhike to Mars</title>
                <premiered>1964-03-01</premiered>
                <season>1</season>
                <episode>21</episode>
        </meta>
        <link>
		<sublink>search</sublink>
                <sublink>searchsd</sublink>
        </link>
        <animated_thumbnail></animated_thumbnail>
        <thumbnail>https://www.thetvdb.com/banners/_cache/actors/12350.jpg</thumbnail>
        <animated_fanart></animated_fanart>
        <fanart>https://www.thetvdb.com/banners/_cache/fanart/original/71778-1.jpg</fanart>
</item>

 <item>
        <title>My Favorite Martian S01E22 - Uncle Martin's Broadcast</title>
        <meta>
                <content>episode</content>
                <imdb></imdb>
                <tvdb>71778</tvdb>
                <tvshowtitle>My Favorite Martian</tvshowtitle>
                <year>1963</year>
                <title>Uncle Martin's Broadcast</title>
                <premiered>1964-03-08</premiered>
                <season>1</season>
                <episode>22</episode>
        </meta>
        <link>
		<sublink>search</sublink>
                <sublink>searchsd</sublink>
        </link>
        <animated_thumbnail></animated_thumbnail>
        <thumbnail>https://www.thetvdb.com/banners/_cache/actors/12350.jpg</thumbnail>
        <animated_fanart></animated_fanart>
        <fanart>https://www.thetvdb.com/banners/_cache/fanart/original/71778-1.jpg</fanart>
</item>

 <item>
        <title>My Favorite Martian S01E23 - An Old, Old Friend of the Family</title>
        <meta>
                <content>episode</content>
                <imdb></imdb>
                <tvdb>71778</tvdb>
                <tvshowtitle>My Favorite Martian</tvshowtitle>
                <year>1963</year>
                <title>An Old, Old Friend of the Family</title>
                <premiered>1964-03-15</premiered>
                <season>1</season>
                <episode>23</episode>
        </meta>
        <link>
		<sublink>search</sublink>
                <sublink>searchsd</sublink>
        </link>
        <animated_thumbnail></animated_thumbnail>
        <thumbnail>https://www.thetvdb.com/banners/_cache/actors/12350.jpg</thumbnail>
        <animated_fanart></animated_fanart>
        <fanart>https://www.thetvdb.com/banners/_cache/fanart/original/71778-1.jpg</fanart>
</item>

 <item>
        <title>My Favorite Martian S01E24 - Super-Duper Snooper</title>
        <meta>
                <content>episode</content>
                <imdb></imdb>
                <tvdb>71778</tvdb>
                <tvshowtitle>My Favorite Martian</tvshowtitle>
                <year>1963</year>
                <title>Super-Duper Snooper</title>
                <premiered>1964-03-22</premiered>
                <season>1</season>
                <episode>24</episode>
        </meta>
        <link>
		<sublink>search</sublink>
                <sublink>searchsd</sublink>
        </link>
        <animated_thumbnail></animated_thumbnail>
        <thumbnail>https://www.thetvdb.com/banners/_cache/actors/12350.jpg</thumbnail>
        <animated_fanart></animated_fanart>
        <fanart>https://www.thetvdb.com/banners/_cache/fanart/original/71778-1.jpg</fanart>
</item>

 <item>
        <title>My Favorite Martian S01E25 - The Sinkable Mrs. Brown</title>
        <meta>
                <content>episode</content>
                <imdb></imdb>
                <tvdb>71778</tvdb>
                <tvshowtitle>My Favorite Martian</tvshowtitle>
                <year>1963</year>
                <title>The Sinkable Mrs. Brown</title>
                <premiered>1964-04-05</premiered>
                <season>1</season>
                <episode>25</episode>
        </meta>
        <link>
		<sublink>search</sublink>
                <sublink>searchsd</sublink>
        </link>
        <animated_thumbnail></animated_thumbnail>
        <thumbnail>https://www.thetvdb.com/banners/_cache/actors/12350.jpg</thumbnail>
        <animated_fanart></animated_fanart>
        <fanart>https://www.thetvdb.com/banners/_cache/fanart/original/71778-1.jpg</fanart>
</item>

 <item>
        <title>My Favorite Martian S01E26 - Martin and the Eternal Triangle</title>
        <meta>
                <content>episode</content>
                <imdb></imdb>
                <tvdb>71778</tvdb>
                <tvshowtitle>My Favorite Martian</tvshowtitle>
                <year>1963</year>
                <title>Martin and the Eternal Triangle</title>
                <premiered>1964-04-12</premiered>
                <season>1</season>
                <episode>26</episode>
        </meta>
        <link>
		<sublink>search</sublink>
                <sublink>searchsd</sublink>
        </link>
        <animated_thumbnail></animated_thumbnail>
        <thumbnail>https://www.thetvdb.com/banners/_cache/actors/12350.jpg</thumbnail>
        <animated_fanart></animated_fanart>
        <fanart>https://www.thetvdb.com/banners/_cache/fanart/original/71778-1.jpg</fanart>
</item>

 <item>
        <title>My Favorite Martian S01E27 - Danger! High Voltage!</title>
        <meta>
                <content>episode</content>
                <imdb></imdb>
                <tvdb>71778</tvdb>
                <tvshowtitle>My Favorite Martian</tvshowtitle>
                <year>1963</year>
                <title>Danger! High Voltage!</title>
                <premiered>1964-04-19</premiered>
                <season>1</season>
                <episode>27</episode>
        </meta>
        <link>
		<sublink>search</sublink>
                <sublink>searchsd</sublink>
        </link>
        <animated_thumbnail></animated_thumbnail>
        <thumbnail>https://www.thetvdb.com/banners/_cache/actors/12350.jpg</thumbnail>
        <animated_fanart></animated_fanart>
        <fanart>https://www.thetvdb.com/banners/_cache/fanart/original/71778-1.jpg</fanart>
</item>

 <item>
        <title>My Favorite Martian S01E28 - If You Can't Lick Them</title>
        <meta>
                <content>episode</content>
                <imdb></imdb>
                <tvdb>71778</tvdb>
                <tvshowtitle>My Favorite Martian</tvshowtitle>
                <year>1963</year>
                <title>If You Can't Lick Them</title>
                <premiered>1964-04-26</premiered>
                <season>1</season>
                <episode>28</episode>
        </meta>
        <link>
		<sublink>search</sublink>
                <sublink>searchsd</sublink>
        </link>
        <animated_thumbnail></animated_thumbnail>
        <thumbnail>https://www.thetvdb.com/banners/_cache/actors/12350.jpg</thumbnail>
        <animated_fanart></animated_fanart>
        <fanart>https://www.thetvdb.com/banners/_cache/fanart/original/71778-1.jpg</fanart>
</item>

 <item>
        <title>My Favorite Martian S01E29 - Unidentified Flying Uncle Martin</title>
        <meta>
                <content>episode</content>
                <imdb></imdb>
                <tvdb>71778</tvdb>
                <tvshowtitle>My Favorite Martian</tvshowtitle>
                <year>1963</year>
                <title>Unidentified Flying Uncle Martin</title>
                <premiered>1964-05-03</premiered>
                <season>1</season>
                <episode>29</episode>
        </meta>
        <link>
		<sublink>search</sublink>
                <sublink>searchsd</sublink>
        </link>
        <animated_thumbnail></animated_thumbnail>
        <thumbnail>https://www.thetvdb.com/banners/_cache/actors/12350.jpg</thumbnail>
        <animated_fanart></animated_fanart>
        <fanart>https://www.thetvdb.com/banners/_cache/fanart/original/71778-1.jpg</fanart>
</item>

 <item>
        <title>My Favorite Martian S01E30 - How Are You Gonna Keep Them Down on the Pharmacy?</title>
        <meta>
                <content>episode</content>
                <imdb></imdb>
                <tvdb>71778</tvdb>
                <tvshowtitle>My Favorite Martian</tvshowtitle>
                <year>1963</year>
                <title>How Are You Gonna Keep Them Down on the Pharmacy?</title>
                <premiered>1964-05-10</premiered>
                <season>1</season>
                <episode>30</episode>
        </meta>
        <link>
		<sublink>search</sublink>
                <sublink>searchsd</sublink>
        </link>
        <animated_thumbnail></animated_thumbnail>
        <thumbnail>https://www.thetvdb.com/banners/_cache/actors/12350.jpg</thumbnail>
        <animated_fanart></animated_fanart>
        <fanart>https://www.thetvdb.com/banners/_cache/fanart/original/71778-1.jpg</fanart>
</item>

 <item>
        <title>My Favorite Martian S01E31 - Miss Jekyll and Hyde</title>
        <meta>
                <content>episode</content>
                <imdb></imdb>
                <tvdb>71778</tvdb>
                <tvshowtitle>My Favorite Martian</tvshowtitle>
                <year>1963</year>
                <title>Miss Jekyll and Hyde</title>
                <premiered>1964-05-17</premiered>
                <season>1</season>
                <episode>31</episode>
        </meta>
        <link>
		<sublink>search</sublink>
                <sublink>searchsd</sublink>
        </link>
        <animated_thumbnail></animated_thumbnail>
        <thumbnail>https://www.thetvdb.com/banners/_cache/actors/12350.jpg</thumbnail>
        <animated_fanart></animated_fanart>
        <fanart>https://www.thetvdb.com/banners/_cache/fanart/original/71778-1.jpg</fanart>
</item>

 <item>
        <title>My Favorite Martian S01E32 - Who's Got the Power?</title>
        <meta>
                <content>episode</content>
                <imdb></imdb>
                <tvdb>71778</tvdb>
                <tvshowtitle>My Favorite Martian</tvshowtitle>
                <year>1963</year>
                <title>Who's Got the Power?</title>
                <premiered>1964-05-24</premiered>
                <season>1</season>
                <episode>32</episode>
        </meta>
        <link>
		<sublink>search</sublink>
                <sublink>searchsd</sublink>
        </link>
        <animated_thumbnail></animated_thumbnail>
        <thumbnail>https://www.thetvdb.com/banners/_cache/actors/12350.jpg</thumbnail>
        <animated_fanart></animated_fanart>
        <fanart>https://www.thetvdb.com/banners/_cache/fanart/original/71778-1.jpg</fanart>
</item>

 <item>
        <title>My Favorite Martian S01E33 - Oh, My Aching Antenna</title>
        <meta>
                <content>episode</content>
                <imdb></imdb>
                <tvdb>71778</tvdb>
                <tvshowtitle>My Favorite Martian</tvshowtitle>
                <year>1963</year>
                <title>Oh, My Aching Antenna</title>
                <premiered>1964-05-31</premiered>
                <season>1</season>
                <episode>33</episode>
        </meta>
        <link>
		<sublink>search</sublink>
                <sublink>searchsd</sublink>
        </link>
        <animated_thumbnail></animated_thumbnail>
        <thumbnail>https://www.thetvdb.com/banners/_cache/actors/12350.jpg</thumbnail>
        <animated_fanart></animated_fanart>
        <fanart>https://www.thetvdb.com/banners/_cache/fanart/original/71778-1.jpg</fanart>
</item>

 <item>
        <title>My Favorite Martian S01E34 - The Disastro-nauts</title>
        <meta>
                <content>episode</content>
                <imdb></imdb>
                <tvdb>71778</tvdb>
                <tvshowtitle>My Favorite Martian</tvshowtitle>
                <year>1963</year>
                <title>The Disastro-nauts</title>
                <premiered>1964-06-07</premiered>
                <season>1</season>
                <episode>34</episode>
        </meta>
        <link>
		<sublink>search</sublink>
                <sublink>searchsd</sublink>
        </link>
        <animated_thumbnail></animated_thumbnail>
        <thumbnail>https://www.thetvdb.com/banners/_cache/actors/12350.jpg</thumbnail>
        <animated_fanart></animated_fanart>
        <fanart>https://www.thetvdb.com/banners/_cache/fanart/original/71778-1.jpg</fanart>
</item>

 <item>
        <title>My Favorite Martian S01E35 - Shake Well and Don't Use</title>
        <meta>
                <content>episode</content>
                <imdb></imdb>
                <tvdb>71778</tvdb>
                <tvshowtitle>My Favorite Martian</tvshowtitle>
                <year>1963</year>
                <title>Shake Well and Don't Use</title>
                <premiered>1964-06-14</premiered>
                <season>1</season>
                <episode>35</episode>
        </meta>
        <link>
		<sublink>search</sublink>
                <sublink>searchsd</sublink>
        </link>
        <animated_thumbnail></animated_thumbnail>
        <thumbnail>https://www.thetvdb.com/banners/_cache/actors/12350.jpg</thumbnail>
        <animated_fanart></animated_fanart>
        <fanart>https://www.thetvdb.com/banners/_cache/fanart/original/71778-1.jpg</fanart>
</item>

 <item>
        <title>My Favorite Martian S01E36 - A Nose for News</title>
        <meta>
                <content>episode</content>
                <imdb></imdb>
                <tvdb>71778</tvdb>
                <tvshowtitle>My Favorite Martian</tvshowtitle>
                <year>1963</year>
                <title>A Nose for News</title>
                <premiered>1964-06-21</premiered>
                <season>1</season>
                <episode>36</episode>
        </meta>
        <link>
		<sublink>search</sublink>
                <sublink>searchsd</sublink>
        </link>
        <animated_thumbnail></animated_thumbnail>
        <thumbnail>https://www.thetvdb.com/banners/_cache/actors/12350.jpg</thumbnail>
        <animated_fanart></animated_fanart>
        <fanart>https://www.thetvdb.com/banners/_cache/fanart/original/71778-1.jpg</fanart>
</item>

 <item>
        <title>My Favorite Martian S01E37 - Uncle Martin's Wisdom Tooth</title>
        <meta>
                <content>episode</content>
                <imdb></imdb>
                <tvdb>71778</tvdb>
                <tvshowtitle>My Favorite Martian</tvshowtitle>
                <year>1963</year>
                <title>Uncle Martin's Wisdom Tooth</title>
                <premiered>1964-06-28</premiered>
                <season>1</season>
                <episode>37</episode>
        </meta>
        <link>
		<sublink>search</sublink>
                <sublink>searchsd</sublink>
        </link>
        <animated_thumbnail></animated_thumbnail>
        <thumbnail>https://www.thetvdb.com/banners/_cache/actors/12350.jpg</thumbnail>
        <animated_fanart></animated_fanart>
        <fanart>https://www.thetvdb.com/banners/_cache/fanart/original/71778-1.jpg</fanart>
</item>



