########################
<poster>McHale's Navy</poster>
<thumbnail></thumbnail>
<fanart></fanart>
#############################

<dir>
        <name>Season 1</name>
        <meta>
                <content>season</content>
                <imdb>tt0055689</imdb>
                <tvdb>77664</tvdb>
                <tvshowtitle>McHale's Navy</tvshowtitle>
                <year>1965</year>
                <season>1</season>
        </meta>
        <link>https://raw.githubusercontent.com/Doggmatic71/doggmatic71/master/plugin.video.laughtraxx/resources/mchale1.xml</link>
        <thumbnail>https://www.thetvdb.com/banners/_cache/seasons/77664-1.jpg</thumbnail>
</dir>

<dir>		
        <name>Season 2</name>
        <meta>
                <content>season</content>
                <imdb>tt0055689</imdb>
                <tvdb>77664</tvdb>
                <tvshowtitle>McHale's Navy</tvshowtitle>
                <year>1965</year>
                <season>2</season>
        </meta>
        <link></link>
        <thumbnail>https://www.thetvdb.com/banners/_cache/seasons/77664-2.jpg</thumbnail>		
</dir>

<dir>		
        <name>Season 3</name>
        <meta>
                <content>season</content>
                <imdb>tt0055689</imdb>
                <tvdb>77664</tvdb>
                <tvshowtitle>McHale's Navy</tvshowtitle>
                <year>1965</year>
                <season>2</season>
        </meta>
        <link></link>
        <thumbnail>https://www.thetvdb.com/banners/_cache/seasons/77664-3.jpg</thumbnail>		
</dir>

<dir>		
        <name>Season 4</name>
        <meta>
                <content>season</content>
                <imdb>tt0055689</imdb>
                <tvdb>77664</tvdb>
                <tvshowtitle>McHale's Navy</tvshowtitle>
                <year>1965</year>
                <season>2</season>
        </meta>
        <link></link>
        <thumbnail>https://www.thetvdb.com/banners/_cache/seasons/77664-4.jpg</thumbnail>		
</dir>
