########################
<poster>Season 1</poster>
<thumbnail></thumbnail>
<fanart></fanart>
########################

 <item>
        <title>The Monkees S01E01 - The Royal Flush</title>
        <meta>
                <content>episode</content>
                <imdb></imdb>
                <tvdb>72109</tvdb>
                <tvshowtitle>The Monkees</tvshowtitle>
                <year>1966</year>
                <title>The Royal Flush</title>
                <premiered>1966-09-12</premiered>
                <season>1</season>
                <episode>1</episode>
        </meta>
        <link>
		<sublink>search</sublink>
                <sublink>searchsd</sublink>
        </link>
        <animated_thumbnail></animated_thumbnail>
        <thumbnail>https://www.thetvdb.com/banners/_cache/posters/72109-2.jpg</thumbnail>
        <animated_fanart></animated_fanart>
        <fanart>https://www.thetvdb.com/banners/_cache/fanart/original/72109-4.jpg</fanart>
</item>

 <item>
        <title>The Monkees S01E02 - Monkee See, Monkee Die</title>
        <meta>
                <content>episode</content>
                <imdb></imdb>
                <tvdb>72109</tvdb>
                <tvshowtitle>The Monkees</tvshowtitle>
                <year>1966</year>
                <title>Monkee See, Monkee Die</title>
                <premiered>1966-09-19</premiered>
                <season>1</season>
                <episode>2</episode>
        </meta>
        <link>
		<sublink>search</sublink>
                <sublink>searchsd</sublink>
        </link>
        <animated_thumbnail></animated_thumbnail>
        <thumbnail>https://www.thetvdb.com/banners/_cache/posters/72109-2.jpg</thumbnail>
        <animated_fanart></animated_fanart>
        <fanart>https://www.thetvdb.com/banners/_cache/fanart/original/72109-4.jpg</fanart>
</item>

 <item>
        <title>The Monkees S01E03 - Monkee vs. Machine</title>
        <meta>
                <content>episode</content>
                <imdb></imdb>
                <tvdb>72109</tvdb>
                <tvshowtitle>The Monkees</tvshowtitle>
                <year>1966</year>
                <title>Monkee vs. Machine</title>
                <premiered>1966-09-26</premiered>
                <season>1</season>
                <episode>3</episode>
        </meta>
        <link>
		<sublink>search</sublink>
                <sublink>searchsd</sublink>
        </link>
        <animated_thumbnail></animated_thumbnail>
        <thumbnail>https://www.thetvdb.com/banners/_cache/posters/72109-2.jpg</thumbnail>
        <animated_fanart></animated_fanart>
        <fanart>https://www.thetvdb.com/banners/_cache/fanart/original/72109-4.jpg</fanart>
</item>

 <item>
        <title>The Monkees S01E04 - Your Friendly Neighborhood Kidnappers</title>
        <meta>
                <content>episode</content>
                <imdb></imdb>
                <tvdb>72109</tvdb>
                <tvshowtitle>The Monkees</tvshowtitle>
                <year>1966</year>
                <title>Your Friendly Neighborhood Kidnappers</title>
                <premiered>1966-10-03</premiered>
                <season>1</season>
                <episode>4</episode>
        </meta>
        <link>
		<sublink>search</sublink>
                <sublink>searchsd</sublink>
        </link>
        <animated_thumbnail></animated_thumbnail>
        <thumbnail>https://www.thetvdb.com/banners/_cache/posters/72109-2.jpg</thumbnail>
        <animated_fanart></animated_fanart>
        <fanart>https://www.thetvdb.com/banners/_cache/fanart/original/72109-4.jpg</fanart>
</item>

 <item>
        <title>The Monkees S01E05 - The Spy Who Came in From the Cool</title>
        <meta>
                <content>episode</content>
                <imdb></imdb>
                <tvdb>72109</tvdb>
                <tvshowtitle>The Monkees</tvshowtitle>
                <year>1966</year>
                <title>The Spy Who Came in From the Cool</title>
                <premiered>1966-10-10</premiered>
                <season>1</season>
                <episode>5</episode>
        </meta>
        <link>
		<sublink>search</sublink>
                <sublink>searchsd</sublink>
        </link>
        <animated_thumbnail></animated_thumbnail>
        <thumbnail>https://www.thetvdb.com/banners/_cache/posters/72109-2.jpg</thumbnail>
        <animated_fanart></animated_fanart>
        <fanart>https://www.thetvdb.com/banners/_cache/fanart/original/72109-4.jpg</fanart>
</item>

 <item>
        <title>The Monkees S01E06 - The Success Story</title>
        <meta>
                <content>episode</content>
                <imdb></imdb>
                <tvdb>72109</tvdb>
                <tvshowtitle>The Monkees</tvshowtitle>
                <year>1966</year>
                <title>The Success Story</title>
                <premiered>1966-10-17</premiered>
                <season>1</season>
                <episode>6</episode>
        </meta>
        <link>
		<sublink>search</sublink>
                <sublink>searchsd</sublink>
        </link>
        <animated_thumbnail></animated_thumbnail>
        <thumbnail>https://www.thetvdb.com/banners/_cache/posters/72109-2.jpg</thumbnail>
        <animated_fanart></animated_fanart>
        <fanart>https://www.thetvdb.com/banners/_cache/fanart/original/72109-4.jpg</fanart>
</item>

 <item>
        <title>The Monkees S01E07 - The Monkees in a Ghost Town</title>
        <meta>
                <content>episode</content>
                <imdb></imdb>
                <tvdb>72109</tvdb>
                <tvshowtitle>The Monkees</tvshowtitle>
                <year>1966</year>
                <title>The Monkees in a Ghost Town</title>
                <premiered>1966-10-24</premiered>
                <season>1</season>
                <episode>7</episode>
        </meta>
        <link>
		<sublink>search</sublink>
                <sublink>searchsd</sublink>
        </link>
        <animated_thumbnail></animated_thumbnail>
        <thumbnail>https://www.thetvdb.com/banners/_cache/posters/72109-2.jpg</thumbnail>
        <animated_fanart></animated_fanart>
        <fanart>https://www.thetvdb.com/banners/_cache/fanart/original/72109-4.jpg</fanart>
</item>
 <item>
        <title>The Monkees S01E08 - Don't Look a Gift Horse in the Mouth</title>
        <meta>
                <content>episode</content>
                <imdb></imdb>
                <tvdb>72109</tvdb>
                <tvshowtitle>The Monkees</tvshowtitle>
                <year>1966</year>
                <title>Don't Look a Gift Horse in the Mouth</title>
                <premiered>1966-11-13</premiered>
                <season>1</season>
                <episode>8</episode>
        </meta>
        <link>
		<sublink>search</sublink>
                <sublink>searchsd</sublink>
        </link>
        <animated_thumbnail></animated_thumbnail>
        <thumbnail>https://www.thetvdb.com/banners/_cache/posters/72109-2.jpg</thumbnail>
        <animated_fanart></animated_fanart>
        <fanart>https://www.thetvdb.com/banners/_cache/fanart/original/72109-4.jpg</fanart>
</item>

 <item>
        <title>The Monkees S01E09 - The Chaperone</title>
        <meta>
                <content>episode</content>
                <imdb></imdb>
                <tvdb>72109</tvdb>
                <tvshowtitle>The Monkees</tvshowtitle>
                <year>1966</year>
                <title>The Chaperone</title>
                <premiered>1966-11-07</premiered>
                <season>1</season>
                <episode>9</episode>
        </meta>
        <link>
		<sublink>search</sublink>
                <sublink>searchsd</sublink>
        </link>
        <animated_thumbnail></animated_thumbnail>
        <thumbnail>https://www.thetvdb.com/banners/_cache/posters/72109-2.jpg</thumbnail>
        <animated_fanart></animated_fanart>
        <fanart>https://www.thetvdb.com/banners/_cache/fanart/original/72109-4.jpg</fanart>
</item>

 <item>
        <title>The Monkees S01E10 - Here Come the Monkees</title>
        <meta>
                <content>episode</content>
                <imdb></imdb>
                <tvdb>72109</tvdb>
                <tvshowtitle>The Monkees</tvshowtitle>
                <year>1966</year>
                <title>Here Come the Monkees</title>
                <premiered>1966-11-14</premiered>
                <season>1</season>
                <episode>10</episode>
        </meta>
        <link>
		<sublink>search</sublink>
                <sublink>searchsd</sublink>
        </link>
        <animated_thumbnail></animated_thumbnail>
        <thumbnail>https://www.thetvdb.com/banners/_cache/posters/72109-2.jpg</thumbnail>
        <animated_fanart></animated_fanart>
        <fanart>https://www.thetvdb.com/banners/_cache/fanart/original/72109-4.jpg</fanart>
</item>
 <item>
        <title>The Monkees S01E11 - Monkees à la Carte</title>
        <meta>
                <content>episode</content>
                <imdb></imdb>
                <tvdb>72109</tvdb>
                <tvshowtitle>The Monkees</tvshowtitle>
                <year>1966</year>
                <title>Monkees à la Carte</title>
                <premiered>1966-11-21</premiered>
                <season>1</season>
                <episode>11</episode>
        </meta>
        <link>
		<sublink>search</sublink>
                <sublink>searchsd</sublink>
        </link>
        <animated_thumbnail></animated_thumbnail>
        <thumbnail>https://www.thetvdb.com/banners/_cache/posters/72109-2.jpg</thumbnail>
        <animated_fanart></animated_fanart>
        <fanart>https://www.thetvdb.com/banners/_cache/fanart/original/72109-4.jpg</fanart>
</item>

 <item>
        <title>The Monkees S01E12 - I've Got a Little Song Here</title>
        <meta>
                <content>episode</content>
                <imdb></imdb>
                <tvdb>72109</tvdb>
                <tvshowtitle>The Monkees</tvshowtitle>
                <year>1966</year>
                <title>I've Got a Little Song Here</title>
                <premiered>1966-11-28</premiered>
                <season>1</season>
                <episode>12</episode>
        </meta>
        <link>
		<sublink>search</sublink>
                <sublink>searchsd</sublink>
        </link>
        <animated_thumbnail></animated_thumbnail>
        <thumbnail>https://www.thetvdb.com/banners/_cache/posters/72109-2.jpg</thumbnail>
        <animated_fanart></animated_fanart>
        <fanart>https://www.thetvdb.com/banners/_cache/fanart/original/72109-4.jpg</fanart>
</item>

 <item>
        <title>The Monkees S01E13 - One Man Shy</title>
        <meta>
                <content>episode</content>
                <imdb></imdb>
                <tvdb>72109</tvdb>
                <tvshowtitle>The Monkees</tvshowtitle>
                <year>1966</year>
                <title>One Man Shy</title>
                <premiered>1966-12-05</premiered>
                <season>1</season>
                <episode>13</episode>
        </meta>
        <link>
		<sublink>search</sublink>
                <sublink>searchsd</sublink>
        </link>
        <animated_thumbnail></animated_thumbnail>
        <thumbnail>https://www.thetvdb.com/banners/_cache/posters/72109-2.jpg</thumbnail>
        <animated_fanart></animated_fanart>
        <fanart>https://www.thetvdb.com/banners/_cache/fanart/original/72109-4.jpg</fanart>
</item>

 <item>
        <title>The Monkees S01E14 - Dance, Monkees, Dance</title>
        <meta>
                <content>episode</content>
                <imdb></imdb>
                <tvdb>72109</tvdb>
                <tvshowtitle>The Monkees</tvshowtitle>
                <year>1966</year>
                <title>Dance, Monkees, Dance</title>
                <premiered>1966-12-12</premiered>
                <season>1</season>
                <episode>14</episode>
        </meta>
        <link>
		<sublink>search</sublink>
                <sublink>searchsd</sublink>
        </link>
        <animated_thumbnail></animated_thumbnail>
        <thumbnail>https://www.thetvdb.com/banners/_cache/posters/72109-2.jpg</thumbnail>
        <animated_fanart></animated_fanart>
        <fanart>https://www.thetvdb.com/banners/_cache/fanart/original/72109-4.jpg</fanart>
</item>

 <item>
        <title>The Monkees S01E15 - Too Many Girls</title>
        <meta>
                <content>episode</content>
                <imdb></imdb>
                <tvdb>72109</tvdb>
                <tvshowtitle>The Monkees</tvshowtitle>
                <year>1966</year>
                <title>Too Many Girls</title>
                <premiered>1966-12-19</premiered>
                <season>1</season>
                <episode>15</episode>
        </meta>
        <link>
		<sublink>search</sublink>
                <sublink>searchsd</sublink>
        </link>
        <animated_thumbnail></animated_thumbnail>
        <thumbnail>https://www.thetvdb.com/banners/_cache/posters/72109-2.jpg</thumbnail>
        <animated_fanart></animated_fanart>
        <fanart>https://www.thetvdb.com/banners/_cache/fanart/original/72109-4.jpg</fanart>
</item>

 <item>
        <title>The Monkees S01E16 - The Son of a Gypsy</title>
        <meta>
                <content>episode</content>
                <imdb></imdb>
                <tvdb>72109</tvdb>
                <tvshowtitle>The Monkees</tvshowtitle>
                <year>1966</year>
                <title>The Son of a Gypsy</title>
                <premiered>1966-12-26</premiered>
                <season>1</season>
                <episode>16</episode>
        </meta>
        <link>
		<sublink>search</sublink>
                <sublink>searchsd</sublink>
        </link>
        <animated_thumbnail></animated_thumbnail>
        <thumbnail>https://www.thetvdb.com/banners/_cache/posters/72109-2.jpg</thumbnail>
        <animated_fanart></animated_fanart>
        <fanart>https://www.thetvdb.com/banners/_cache/fanart/original/72109-4.jpg</fanart>
</item>

 <item>
        <title>The Monkees S01E17 - The Case of the Missing Monkee</title>
        <meta>
                <content>episode</content>
                <imdb></imdb>
                <tvdb>72109</tvdb>
                <tvshowtitle>The Monkees</tvshowtitle>
                <year>1966</year>
                <title>The Case of the Missing Monkee</title>
                <premiered>1967-01-09</premiered>
                <season>1</season>
                <episode>17</episode>
        </meta>
        <link>
		<sublink>search</sublink>
                <sublink>searchsd</sublink>
        </link>
        <animated_thumbnail></animated_thumbnail>
        <thumbnail>https://www.thetvdb.com/banners/_cache/posters/72109-2.jpg</thumbnail>
        <animated_fanart></animated_fanart>
        <fanart>https://www.thetvdb.com/banners/_cache/fanart/original/72109-4.jpg</fanart>
</item>

 <item>
        <title>The Monkees S01E18 - I Was a Teenage Monster</title>
        <meta>
                <content>episode</content>
                <imdb></imdb>
                <tvdb>72109</tvdb>
                <tvshowtitle>The Monkees</tvshowtitle>
                <year>1966</year>
                <title>I Was a Teenage Monster</title>
                <premiered>1967-01-16</premiered>
                <season>1</season>
                <episode>18</episode>
        </meta>
        <link>
		<sublink>search</sublink>
                <sublink>searchsd</sublink>
        </link>
        <animated_thumbnail></animated_thumbnail>
        <thumbnail>https://www.thetvdb.com/banners/_cache/posters/72109-2.jpg</thumbnail>
        <animated_fanart></animated_fanart>
        <fanart>https://www.thetvdb.com/banners/_cache/fanart/original/72109-4.jpg</fanart>
</item>

 <item>
        <title>The Monkees S01E19 - The Audition</title>
        <meta>
                <content>episode</content>
                <imdb></imdb>
                <tvdb>72109</tvdb>
                <tvshowtitle>The Monkees</tvshowtitle>
                <year>1966</year>
                <title>The Audition</title>
                <premiered>1967-01-23</premiered>
                <season>1</season>
                <episode>19</episode>
        </meta>
        <link>
		<sublink>search</sublink>
                <sublink>searchsd</sublink>
        </link>
        <animated_thumbnail></animated_thumbnail>
        <thumbnail>https://www.thetvdb.com/banners/_cache/posters/72109-2.jpg</thumbnail>
        <animated_fanart></animated_fanart>
        <fanart>https://www.thetvdb.com/banners/_cache/fanart/original/72109-4.jpg</fanart>
</item>

 <item>
        <title>The Monkees S01E20 - The Monkees in the Ring</title>
        <meta>
                <content>episode</content>
                <imdb></imdb>
                <tvdb>72109</tvdb>
                <tvshowtitle>The Monkees</tvshowtitle>
                <year>1966</year>
                <title>The Monkees in the Ring</title>
                <premiered>1967-01-30</premiered>
                <season>1</season>
                <episode>20</episode>
        </meta>
        <link>
		<sublink>search</sublink>
                <sublink>searchsd</sublink>
        </link>
        <animated_thumbnail></animated_thumbnail>
        <thumbnail>https://www.thetvdb.com/banners/_cache/posters/72109-2.jpg</thumbnail>
        <animated_fanart></animated_fanart>
        <fanart>https://www.thetvdb.com/banners/_cache/fanart/original/72109-4.jpg</fanart>
</item>

 <item>
        <title>The Monkees S01E21 - The Prince and the Pauper</title>
        <meta>
                <content>episode</content>
                <imdb></imdb>
                <tvdb>72109</tvdb>
                <tvshowtitle>The Monkees</tvshowtitle>
                <year>1966</year>
                <title>The Prince and the Pauper</title>
                <premiered>1967-02-06</premiered>
                <season>1</season>
                <episode>21</episode>
        </meta>
        <link>
		<sublink>search</sublink>
                <sublink>searchsd</sublink>
        </link>
        <animated_thumbnail></animated_thumbnail>
        <thumbnail>https://www.thetvdb.com/banners/_cache/posters/72109-2.jpg</thumbnail>
        <animated_fanart></animated_fanart>
        <fanart>https://www.thetvdb.com/banners/_cache/fanart/original/72109-4.jpg</fanart>
</item>

 <item>
        <title>The Monkees S01E22 - The Monkees at the Circus</title>
        <meta>
                <content>episode</content>
                <imdb></imdb>
                <tvdb>72109</tvdb>
                <tvshowtitle>The Monkees</tvshowtitle>
                <year>1966</year>
                <title>The Monkees at the Circus</title>
                <premiered>1967-02-13</premiered>
                <season>1</season>
                <episode>22</episode>
        </meta>
        <link>
		<sublink>search</sublink>
                <sublink>searchsd</sublink>
        </link>
        <animated_thumbnail></animated_thumbnail>
        <thumbnail>https://www.thetvdb.com/banners/_cache/posters/72109-2.jpg</thumbnail>
        <animated_fanart></animated_fanart>
        <fanart>https://www.thetvdb.com/banners/_cache/fanart/original/72109-4.jpg</fanart>
</item>

 <item>
        <title>The Monkees S01E23 - Captain Crocodile</title>
        <meta>
                <content>episode</content>
                <imdb></imdb>
                <tvdb>72109</tvdb>
                <tvshowtitle>The Monkees</tvshowtitle>
                <year>1966</year>
                <title>Captain Crocodile</title>
                <premiered>1967-02-20</premiered>
                <season>1</season>
                <episode>23</episode>
        </meta>
        <link>
		<sublink>search</sublink>
                <sublink>searchsd</sublink>
        </link>
        <animated_thumbnail></animated_thumbnail>
        <thumbnail>https://www.thetvdb.com/banners/_cache/posters/72109-2.jpg</thumbnail>
        <animated_fanart></animated_fanart>
        <fanart>https://www.thetvdb.com/banners/_cache/fanart/original/72109-4.jpg</fanart>
</item>

 <item>
        <title>The Monkees S01E24 - Monkees à la Mode</title>
        <meta>
                <content>episode</content>
                <imdb></imdb>
                <tvdb>72109</tvdb>
                <tvshowtitle>The Monkees</tvshowtitle>
                <year>1966</year>
                <title>Monkees à la Mode</title>
                <premiered>1967-02-27</premiered>
                <season>1</season>
                <episode>24</episode>
        </meta>
        <link>
		<sublink>search</sublink>
                <sublink>searchsd</sublink>
        </link>
        <animated_thumbnail></animated_thumbnail>
        <thumbnail>https://www.thetvdb.com/banners/_cache/posters/72109-2.jpg</thumbnail>
        <animated_fanart></animated_fanart>
        <fanart>https://www.thetvdb.com/banners/_cache/fanart/original/72109-4.jpg</fanart>
</item>

 <item>
        <title>The Monkees S01E25 - Alias Micky Dolenz</title>
        <meta>
                <content>episode</content>
                <imdb></imdb>
                <tvdb>72109</tvdb>
                <tvshowtitle>The Monkees</tvshowtitle>
                <year>1966</year>
                <title>Alias Micky Dolenz</title>
                <premiered>1967-03-06</premiered>
                <season>1</season>
                <episode>25</episode>
        </meta>
        <link>
		<sublink>search</sublink>
                <sublink>searchsd</sublink>
        </link>
        <animated_thumbnail></animated_thumbnail>
        <thumbnail>https://www.thetvdb.com/banners/_cache/posters/72109-2.jpg</thumbnail>
        <animated_fanart></animated_fanart>
        <fanart>https://www.thetvdb.com/banners/_cache/fanart/original/72109-4.jpg</fanart>
</item>

 <item>
        <title>The Monkees S01E26 - Monkee Chow Mein</title>
        <meta>
                <content>episode</content>
                <imdb></imdb>
                <tvdb>72109</tvdb>
                <tvshowtitle>The Monkees</tvshowtitle>
                <year>1966</year>
                <title>Monkee Chow Mein</title>
                <premiered>1967-03-13</premiered>
                <season>1</season>
                <episode>26</episode>
        </meta>
        <link>
		<sublink>search</sublink>
                <sublink>searchsd</sublink>
        </link>
        <animated_thumbnail></animated_thumbnail>
        <thumbnail>https://www.thetvdb.com/banners/_cache/posters/72109-2.jpg</thumbnail>
        <animated_fanart></animated_fanart>
        <fanart>https://www.thetvdb.com/banners/_cache/fanart/original/72109-4.jpg</fanart>
</item>

 <item>
        <title>The Monkees S01E27 - Monkee Mother</title>
        <meta>
                <content>episode</content>
                <imdb></imdb>
                <tvdb>72109</tvdb>
                <tvshowtitle>The Monkees</tvshowtitle>
                <year>1966</year>
                <title>Monkee Mother</title>
                <premiered>1967-03-20</premiered>
                <season>1</season>
                <episode>27</episode>
        </meta>
        <link>
		<sublink>search</sublink>
                <sublink>searchsd</sublink>
        </link>
        <animated_thumbnail></animated_thumbnail>
        <thumbnail>https://www.thetvdb.com/banners/_cache/posters/72109-2.jpg</thumbnail>
        <animated_fanart></animated_fanart>
        <fanart>https://www.thetvdb.com/banners/_cache/fanart/original/72109-4.jpg</fanart>
</item>

 <item>
        <title>The Monkees S01E28 - The Monkees on the Line</title>
        <meta>
                <content>episode</content>
                <imdb></imdb>
                <tvdb>72109</tvdb>
                <tvshowtitle>The Monkees</tvshowtitle>
                <year>1966</year>
                <title>The Monkees on the Line</title>
                <premiered>1967-03-27</premiered>
                <season>1</season>
                <episode>28</episode>
        </meta>
        <link>
		<sublink>search</sublink>
                <sublink>searchsd</sublink>
        </link>
        <animated_thumbnail></animated_thumbnail>
        <thumbnail>https://www.thetvdb.com/banners/_cache/posters/72109-2.jpg</thumbnail>
        <animated_fanart></animated_fanart>
        <fanart>https://www.thetvdb.com/banners/_cache/fanart/original/72109-4.jpg</fanart>
</item>

 <item>
        <title>The Monkees S01E29 - The Monkees Get Out More Dirt</title>
        <meta>
                <content>episode</content>
                <imdb></imdb>
                <tvdb>72109</tvdb>
                <tvshowtitle>The Monkees</tvshowtitle>
                <year>1966</year>
                <title>The Monkees Get Out More Dirt</title>
                <premiered>1967-04-03</premiered>
                <season>1</season>
                <episode>29</episode>
        </meta>
        <link>
		<sublink>search</sublink>
                <sublink>searchsd</sublink>
        </link>
        <animated_thumbnail></animated_thumbnail>
        <thumbnail>https://www.thetvdb.com/banners/_cache/posters/72109-2.jpg</thumbnail>
        <animated_fanart></animated_fanart>
        <fanart>https://www.thetvdb.com/banners/_cache/fanart/original/72109-4.jpg</fanart>
</item>

 <item>
        <title>The Monkees S01E30 - The Monkees in Manhattan</title>
        <meta>
                <content>episode</content>
                <imdb></imdb>
                <tvdb>72109</tvdb>
                <tvshowtitle>The Monkees</tvshowtitle>
                <year>1966</year>
                <title>The Monkees in Manhattan</title>
                <premiered>1967-04-10</premiered>
                <season>1</season>
                <episode>30</episode>
        </meta>
        <link>
		<sublink>search</sublink>
                <sublink>searchsd</sublink>
        </link>
        <animated_thumbnail></animated_thumbnail>
        <thumbnail>https://www.thetvdb.com/banners/_cache/posters/72109-2.jpg</thumbnail>
        <animated_fanart></animated_fanart>
        <fanart>https://www.thetvdb.com/banners/_cache/fanart/original/72109-4.jpg</fanart>
</item>

 <item>
        <title>The Monkees S01E31 - The Monkees at the Movies</title>
        <meta>
                <content>episode</content>
                <imdb></imdb>
                <tvdb>72109</tvdb>
                <tvshowtitle>The Monkees</tvshowtitle>
                <year>1966</year>
                <title>The Monkees at the Movies</title>
                <premiered>1967-04-17</premiered>
                <season>1</season>
                <episode>31</episode>
        </meta>
        <link>
		<sublink>search</sublink>
                <sublink>searchsd</sublink>
        </link>
        <animated_thumbnail></animated_thumbnail>
        <thumbnail>https://www.thetvdb.com/banners/_cache/posters/72109-2.jpg</thumbnail>
        <animated_fanart></animated_fanart>
        <fanart>https://www.thetvdb.com/banners/_cache/fanart/original/72109-4.jpg</fanart>
</item>

 <item>
        <title>The Monkees S01E32 - The Monkees on Tour</title>
        <meta>
                <content>episode</content>
                <imdb></imdb>
                <tvdb>72109</tvdb>
                <tvshowtitle>The Monkees</tvshowtitle>
                <year>1966</year>
                <title>The Monkees on Tour</title>
                <premiered>1967-04-24</premiered>
                <season>1</season>
                <episode>32</episode>
        </meta>
        <link>
		<sublink>search</sublink>
                <sublink>searchsd</sublink>
        </link>
        <animated_thumbnail></animated_thumbnail>
        <thumbnail>https://www.thetvdb.com/banners/_cache/posters/72109-2.jpg</thumbnail>
        <animated_fanart></animated_fanart>
        <fanart>https://www.thetvdb.com/banners/_cache/fanart/original/72109-4.jpg</fanart>
</item>

