########################
<poster>Monty Python's Flying Circus</poster>
<thumbnail></thumbnail>
<fanart></fanart>
#############################

<dir>
        <name>Season 1</name>
        <meta>
                <content>season</content>
                <imdb>tt0063929</imdb>
                <tvdb>75853</tvdb>
                <tvshowtitle>Monty Python's Flying Circus</tvshowtitle>
                <year>1969</year>
                <season>1</season>
        </meta>
        <link>https://raw.githubusercontent.com/Doggmatic71/doggmatic71/master/plugin.video.laughtraxx/resources/monty1.xml</link>
        <thumbnail>https://www.thetvdb.com/banners/_cache/seasons/75853-1-4.jpg</thumbnail>
</dir>

<dir>		
        <name>Season 2</name>
        <meta>
                <content>season</content>
                <imdb>tt0063929</imdb>
                <tvdb>75853</tvdb>
                <tvshowtitle>Monty Python's Flying Circus</tvshowtitle>
                <year>1969</year>
                <season>2</season>
        </meta>
        <link></link>
        <thumbnail>https://www.thetvdb.com/banners/_cache/seasons/75853-2-4.jpg</thumbnail>		
</dir>

<dir>		
        <name>Season 3</name>
        <meta>
                <content>season</content>
                <imdb>tt0063929</imdb>
                <tvdb>75853</tvdb>
                <tvshowtitle>Monty Python's Flying Circus</tvshowtitle>
                <year>1969</year>
                <season>3</season>
        </meta>
        <link></link>
        <thumbnail>https://www.thetvdb.com/banners/_cache/seasons/75853-3-4.jpg</thumbnail>		
</dir>

<dir>		
        <name>Season 4</name>
        <meta>
                <content>season</content>
                <imdb>tt0063929</imdb>
                <tvdb>75853</tvdb>
                <tvshowtitle>Monty Python's Flying Circus</tvshowtitle>
                <year>1969</year>
                <season>4</season>
        </meta>
        <link></link>
        <thumbnail>https://www.thetvdb.com/banners/_cache/seasons/75853-4-4.jpg</thumbnail>		
</dir>
