########################
<poster>The Mary Tyler Moore Show</poster>
<thumbnail></thumbnail>
<fanart></fanart>
#############################

<dir>
        <name>Season 1</name>
        <meta>
                <content>season</content>
                <imdb>tt0065314</imdb>
                <tvdb>77051</tvdb>
                <tvshowtitle>The Mary Tyler Moore Show</tvshowtitle>
                <year>1970</year>
                <season>1</season>
        </meta>
        <link>https://raw.githubusercontent.com/Doggmatic71/doggmatic71/master/plugin.video.laughtraxx/resources/mtm1.xml</link>
        <thumbnail>https://www.thetvdb.com/banners/_cache/seasons/77051-1.jpg</thumbnail>
</dir>

<dir>		
        <name>Season 2</name>
        <meta>
                <content>season</content>
                <imdb>tt0065314</imdb>
                <tvdb>77051</tvdb>
                <tvshowtitle>The Mary Tyler Moore Show</tvshowtitle>
                <year>1970</year>
                <season>2</season>
        </meta>
        <link></link>
        <thumbnail>https://www.thetvdb.com/banners/_cache/seasons/77051-2.jpg</thumbnail>		
</dir>

<dir>		
        <name>Season 3</name>
        <meta>
                <content>season</content>
                <imdb>tt0065314</imdb>
                <tvdb>77051</tvdb>
                <tvshowtitle>The Mary Tyler Moore Show</tvshowtitle>
                <year>1970</year>
                <season>3</season>
        </meta>
        <link></link>
        <thumbnail>https://www.thetvdb.com/banners/_cache/seasons/77051-3.jpg</thumbnail>		
</dir>

<dir>		
        <name>Season 4</name>
        <meta>
                <content>season</content>
                <imdb>tt0065314</imdb>
                <tvdb>77051</tvdb>
                <tvshowtitle>The Mary Tyler Moore Show</tvshowtitle>
                <year>1970</year>
                <season>4</season>
        </meta>
        <link></link>
        <thumbnail>https://www.thetvdb.com/banners/_cache/seasons/77051-4.jpg</thumbnail>		
</dir>

<dir>		
        <name>Season 5</name>
        <meta>
                <content>season</content>
                <imdb>tt0065314</imdb>
                <tvdb>77051</tvdb>
                <tvshowtitle>The Mary Tyler Moore Show</tvshowtitle>
                <year>1970</year>
                <season>5</season>
        </meta>
        <link></link>
        <thumbnail>https://www.thetvdb.com/banners/_cache/seasons/77051-5.jpg</thumbnail>		
</dir>

<dir>		
        <name>Season 6</name>
        <meta>
                <content>season</content>
                <imdb>tt0065314</imdb>
                <tvdb>77051</tvdb>
                <tvshowtitle>The Mary Tyler Moore Show</tvshowtitle>
                <year>1970</year>
                <season>5</season>
        </meta>
        <link></link>
        <thumbnail>https://www.thetvdb.com/banners/_cache/seasons/77051-6.jpg</thumbnail>		
</dir>

<dir>		
        <name>Season 7</name>
        <meta>
                <content>season</content>
                <imdb>tt0065314</imdb>
                <tvdb>77051</tvdb>
                <tvshowtitle>The Mary Tyler Moore Show</tvshowtitle>
                <year>1970</year>
                <season>5</season>
        </meta>
        <link></link>
        <thumbnail>https://www.thetvdb.com/banners/_cache/seasons/77051-7.jpg</thumbnail>		
</dir>



