########################
<poster>Season 1</poster>
<thumbnail></thumbnail>
<fanart></fanart>
########################

 <item>
        <title>The Munsters S01E01 - Munster Masquerade</title>
        <meta>
                <content>episode</content>
                <imdb></imdb>
                <tvdb>77280</tvdb>
                <tvshowtitle>The Munsters</tvshowtitle>
                <year>1964</year>
                <title>Munster Masquerade</title>
                <premiered>1964-09-24</premiered>
                <season>1</season>
                <episode>1</episode>
        </meta>
        <link>
		<sublink>search</sublink>
                <sublink>searchsd</sublink>
        </link>
        <animated_thumbnail></animated_thumbnail>
        <thumbnail>https://www.thetvdb.com/banners/_cache/episodes/77280/236306.jpg</thumbnail>
        <animated_fanart></animated_fanart>
        <fanart>https://www.thetvdb.com/banners/_cache/fanart/original/77280-7.jpg</fanart>
</item>

 <item>
        <title>The Munsters S01E02 - My Fair Munster</title>
        <meta>
                <content>episode</content>
                <imdb></imdb>
                <tvdb>77280</tvdb>
                <tvshowtitle>The Munsters</tvshowtitle>
                <year>1964</year>
                <title>My Fair Munster</title>
                <premiered>1964-10-01</premiered>
                <season>1</season>
                <episode>2</episode>
        </meta>
        <link>
		<sublink>search</sublink>
                <sublink>searchsd</sublink>
        </link>
        <animated_thumbnail></animated_thumbnail>
        <thumbnail>https://www.thetvdb.com/banners/_cache/episodes/77280/236307.jpg</thumbnail>
        <animated_fanart></animated_fanart>
        <fanart>https://www.thetvdb.com/banners/_cache/fanart/original/77280-7.jpg</fanart>
</item>

 <item>
        <title>The Munsters S01E03 - A Walk on the Mild Side</title>
        <meta>
                <content>episode</content>
                <imdb></imdb>
                <tvdb>77280</tvdb>
                <tvshowtitle>The Munsters</tvshowtitle>
                <year>1964</year>
                <title>A Walk on the Mild Side</title>
                <premiered>1964-10-08</premiered>
                <season>1</season>
                <episode>3</episode>
        </meta>
        <link>
		<sublink>search</sublink>
                <sublink>searchsd</sublink>
        </link>
        <animated_thumbnail></animated_thumbnail>
        <thumbnail>https://www.thetvdb.com/banners/_cache/episodes/77280/236308.jpg</thumbnail>
        <animated_fanart></animated_fanart>
        <fanart>https://www.thetvdb.com/banners/_cache/fanart/original/77280-7.jpg</fanart>
</item>

 <item>
        <title>The Munsters S01E04 - Rock-a-Bye Munster</title>
        <meta>
                <content>episode</content>
                <imdb></imdb>
                <tvdb>77280</tvdb>
                <tvshowtitle>The Munsters</tvshowtitle>
                <year>1964</year>
                <title>Rock-a-Bye Munster</title>
                <premiered>1964-10-15</premiered>
                <season>1</season>
                <episode>4</episode>
        </meta>
        <link>
		<sublink>search</sublink>
                <sublink>searchsd</sublink>
        </link>
        <animated_thumbnail></animated_thumbnail>
        <thumbnail>https://www.thetvdb.com/banners/_cache/episodes/77280/236309.jpg</thumbnail>
        <animated_fanart></animated_fanart>
        <fanart>https://www.thetvdb.com/banners/_cache/fanart/original/77280-7.jpg</fanart>
</item>

 <item>
        <title>The Munsters S01E05 - Pike's Pique</title>
        <meta>
                <content>episode</content>
                <imdb></imdb>
                <tvdb>77280</tvdb>
                <tvshowtitle>The Munsters</tvshowtitle>
                <year>1964</year>
                <title>Pike's Pique</title>
                <premiered>1964-10-22</premiered>
                <season>1</season>
                <episode>5</episode>
        </meta>
        <link>
		<sublink>search</sublink>
                <sublink>searchsd</sublink>
        </link>
        <animated_thumbnail></animated_thumbnail>
        <thumbnail>https://www.thetvdb.com/banners/_cache/episodes/77280/236310.jpg</thumbnail>
        <animated_fanart></animated_fanart>
        <fanart>https://www.thetvdb.com/banners/_cache/fanart/original/77280-7.jpg</fanart>
</item>

 <item>
        <title>The Munsters S01E06 - Low-Cal Munster</title>
        <meta>
                <content>episode</content>
                <imdb></imdb>
                <tvdb>77280</tvdb>
                <tvshowtitle>The Munsters</tvshowtitle>
                <year>1964</year>
                <title>Low-Cal Munster</title>
                <premiered>1964-10-29</premiered>
                <season>1</season>
                <episode>6</episode>
        </meta>
        <link>
		<sublink>search</sublink>
                <sublink>searchsd</sublink>
        </link>
        <animated_thumbnail></animated_thumbnail>
        <thumbnail>https://www.thetvdb.com/banners/_cache/episodes/77280/236311.jpg</thumbnail>
        <animated_fanart></animated_fanart>
        <fanart>https://www.thetvdb.com/banners/_cache/fanart/original/77280-7.jpg</fanart>
</item>

 <item>
        <title>The Munsters S01E07 - Tin Can Man</title>
        <meta>
                <content>episode</content>
                <imdb></imdb>
                <tvdb>77280</tvdb>
                <tvshowtitle>The Munsters</tvshowtitle>
                <year>1964</year>
                <title>Tin Can Man</title>
                <premiered>1964-11-05</premiered>
                <season>1</season>
                <episode>7</episode>
        </meta>
        <link>
		<sublink>search</sublink>
                <sublink>searchsd</sublink>
        </link>
        <animated_thumbnail></animated_thumbnail>
        <thumbnail>https://www.thetvdb.com/banners/_cache/episodes/77280/236312.jpg</thumbnail>
        <animated_fanart></animated_fanart>
        <fanart>https://www.thetvdb.com/banners/_cache/fanart/original/77280-7.jpg</fanart>
</item>
 <item>
        <title>The Munsters S01E08 - Herman the Great</title>
        <meta>
                <content>episode</content>
                <imdb></imdb>
                <tvdb>77280</tvdb>
                <tvshowtitle>The Munsters</tvshowtitle>
                <year>1964</year>
                <title>Herman the Great</title>
                <premiered>1964-11-12</premiered>
                <season>1</season>
                <episode>8</episode>
        </meta>
        <link>
		<sublink>search</sublink>
                <sublink>searchsd</sublink>
        </link>
        <animated_thumbnail></animated_thumbnail>
        <thumbnail>https://www.thetvdb.com/banners/_cache/episodes/77280/236313.jpg</thumbnail>
        <animated_fanart></animated_fanart>
        <fanart>https://www.thetvdb.com/banners/_cache/fanart/original/77280-7.jpg</fanart>
</item>

 <item>
        <title>The Munsters S01E09 - Knock Wood, Here Comes Charlie</title>
        <meta>
                <content>episode</content>
                <imdb></imdb>
                <tvdb>77280</tvdb>
                <tvshowtitle>The Munsters</tvshowtitle>
                <year>1964</year>
                <title>Knock Wood, Here Comes Charlie</title>
                <premiered>1964-11-19</premiered>
                <season>1</season>
                <episode>9</episode>
        </meta>
        <link>
		<sublink>search</sublink>
                <sublink>searchsd</sublink>
        </link>
        <animated_thumbnail></animated_thumbnail>
        <thumbnail>https://www.thetvdb.com/banners/_cache/episodes/77280/236314.jpg</thumbnail>
        <animated_fanart></animated_fanart>
        <fanart>https://www.thetvdb.com/banners/_cache/fanart/original/77280-7.jpg</fanart>
</item>

 <item>
        <title>The Munsters S01E10 - Autumn Croakus</title>
        <meta>
                <content>episode</content>
                <imdb></imdb>
                <tvdb>77280</tvdb>
                <tvshowtitle>The Munsters</tvshowtitle>
                <year>1964</year>
                <title>Autumn Croakus</title>
                <premiered>1964-11-26</premiered>
                <season>1</season>
                <episode>10</episode>
        </meta>
        <link>
		<sublink>search</sublink>
                <sublink>searchsd</sublink>
        </link>
        <animated_thumbnail></animated_thumbnail>
        <thumbnail>https://www.thetvdb.com/banners/_cache/episodes/77280/236315.jpg</thumbnail>
        <animated_fanart></animated_fanart>
        <fanart>https://www.thetvdb.com/banners/_cache/fanart/original/77280-7.jpg</fanart>
</item>
 <item>
        <title>The Munsters S01E11 - The Midnight Ride of Herman Munster</title>
        <meta>
                <content>episode</content>
                <imdb></imdb>
                <tvdb>77280</tvdb>
                <tvshowtitle>The Munsters</tvshowtitle>
                <year>1964</year>
                <title>The Midnight Ride of Herman Munster</title>
                <premiered>1964-12-03</premiered>
                <season>1</season>
                <episode>11</episode>
        </meta>
        <link>
		<sublink>search</sublink>
                <sublink>searchsd</sublink>
        </link>
        <animated_thumbnail></animated_thumbnail>
        <thumbnail>https://www.thetvdb.com/banners/_cache/episodes/77280/236316.jpg</thumbnail>
        <animated_fanart></animated_fanart>
        <fanart>https://www.thetvdb.com/banners/_cache/fanart/original/77280-7.jpg</fanart>
</item>

 <item>
        <title>The Munsters S01E12 - The Sleeping Cutie</title>
        <meta>
                <content>episode</content>
                <imdb></imdb>
                <tvdb>77280</tvdb>
                <tvshowtitle>The Munsters</tvshowtitle>
                <year>1964</year>
                <title>The Sleeping Cutie</title>
                <premiered>1964-12-10</premiered>
                <season>1</season>
                <episode>12</episode>
        </meta>
        <link>
		<sublink>search</sublink>
                <sublink>searchsd</sublink>
        </link>
        <animated_thumbnail></animated_thumbnail>
        <thumbnail>https://www.thetvdb.com/banners/_cache/episodes/77280/236317.jpg</thumbnail>
        <animated_fanart></animated_fanart>
        <fanart>https://www.thetvdb.com/banners/_cache/fanart/original/77280-7.jpg</fanart>
</item>

 <item>
        <title>The Munsters S01E13 - Family Portrait</title>
        <meta>
                <content>episode</content>
                <imdb></imdb>
                <tvdb>77280</tvdb>
                <tvshowtitle>The Munsters</tvshowtitle>
                <year>1964</year>
                <title>Family Portrait</title>
                <premiered>1964-12-17</premiered>
                <season>1</season>
                <episode>13</episode>
        </meta>
        <link>
		<sublink>search</sublink>
                <sublink>searchsd</sublink>
        </link>
        <animated_thumbnail></animated_thumbnail>
        <thumbnail>https://www.thetvdb.com/banners/_cache/episodes/77280/236318.jpg</thumbnail>
        <animated_fanart></animated_fanart>
        <fanart>https://www.thetvdb.com/banners/_cache/fanart/original/77280-7.jpg</fanart>
</item>

 <item>
        <title>The Munsters S01E14 - Grandpa Leaves Home</title>
        <meta>
                <content>episode</content>
                <imdb></imdb>
                <tvdb>77280</tvdb>
                <tvshowtitle>The Munsters</tvshowtitle>
                <year>1964</year>
                <title>Grandpa Leaves Home</title>
                <premiered>1964-12-24</premiered>
                <season>1</season>
                <episode>14</episode>
        </meta>
        <link>
		<sublink>search</sublink>
                <sublink>searchsd</sublink>
        </link>
        <animated_thumbnail></animated_thumbnail>
        <thumbnail>https://www.thetvdb.com/banners/_cache/episodes/77280/236319.jpg</thumbnail>
        <animated_fanart></animated_fanart>
        <fanart>https://www.thetvdb.com/banners/_cache/fanart/original/77280-7.jpg</fanart>
</item>

 <item>
        <title>The Munsters S01E15 - Herman's Rival</title>
        <meta>
                <content>episode</content>
                <imdb></imdb>
                <tvdb>77280</tvdb>
                <tvshowtitle>The Munsters</tvshowtitle>
                <year>1964</year>
                <title>Herman's Rival</title>
                <premiered>1964-12-31</premiered>
                <season>1</season>
                <episode>15</episode>
        </meta>
        <link>
		<sublink>search</sublink>
                <sublink>searchsd</sublink>
        </link>
        <animated_thumbnail></animated_thumbnail>
        <thumbnail>https://www.thetvdb.com/banners/_cache/episodes/77280/236320.jpg</thumbnail>
        <animated_fanart></animated_fanart>
        <fanart>https://www.thetvdb.com/banners/_cache/fanart/original/77280-7.jpg</fanart>
</item>

 <item>
        <title>The Munsters S01E16 - Grandpa's Call of the Wild</title>
        <meta>
                <content>episode</content>
                <imdb></imdb>
                <tvdb>77280</tvdb>
                <tvshowtitle>The Munsters</tvshowtitle>
                <year>1964</year>
                <title>Grandpa's Call of the Wild</title>
                <premiered>1965-01-07</premiered>
                <season>1</season>
                <episode>16</episode>
        </meta>
        <link>
		<sublink>search</sublink>
                <sublink>searchsd</sublink>
        </link>
        <animated_thumbnail></animated_thumbnail>
        <thumbnail>https://www.thetvdb.com/banners/_cache/episodes/77280/236321.jpg</thumbnail>
        <animated_fanart></animated_fanart>
        <fanart>https://www.thetvdb.com/banners/_cache/fanart/original/77280-7.jpg</fanart>
</item>

 <item>
        <title>The Munsters S01E17 - All-Star Munster</title>
        <meta>
                <content>episode</content>
                <imdb></imdb>
                <tvdb>77280</tvdb>
                <tvshowtitle>The Munsters</tvshowtitle>
                <year>1964</year>
                <title>All-Star Munster</title>
                <premiered>1965-01-14</premiered>
                <season>1</season>
                <episode>17</episode>
        </meta>
        <link>
		<sublink>search</sublink>
                <sublink>searchsd</sublink>
        </link>
        <animated_thumbnail></animated_thumbnail>
        <thumbnail>https://www.thetvdb.com/banners/_cache/episodes/77280/236322.jpg</thumbnail>
        <animated_fanart></animated_fanart>
        <fanart>https://www.thetvdb.com/banners/_cache/fanart/original/77280-7.jpg</fanart>
</item>

 <item>
        <title>The Munsters S01E18 - If a Martian Answers, Hang Up</title>
        <meta>
                <content>episode</content>
                <imdb></imdb>
                <tvdb>77280</tvdb>
                <tvshowtitle>The Munsters</tvshowtitle>
                <year>1964</year>
                <title>If a Martian Answers, Hang Up</title>
                <premiered>1965-01-21</premiered>
                <season>1</season>
                <episode>18</episode>
        </meta>
        <link>
		<sublink>search</sublink>
                <sublink>searchsd</sublink>
        </link>
        <animated_thumbnail></animated_thumbnail>
        <thumbnail>https://www.thetvdb.com/banners/_cache/episodes/77280/236323.jpg</thumbnail>
        <animated_fanart></animated_fanart>
        <fanart>https://www.thetvdb.com/banners/_cache/fanart/original/77280-7.jpg</fanart>
</item>

 <item>
        <title>The Munsters S01E19 - Eddie's Nickname</title>
        <meta>
                <content>episode</content>
                <imdb></imdb>
                <tvdb>77280</tvdb>
                <tvshowtitle>The Munsters</tvshowtitle>
                <year>1964</year>
                <title>Eddie's Nickname</title>
                <premiered>1965-01-28</premiered>
                <season>1</season>
                <episode>19</episode>
        </meta>
        <link>
		<sublink>search</sublink>
                <sublink>searchsd</sublink>
        </link>
        <animated_thumbnail></animated_thumbnail>
        <thumbnail>https://www.thetvdb.com/banners/_cache/episodes/77280/236324.jpg</thumbnail>
        <animated_fanart></animated_fanart>
        <fanart>https://www.thetvdb.com/banners/_cache/fanart/original/77280-7.jpg</fanart>
</item>

 <item>
        <title>The Munsters S01E20 - Bats of a Feather</title>
        <meta>
                <content>episode</content>
                <imdb></imdb>
                <tvdb>77280</tvdb>
                <tvshowtitle>The Munsters</tvshowtitle>
                <year>1964</year>
                <title>Bats of a Feather</title>
                <premiered>1965-02-04</premiered>
                <season>1</season>
                <episode>20</episode>
        </meta>
        <link>
		<sublink>search</sublink>
                <sublink>searchsd</sublink>
        </link>
        <animated_thumbnail></animated_thumbnail>
        <thumbnail>https://www.thetvdb.com/banners/_cache/episodes/77280/236325.jpg</thumbnail>
        <animated_fanart></animated_fanart>
        <fanart>https://www.thetvdb.com/banners/_cache/fanart/original/77280-7.jpg</fanart>
</item>

 <item>
        <title>The Munsters S01E21 - Don't Bank on Herman</title>
        <meta>
                <content>episode</content>
                <imdb></imdb>
                <tvdb>77280</tvdb>
                <tvshowtitle>The Munsters</tvshowtitle>
                <year>1964</year>
                <title>Don't Bank on Herman</title>
                <premiered>1965-02-11</premiered>
                <season>1</season>
                <episode>21</episode>
        </meta>
        <link>
		<sublink>search</sublink>
                <sublink>searchsd</sublink>
        </link>
        <animated_thumbnail></animated_thumbnail>
        <thumbnail>https://www.thetvdb.com/banners/_cache/episodes/77280/236326.jpg</thumbnail>
        <animated_fanart></animated_fanart>
        <fanart>https://www.thetvdb.com/banners/_cache/fanart/original/77280-7.jpg</fanart>
</item>

 <item>
        <title>The Munsters S01E22 - Dance With Me, Herman</title>
        <meta>
                <content>episode</content>
                <imdb></imdb>
                <tvdb>77280</tvdb>
                <tvshowtitle>The Munsters</tvshowtitle>
                <year>1964</year>
                <title>Dance With Me, Herman</title>
                <premiered>1965-02-18</premiered>
                <season>1</season>
                <episode>22</episode>
        </meta>
        <link>
		<sublink>search</sublink>
                <sublink>searchsd</sublink>
        </link>
        <animated_thumbnail></animated_thumbnail>
        <thumbnail>https://www.thetvdb.com/banners/_cache/episodes/77280/236327.jpg</thumbnail>
        <animated_fanart></animated_fanart>
        <fanart>https://www.thetvdb.com/banners/_cache/fanart/original/77280-7.jpg</fanart>
</item>

 <item>
        <title>The Munsters S01E23 - Follow That Munster</title>
        <meta>
                <content>episode</content>
                <imdb></imdb>
                <tvdb>77280</tvdb>
                <tvshowtitle>The Munsters</tvshowtitle>
                <year>1964</year>
                <title>Follow That Munster</title>
                <premiered>1965-02-25</premiered>
                <season>1</season>
                <episode>23</episode>
        </meta>
        <link>
		<sublink>search</sublink>
                <sublink>searchsd</sublink>
        </link>
        <animated_thumbnail></animated_thumbnail>
        <thumbnail>https://www.thetvdb.com/banners/_cache/episodes/77280/236328.jpg</thumbnail>
        <animated_fanart></animated_fanart>
        <fanart>https://www.thetvdb.com/banners/_cache/fanart/original/77280-7.jpg</fanart>
</item>

 <item>
        <title>The Munsters S01E24 - Love Locked Out</title>
        <meta>
                <content>episode</content>
                <imdb></imdb>
                <tvdb>77280</tvdb>
                <tvshowtitle>The Munsters</tvshowtitle>
                <year>1964</year>
                <title>Love Locked Out</title>
                <premiered>1965-03-04</premiered>
                <season>1</season>
                <episode>24</episode>
        </meta>
        <link>
		<sublink>search</sublink>
                <sublink>searchsd</sublink>
        </link>
        <animated_thumbnail></animated_thumbnail>
        <thumbnail>https://www.thetvdb.com/banners/_cache/episodes/77280/236329.jpg</thumbnail>
        <animated_fanart></animated_fanart>
        <fanart>https://www.thetvdb.com/banners/_cache/fanart/original/77280-7.jpg</fanart>
</item>

 <item>
        <title>The Munsters S01E25 - Come Back Little Googie</title>
        <meta>
                <content>episode</content>
                <imdb></imdb>
                <tvdb>77280</tvdb>
                <tvshowtitle>The Munsters</tvshowtitle>
                <year>1964</year>
                <title>Come Back Little Googie</title>
                <premiered>1965-03-11</premiered>
                <season>1</season>
                <episode>25</episode>
        </meta>
        <link>
		<sublink>search</sublink>
                <sublink>searchsd</sublink>
        </link>
        <animated_thumbnail></animated_thumbnail>
        <thumbnail>https://www.thetvdb.com/banners/_cache/episodes/77280/236330.jpg</thumbnail>
        <animated_fanart></animated_fanart>
        <fanart>https://www.thetvdb.com/banners/_cache/fanart/original/77280-7.jpg</fanart>
</item>

 <item>
        <title>The Munsters S01E26 - Far Out Munsters</title>
        <meta>
                <content>episode</content>
                <imdb></imdb>
                <tvdb>77280</tvdb>
                <tvshowtitle>The Munsters</tvshowtitle>
                <year>1964</year>
                <title>Far Out Munsters</title>
                <premiered>1965-03-18</premiered>
                <season>1</season>
                <episode>26</episode>
        </meta>
        <link>
		<sublink>search</sublink>
                <sublink>searchsd</sublink>
        </link>
        <animated_thumbnail></animated_thumbnail>
        <thumbnail>https://www.thetvdb.com/banners/_cache/episodes/77280/236331.jpg</thumbnail>
        <animated_fanart></animated_fanart>
        <fanart>https://www.thetvdb.com/banners/_cache/fanart/original/77280-7.jpg</fanart>
</item>

 <item>
        <title>The Munsters S01E27 - Munsters on the Move</title>
        <meta>
                <content>episode</content>
                <imdb></imdb>
                <tvdb>77280</tvdb>
                <tvshowtitle>The Munsters</tvshowtitle>
                <year>1964</year>
                <title>Munsters on the Move</title>
                <premiered>1965-03-25</premiered>
                <season>1</season>
                <episode>27</episode>
        </meta>
        <link>
		<sublink>search</sublink>
                <sublink>searchsd</sublink>
        </link>
        <animated_thumbnail></animated_thumbnail>
        <thumbnail>https://www.thetvdb.com/banners/_cache/episodes/77280/236332.jpg</thumbnail>
        <animated_fanart></animated_fanart>
        <fanart>https://www.thetvdb.com/banners/_cache/fanart/original/77280-7.jpg</fanart>
</item>

 <item>
        <title>The Munsters S01E28 - Movie Star Munster</title>
        <meta>
                <content>episode</content>
                <imdb></imdb>
                <tvdb>77280</tvdb>
                <tvshowtitle>The Munsters</tvshowtitle>
                <year>1964</year>
                <title>Movie Star Munster</title>
                <premiered>1965-04-01</premiered>
                <season>1</season>
                <episode>28</episode>
        </meta>
        <link>
		<sublink>search</sublink>
                <sublink>searchsd</sublink>
        </link>
        <animated_thumbnail></animated_thumbnail>
        <thumbnail>https://www.thetvdb.com/banners/_cache/episodes/77280/236333.jpg</thumbnail>
        <animated_fanart></animated_fanart>
        <fanart>https://www.thetvdb.com/banners/_cache/fanart/original/77280-7.jpg</fanart>
</item>

 <item>
        <title>The Munsters S01E29 - Herman the Rookie</title>
        <meta>
                <content>episode</content>
                <imdb></imdb>
                <tvdb>77280</tvdb>
                <tvshowtitle>The Munsters</tvshowtitle>
                <year>1964</year>
                <title>Herman the Rookie</title>
                <premiered>1965-04-08</premiered>
                <season>1</season>
                <episode>29</episode>
        </meta>
        <link>
		<sublink>search</sublink>
                <sublink>searchsd</sublink>
        </link>
        <animated_thumbnail></animated_thumbnail>
        <thumbnail>https://www.thetvdb.com/banners/_cache/episodes/77280/236334.jpg</thumbnail>
        <animated_fanart></animated_fanart>
        <fanart>https://www.thetvdb.com/banners/_cache/fanart/original/77280-7.jpg</fanart>
</item>

 <item>
        <title>The Munsters S01E30 - Country Club Munsters</title>
        <meta>
                <content>episode</content>
                <imdb></imdb>
                <tvdb>77280</tvdb>
                <tvshowtitle>The Munsters</tvshowtitle>
                <year>1964</year>
                <title>Country Club Munsters</title>
                <premiered>1965-04-15</premiered>
                <season>1</season>
                <episode>30</episode>
        </meta>
        <link>
		<sublink>search</sublink>
                <sublink>searchsd</sublink>
        </link>
        <animated_thumbnail></animated_thumbnail>
        <thumbnail>https://www.thetvdb.com/banners/_cache/episodes/77280/236335.jpg</thumbnail>
        <animated_fanart></animated_fanart>
        <fanart>https://www.thetvdb.com/banners/_cache/fanart/original/77280-7.jpg</fanart>
</item>

 <item>
        <title>The Munsters S01E31 - Love Comes to Mockingbird Heights</title>
        <meta>
                <content>episode</content>
                <imdb></imdb>
                <tvdb>77280</tvdb>
                <tvshowtitle>The Munsters</tvshowtitle>
                <year>1964</year>
                <title>Love Comes to Mockingbird Heights</title>
                <premiered>1965-04-22</premiered>
                <season>1</season>
                <episode>31</episode>
        </meta>
        <link>
		<sublink>search</sublink>
                <sublink>searchsd</sublink>
        </link>
        <animated_thumbnail></animated_thumbnail>
        <thumbnail>https://www.thetvdb.com/banners/_cache/episodes/77280/236336.jpg</thumbnail>
        <animated_fanart></animated_fanart>
        <fanart>https://www.thetvdb.com/banners/_cache/fanart/original/77280-7.jpg</fanart>
</item>

 <item>
        <title>The Munsters S01E32 - Mummy Munster</title>
        <meta>
                <content>episode</content>
                <imdb></imdb>
                <tvdb>77280</tvdb>
                <tvshowtitle>The Munsters</tvshowtitle>
                <year>1964</year>
                <title>Mummy Munster</title>
                <premiered>1965-04-29</premiered>
                <season>1</season>
                <episode>32</episode>
        </meta>
        <link>
		<sublink>search</sublink>
                <sublink>searchsd</sublink>
        </link>
        <animated_thumbnail></animated_thumbnail>
        <thumbnail>https://www.thetvdb.com/banners/_cache/episodes/77280/236337.jpg</thumbnail>
        <animated_fanart></animated_fanart>
        <fanart>https://www.thetvdb.com/banners/_cache/fanart/original/77280-7.jpg</fanart>
</item>

 <item>
        <title>The Munsters S01E33 - Lily Munster, Girl Model</title>
        <meta>
                <content>episode</content>
                <imdb></imdb>
                <tvdb>77280</tvdb>
                <tvshowtitle>The Munsters</tvshowtitle>
                <year>1964</year>
                <title>Lily Munster, Girl Model</title>
                <premiered>1965-05-06</premiered>
                <season>1</season>
                <episode>33</episode>
        </meta>
        <link>
		<sublink>search</sublink>
                <sublink>searchsd</sublink>
        </link>
        <animated_thumbnail></animated_thumbnail>
        <thumbnail>https://www.thetvdb.com/banners/_cache/episodes/77280/236338.jpg</thumbnail>
        <animated_fanart></animated_fanart>
        <fanart>https://www.thetvdb.com/banners/_cache/fanart/original/77280-7.jpg</fanart>
</item>

 <item>
        <title>The Munsters S01E34 - Munster the Magnificent</title>
        <meta>
                <content>episode</content>
                <imdb></imdb>
                <tvdb>77280</tvdb>
                <tvshowtitle>The Munsters</tvshowtitle>
                <year>1964</year>
                <title>Munster the Magnificent</title>
                <premiered>1965-05-13</premiered>
                <season>1</season>
                <episode>34</episode>
        </meta>
        <link>
		<sublink>search</sublink>
                <sublink>searchsd</sublink>
        </link>
        <animated_thumbnail></animated_thumbnail>
        <thumbnail>https://www.thetvdb.com/banners/_cache/episodes/77280/236339.jpg</thumbnail>
        <animated_fanart></animated_fanart>
        <fanart>https://www.thetvdb.com/banners/_cache/fanart/original/77280-7.jpg</fanart>
</item>

 <item>
        <title>The Munsters S01E35 - Herman's Happy Valley</title>
        <meta>
                <content>episode</content>
                <imdb></imdb>
                <tvdb>77280</tvdb>
                <tvshowtitle>The Munsters</tvshowtitle>
                <year>1964</year>
                <title>Herman's Happy Valley</title>
                <premiered>1965-05-20</premiered>
                <season>1</season>
                <episode>35</episode>
        </meta>
        <link>
		<sublink>search</sublink>
                <sublink>searchsd</sublink>
        </link>
        <animated_thumbnail></animated_thumbnail>
        <thumbnail>https://www.thetvdb.com/banners/_cache/episodes/77280/236340.jpg</thumbnail>
        <animated_fanart></animated_fanart>
        <fanart>https://www.thetvdb.com/banners/_cache/fanart/original/77280-7.jpg</fanart>
</item>

 <item>
        <title>The Munsters S01E36 - Hot Rod Herman</title>
        <meta>
                <content>episode</content>
                <imdb></imdb>
                <tvdb>77280</tvdb>
                <tvshowtitle>The Munsters</tvshowtitle>
                <year>1964</year>
                <title>Hot Rod Herman</title>
                <premiered>1965-05-27</premiered>
                <season>1</season>
                <episode>36</episode>
        </meta>
        <link>
		<sublink>search</sublink>
                <sublink>searchsd</sublink>
        </link>
        <animated_thumbnail></animated_thumbnail>
        <thumbnail>https://www.thetvdb.com/banners/_cache/episodes/77280/236341.jpg</thumbnail>
        <animated_fanart></animated_fanart>
        <fanart>https://www.thetvdb.com/banners/_cache/fanart/original/77280-7.jpg</fanart>
</item>

 <item>
        <title>The Munsters S01E37 - Herman's Raise</title>
        <meta>
                <content>episode</content>
                <imdb></imdb>
                <tvdb>77280</tvdb>
                <tvshowtitle>The Munsters</tvshowtitle>
                <year>1964</year>
                <title>Herman's Raise</title>
                <premiered>1965-06-03</premiered>
                <season>1</season>
                <episode>37</episode>
        </meta>
        <link>
		<sublink>search</sublink>
                <sublink>searchsd</sublink>
        </link>
        <animated_thumbnail></animated_thumbnail>
        <thumbnail>https://www.thetvdb.com/banners/_cache/episodes/77280/236342.jpg</thumbnail>
        <animated_fanart></animated_fanart>
        <fanart>https://www.thetvdb.com/banners/_cache/fanart/original/77280-7.jpg</fanart>
</item>

 <item>
        <title>The Munsters S01E38 - Yes, Galen, There Is A Herman (a.k.a. My Friend Herman)</title>
        <meta>
                <content>episode</content>
                <imdb></imdb>
                <tvdb>77280</tvdb>
                <tvshowtitle>The Munsters</tvshowtitle>
                <year>1964</year>
                <title>Yes, Galen, There Is A Herman (a.k.a. My Friend Herman)</title>
                <premiered>1965-06-10</premiered>
                <season>1</season>
                <episode>38</episode>
        </meta>
        <link>
		<sublink>search</sublink>
                <sublink>searchsd</sublink>
        </link>
        <animated_thumbnail></animated_thumbnail>
        <thumbnail>https://www.thetvdb.com/banners/_cache/episodes/77280/236343.jpg</thumbnail>
        <animated_fanart></animated_fanart>
        <fanart>https://www.thetvdb.com/banners/_cache/fanart/original/77280-7.jpg</fanart>
</item>


