########################
<poster>Season 1</poster>
<thumbnail></thumbnail>
<fanart></fanart>
########################

 <item>
        <title>Porridge S01E01 - Whither Canada?</title>
        <meta>
                <content>episode</content>
                <imdb>tt0758095</imdb>
                <tvdb>76578</tvdb>
                <tvshowtitle>Porridge</tvshowtitle>
                <year>1973</year>
                <title>Whither Canada?</title>
                <premiered>1973-10-05</premiered>
                <season>1</season>
                <episode>1</episode>
        </meta>
        <link>
		<sublink>search</sublink>
                <sublink>searchsd</sublink>
        </link>
        <animated_thumbnail></animated_thumbnail>
        <thumbnail>https://www.thetvdb.com/banners/_cache/posters/76578-5.jpg</thumbnail>
        <animated_fanart></animated_fanart>
        <fanart>https://www.thetvdb.com/banners/_cache/fanart/original/76578-7.jpg</fanart>
</item>

 <item>
        <title>Porridge S01E02 - Sex and Violence</title>
        <meta>
                <content>episode</content>
                <imdb>tt0758094</imdb>
                <tvdb>76578</tvdb>
                <tvshowtitle>Porridge</tvshowtitle>
                <year>1973</year>
                <title>Sex and Violence</title>
                <premiered>1973-10-12</premiered>
                <season>1</season>
                <episode>2</episode>
        </meta>
        <link>
		<sublink>search</sublink>
                <sublink>searchsd</sublink>
        </link>
        <animated_thumbnail></animated_thumbnail>
        <thumbnail>https://www.thetvdb.com/banners/_cache/episodes/76578/54457.jpg</thumbnail>
        <animated_fanart></animated_fanart>
        <fanart>https://www.thetvdb.com/banners/_cache/fanart/original/76578-7.jpg</fanart>
</item>

 <item>
        <title>Porridge S01E03 - How to Recognise Different Types of Trees From Quite a Long Way Away</title>
        <meta>
                <content>episode</content>
                <imdb>tt0650977</imdb>
                <tvdb>76578</tvdb>
                <tvshowtitle>Porridge</tvshowtitle>
                <year>1973</year>
                <title>How to Recognise Different Types of Trees From Quite a Long Way Away</title>
                <premiered>1973-10-19</premiered>
                <season>1</season>
                <episode>3</episode>
        </meta>
        <link>
		<sublink>search</sublink>
                <sublink>searchsd</sublink>
        </link>
        <animated_thumbnail></animated_thumbnail>
        <thumbnail>https://www.thetvdb.com/banners/_cache/episodes/76578/54458.jpg</thumbnail>
        <animated_fanart></animated_fanart>
        <fanart>https://www.thetvdb.com/banners/_cache/fanart/original/76578-7.jpg</fanart>
</item>

 <item>
        <title>Porridge S01E04 - Owl-Stretching Time</title>
        <meta>
                <content>episode</content>
                <imdb>tt0650986</imdb>
                <tvdb>76578</tvdb>
                <tvshowtitle>Porridge</tvshowtitle>
                <year>1973</year>
                <title>Owl-Stretching Time</title>
                <premiered>1973-10-26</premiered>
                <season>1</season>
                <episode>4</episode>
        </meta>
        <link>
		<sublink>search</sublink>
                <sublink>searchsd</sublink>
        </link>
        <animated_thumbnail></animated_thumbnail>
        <thumbnail>https://www.thetvdb.com/banners/_cache/episodes/76578/54459.jpg</thumbnail>
        <animated_fanart></animated_fanart>
        <fanart>https://www.thetvdb.com/banners/_cache/fanart/original/76578-7.jpg</fanart>
</item>

 <item>
        <title>Porridge S01E05 - Man's Crisis of Identity in the Latter Half of the Twentieth Century</title>
        <meta>
                <content>episode</content>
                <imdb>tt0758093</imdb>
                <tvdb>76578</tvdb>
                <tvshowtitle>Porridge</tvshowtitle>
                <year>1973</year>
                <title>Man's Crisis of Identity in the Latter Half of the Twentieth Century</title>
                <premiered>1973-11-16</premiered>
                <season>1</season>
                <episode>5</episode>
        </meta>
        <link>
		<sublink>search</sublink>
                <sublink>searchsd</sublink>
        </link>
        <animated_thumbnail></animated_thumbnail>
        <thumbnail>https://www.thetvdb.com/banners/_cache/episodes/76578/54460.jpg</thumbnail>
        <animated_fanart></animated_fanart>
        <fanart>https://www.thetvdb.com/banners/_cache/fanart/original/76578-7.jpg</fanart>
</item>

 <item>
        <title>Porridge S01E06 - It's the Arts</title>
        <meta>
                <content>episode</content>
                <imdb>tt0650980</imdb>
                <tvdb>76578</tvdb>
                <tvshowtitle>Porridge</tvshowtitle>
                <year>1973</year>
                <title>It's the Arts</title>
                <premiered>1973-11-23</premiered>
                <season>1</season>
                <episode>6</episode>
        </meta>
        <link>
		<sublink>search</sublink>
                <sublink>searchsd</sublink>
        </link>
        <animated_thumbnail></animated_thumbnail>
        <thumbnail>https://www.thetvdb.com/banners/_cache/episodes/76578/54461.jpg</thumbnail>
        <animated_fanart></animated_fanart>
        <fanart>https://www.thetvdb.com/banners/_cache/fanart/original/76578-7.jpg</fanart>
</item>

