########################
<poster>Season 1</poster>
<thumbnail></thumbnail>
<fanart></fanart>
########################

 <item>
        <title>Get Smart S01E01 - Mr. Big</title>
        <meta>
                <content>episode</content>
                <imdb>tt0587539</imdb>
                <tvdb>70386</tvdb>
                <tvshowtitle>Get Smart</tvshowtitle>
                <year>1965</year>
                <title>Mr. Big</title>
                <premiered>1965-09-18</premiered>
                <season>1</season>
                <episode>1</episode>
        </meta>
        <link>
		<sublink>search</sublink>
                <sublink>searchsd</sublink>
        </link>
        <animated_thumbnail></animated_thumbnail>
        <thumbnail>https://www.thetvdb.com/banners/_cache/posters/70386-6.jpg</thumbnail>
        <animated_fanart></animated_fanart>
        <fanart>https://www.thetvdb.com/banners/_cache/fanart/original/70386-6.jpg</fanart>
</item>

 <item>
        <title>Get Smart S01E02 - Diplomat's Daughter</title>
        <meta>
                <content>episode</content>
                <imdb>tt0587509</imdb>
                <tvdb>70386</tvdb>
                <tvshowtitle>Get Smart</tvshowtitle>
                <year>1965</year>
                <title>Diplomat's Daughter</title>
                <premiered>1965-09-25</premiered>
                <season>1</season>
                <episode>2</episode>
        </meta>
        <link>
		<sublink>search</sublink>
                <sublink>searchsd</sublink>
        </link>
        <animated_thumbnail></animated_thumbnail>
        <thumbnail>https://www.thetvdb.com/banners/_cache/posters/70386-6.jpg</thumbnail>
        <animated_fanart></animated_fanart>
        <fanart>https://www.thetvdb.com/banners/_cache/fanart/original/70386-6.jpg</fanart>
</item>

 <item>
        <title>Get Smart S01E03 - School Days</title>
        <meta>
                <content>episode</content>
                <imdb>tt0587555</imdb>
                <tvdb>70386</tvdb>
                <tvshowtitle>Get Smart</tvshowtitle>
                <year>1965</year>
                <title>School Days</title>
                <premiered>1965-10-02</premiered>
                <season>1</season>
                <episode>3</episode>
        </meta>
        <link>
		<sublink>search</sublink>
                <sublink>searchsd</sublink>
        </link>
        <animated_thumbnail></animated_thumbnail>
        <thumbnail>https://www.thetvdb.com/banners/_cache/posters/70386-6.jpg</thumbnail>
        <animated_fanart></animated_fanart>
        <fanart>https://www.thetvdb.com/banners/_cache/fanart/original/70386-6.jpg</fanart>
</item>

 <item>
        <title>Get Smart S01E04 - Our Man in Toyland</title>
        <meta>
                <content>episode</content>
                <imdb>tt0587546</imdb>
                <tvdb>70386</tvdb>
                <tvshowtitle>Get Smart</tvshowtitle>
                <year>1965</year>
                <title>Our Man in Toyland</title>
                <premiered>1965-10-09</premiered>
                <season>1</season>
                <episode>4</episode>
        </meta>
        <link>
		<sublink>search</sublink>
                <sublink>searchsd</sublink>
        </link>
        <animated_thumbnail></animated_thumbnail>
        <thumbnail>https://www.thetvdb.com/banners/_cache/posters/70386-6.jpg</thumbnail>
        <animated_fanart></animated_fanart>
        <fanart>https://www.thetvdb.com/banners/_cache/fanart/original/70386-6.jpg</fanart>
</item>

 <item>
        <title>Get Smart S01E05 - Now You See Him... Now You Don't</title>
        <meta>
                <content>episode</content>
                <imdb>tt0587541</imdb>
                <tvdb>70386</tvdb>
                <tvshowtitle>Get Smart</tvshowtitle>
                <year>1965</year>
                <title>Now You See Him... Now You Don't</title>
                <premiered>1965-10-16</premiered>
                <season>1</season>
                <episode>5</episode>
        </meta>
        <link>
		<sublink>search</sublink>
                <sublink>searchsd</sublink>
        </link>
        <animated_thumbnail></animated_thumbnail>
        <thumbnail>https://www.thetvdb.com/banners/_cache/posters/70386-6.jpg</thumbnail>
        <animated_fanart></animated_fanart>
        <fanart>https://www.thetvdb.com/banners/_cache/fanart/original/70386-6.jpg</fanart>
</item>

 <item>
        <title>Get Smart S01E06 - Washington 4, Indians 3</title>
        <meta>
                <content>episode</content>
                <imdb>tt0587613</imdb>
                <tvdb>70386</tvdb>
                <tvshowtitle>Get Smart</tvshowtitle>
                <year>1965</year>
                <title>Washington 4, Indians 3</title>
                <premiered>1965-10-23</premiered>
                <season>1</season>
                <episode>6</episode>
        </meta>
        <link>
		<sublink>search</sublink>
                <sublink>searchsd</sublink>
        </link>
        <animated_thumbnail></animated_thumbnail>
        <thumbnail>https://www.thetvdb.com/banners/_cache/posters/70386-6.jpg</thumbnail>
        <animated_fanart></animated_fanart>
        <fanart>https://www.thetvdb.com/banners/_cache/fanart/original/70386-6.jpg</fanart>
</item>

 <item>
        <title>Get Smart S01E07 - KAOS in CONTROL</title>
        <meta>
                <content>episode</content>
                <imdb>tt0587531</imdb>
                <tvdb>70386</tvdb>
                <tvshowtitle>Get Smart</tvshowtitle>
                <year>1965</year>
                <title>KAOS in CONTROL</title>
                <premiered>1965-10-30</premiered>
                <season>1</season>
                <episode>7</episode>
        </meta>
        <link>
		<sublink>search</sublink>
                <sublink>searchsd</sublink>
        </link>
        <animated_thumbnail></animated_thumbnail>
        <thumbnail>https://www.thetvdb.com/banners/_cache/posters/70386-6.jpg</thumbnail>
        <animated_fanart></animated_fanart>
        <fanart>https://www.thetvdb.com/banners/_cache/fanart/original/70386-6.jpg</fanart>
</item>
 <item>
        <title>Get Smart S01E08 - The Day Smart Turned Chicken</title>
        <meta>
                <content>episode</content>
                <imdb>tt0587576</imdb>
                <tvdb>70386</tvdb>
                <tvshowtitle>Get Smart</tvshowtitle>
                <year>1965</year>
                <title>The Day Smart Turned Chicken</title>
                <premiered>1965-11-06</premiered>
                <season>1</season>
                <episode>8</episode>
        </meta>
        <link>
		<sublink>search</sublink>
                <sublink>searchsd</sublink>
        </link>
        <animated_thumbnail></animated_thumbnail>
        <thumbnail>https://www.thetvdb.com/banners/_cache/posters/70386-6.jpg</thumbnail>
        <animated_fanart></animated_fanart>
        <fanart>https://www.thetvdb.com/banners/_cache/fanart/original/70386-6.jpg</fanart>
</item>

 <item>
        <title>Get Smart S01E09 - Satan Place</title>
        <meta>
                <content>episode</content>
                <imdb>tt0587554</imdb>
                <tvdb>70386</tvdb>
                <tvshowtitle>Get Smart</tvshowtitle>
                <year>1965</year>
                <title>Satan Place</title>
                <premiered>1965-11-13</premiered>
                <season>1</season>
                <episode>9</episode>
        </meta>
        <link>
		<sublink>search</sublink>
                <sublink>searchsd</sublink>
        </link>
        <animated_thumbnail></animated_thumbnail>
        <thumbnail>https://www.thetvdb.com/banners/_cache/posters/70386-6.jpg</thumbnail>
        <animated_fanart></animated_fanart>
        <fanart>https://www.thetvdb.com/banners/_cache/fanart/original/70386-6.jpg</fanart>
</item>

 <item>
        <title>Get Smart S01E10 - Our Man in Leotards</title>
        <meta>
                <content>episode</content>
                <imdb>tt0587545</imdb>
                <tvdb>70386</tvdb>
                <tvshowtitle>Get Smart</tvshowtitle>
                <year>1965</year>
                <title>Our Man in Leotards</title>
                <premiered>1965-11-20</premiered>
                <season>1</season>
                <episode>10</episode>
        </meta>
        <link>
		<sublink>search</sublink>
                <sublink>searchsd</sublink>
        </link>
        <animated_thumbnail></animated_thumbnail>
        <thumbnail>https://www.thetvdb.com/banners/_cache/posters/70386-6.jpg</thumbnail>
        <animated_fanart></animated_fanart>
        <fanart>https://www.thetvdb.com/banners/_cache/fanart/original/70386-6.jpg</fanart>
</item>
 <item>
        <title>Get Smart S01E11 - Too Many Chiefs</title>
        <meta>
                <content>episode</content>
                <imdb>tt0587610</imdb>
                <tvdb>70386</tvdb>
                <tvshowtitle>Get Smart</tvshowtitle>
                <year>1965</year>
                <title>Too Many Chiefs</title>
                <premiered>1965-11-27</premiered>
                <season>1</season>
                <episode>11</episode>
        </meta>
        <link>
		<sublink>search</sublink>
                <sublink>searchsd</sublink>
        </link>
        <animated_thumbnail></animated_thumbnail>
        <thumbnail>https://www.thetvdb.com/banners/_cache/posters/70386-6.jpg</thumbnail>
        <animated_fanart></animated_fanart>
        <fanart>https://www.thetvdb.com/banners/_cache/fanart/original/70386-6.jpg</fanart>
</item>

 <item>
        <title>Get Smart S01E12 - My Nephew the Spy</title>
        <meta>
                <content>episode</content>
                <imdb>tt0587540</imdb>
                <tvdb>70386</tvdb>
                <tvshowtitle>Get Smart</tvshowtitle>
                <year>1965</year>
                <title>My Nephew the Spy</title>
                <premiered>1965-12-04</premiered>
                <season>1</season>
                <episode>12</episode>
        </meta>
        <link>
		<sublink>search</sublink>
                <sublink>searchsd</sublink>
        </link>
        <animated_thumbnail></animated_thumbnail>
        <thumbnail>https://www.thetvdb.com/banners/_cache/posters/70386-6.jpg</thumbnail>
        <animated_fanart></animated_fanart>
        <fanart>https://www.thetvdb.com/banners/_cache/fanart/original/70386-6.jpg</fanart>
</item>

 <item>
        <title>Get Smart S01E13 - Aboard the Orient Express</title>
        <meta>
                <content>episode</content>
                <imdb>tt0587490</imdb>
                <tvdb>70386</tvdb>
                <tvshowtitle>Get Smart</tvshowtitle>
                <year>1965</year>
                <title>Aboard the Orient Express</title>
                <premiered>1965-12-11</premiered>
                <season>1</season>
                <episode>13</episode>
        </meta>
        <link>
		<sublink>search</sublink>
                <sublink>searchsd</sublink>
        </link>
        <animated_thumbnail></animated_thumbnail>
        <thumbnail>https://www.thetvdb.com/banners/_cache/posters/70386-6.jpg</thumbnail>
        <animated_fanart></animated_fanart>
        <fanart>https://www.thetvdb.com/banners/_cache/fanart/original/70386-6.jpg</fanart>
</item>

 <item>
        <title>Get Smart S01E14 - Weekend Vampire</title>
        <meta>
                <content>episode</content>
                <imdb>tt0587614</imdb>
                <tvdb>70386</tvdb>
                <tvshowtitle>Get Smart</tvshowtitle>
                <year>1965</year>
                <title>Weekend Vampire</title>
                <premiered>1965-12-18</premiered>
                <season>1</season>
                <episode>14</episode>
        </meta>
        <link>
		<sublink>search</sublink>
                <sublink>searchsd</sublink>
        </link>
        <animated_thumbnail></animated_thumbnail>
        <thumbnail>https://www.thetvdb.com/banners/_cache/posters/70386-6.jpg</thumbnail>
        <animated_fanart></animated_fanart>
        <fanart>https://www.thetvdb.com/banners/_cache/fanart/original/70386-6.jpg</fanart>
</item>

 <item>
        <title>Get Smart S01E15 - Survival of the Fattest</title>
        <meta>
                <content>episode</content>
                <imdb></imdb>
                <tvdb>70386</tvdb>
                <tvshowtitle>Get Smart</tvshowtitle>
                <year>1965</year>
                <title>Survival of the Fattest</title>
                <premiered>1965-12-25</premiered>
                <season>1</season>
                <episode>15</episode>
        </meta>
        <link>
		<sublink>search</sublink>
                <sublink>searchsd</sublink>
        </link>
        <animated_thumbnail></animated_thumbnail>
        <thumbnail>https://www.thetvdb.com/banners/_cache/posters/70386-6.jpg</thumbnail>
        <animated_fanart></animated_fanart>
        <fanart>https://www.thetvdb.com/banners/_cache/fanart/original/70386-6.jpg</fanart>
</item>

 <item>
        <title>Get Smart S01E16 - Double Agent</title>
        <meta>
                <content>episode</content>
                <imdb>tt0587512</imdb>
                <tvdb>70386</tvdb>
                <tvshowtitle>Get Smart</tvshowtitle>
                <year>1965</year>
                <title>Double Agent</title>
                <premiered>1966-01-08</premiered>
                <season>1</season>
                <episode>16</episode>
        </meta>
        <link>
		<sublink>search</sublink>
                <sublink>searchsd</sublink>
        </link>
        <animated_thumbnail></animated_thumbnail>
        <thumbnail>https://www.thetvdb.com/banners/_cache/posters/70386-6.jpg</thumbnail>
        <animated_fanart></animated_fanart>
        <fanart>https://www.thetvdb.com/banners/_cache/fanart/original/70386-6.jpg</fanart>
</item>

 <item>
        <title>Get Smart S01E17 - Kisses for KAOS</title>
        <meta>
                <content>episode</content>
                <imdb>tt0587533</imdb>
                <tvdb>70386</tvdb>
                <tvshowtitle>Get Smart</tvshowtitle>
                <year>1965</year>
                <title>Kisses for KAOS</title>
                <premiered>1966-01-15</premiered>
                <season>1</season>
                <episode>17</episode>
        </meta>
        <link>
		<sublink>search</sublink>
                <sublink>searchsd</sublink>
        </link>
        <animated_thumbnail></animated_thumbnail>
        <thumbnail>https://www.thetvdb.com/banners/_cache/posters/70386-6.jpg</thumbnail>
        <animated_fanart></animated_fanart>
        <fanart>https://www.thetvdb.com/banners/_cache/fanart/original/70386-6.jpg</fanart>
</item>

 <item>
        <title>Get Smart S01E18 - The Dead Spy Scrawls</title>
        <meta>
                <content>episode</content>
                <imdb>tt0587578</imdb>
                <tvdb>70386</tvdb>
                <tvshowtitle>Get Smart</tvshowtitle>
                <year>1965</year>
                <title>The Dead Spy Scrawls</title>
                <premiered>1966-01-22</premiered>
                <season>1</season>
                <episode>18</episode>
        </meta>
        <link>
		<sublink>search</sublink>
                <sublink>searchsd</sublink>
        </link>
        <animated_thumbnail></animated_thumbnail>
        <thumbnail>https://www.thetvdb.com/banners/_cache/posters/70386-6.jpg</thumbnail>
        <animated_fanart></animated_fanart>
        <fanart>https://www.thetvdb.com/banners/_cache/fanart/original/70386-6.jpg</fanart>
</item>

 <item>
        <title>Get Smart S01E19 - Back to the Old Drawing Board</title>
        <meta>
                <content>episode</content>
                <imdb>tt0587500</imdb>
                <tvdb>70386</tvdb>
                <tvshowtitle>Get Smart</tvshowtitle>
                <year>1965</year>
                <title>Back to the Old Drawing Board</title>
                <premiered>1966-01-29</premiered>
                <season>1</season>
                <episode>19</episode>
        </meta>
        <link>
		<sublink>search</sublink>
                <sublink>searchsd</sublink>
        </link>
        <animated_thumbnail></animated_thumbnail>
        <thumbnail>https://www.thetvdb.com/banners/_cache/posters/70386-6.jpg</thumbnail>
        <animated_fanart></animated_fanart>
        <fanart>https://www.thetvdb.com/banners/_cache/fanart/original/70386-6.jpg</fanart>
</item>

 <item>
        <title>Get Smart S01E20 - All in the Mind</title>
        <meta>
                <content>episode</content>
                <imdb>tt0587493</imdb>
                <tvdb>70386</tvdb>
                <tvshowtitle>Get Smart</tvshowtitle>
                <year>1965</year>
                <title>All in the Mind</title>
                <premiered>1966-02-05</premiered>
                <season>1</season>
                <episode>20</episode>
        </meta>
        <link>
		<sublink>search</sublink>
                <sublink>searchsd</sublink>
        </link>
        <animated_thumbnail></animated_thumbnail>
        <thumbnail>https://www.thetvdb.com/banners/_cache/posters/70386-6.jpg</thumbnail>
        <animated_fanart></animated_fanart>
        <fanart>https://www.thetvdb.com/banners/_cache/fanart/original/70386-6.jpg</fanart>
</item>

 <item>
        <title>Get Smart S01E21 - Dear Diary</title>
        <meta>
                <content>episode</content>
                <imdb>tt0587506</imdb>
                <tvdb>70386</tvdb>
                <tvshowtitle>Get Smart</tvshowtitle>
                <year>1965</year>
                <title>Dear Diary</title>
                <premiered>1966-02-12</premiered>
                <season>1</season>
                <episode>21</episode>
        </meta>
        <link>
		<sublink>search</sublink>
                <sublink>searchsd</sublink>
        </link>
        <animated_thumbnail></animated_thumbnail>
        <thumbnail>https://www.thetvdb.com/banners/_cache/posters/70386-6.jpg</thumbnail>
        <animated_fanart></animated_fanart>
        <fanart>https://www.thetvdb.com/banners/_cache/fanart/original/70386-6.jpg</fanart>
</item>

 <item>
        <title>Get Smart S01E22 - Smart, the Assassin</title>
        <meta>
                <content>episode</content>
                <imdb>tt0587563</imdb>
                <tvdb>70386</tvdb>
                <tvshowtitle>Get Smart</tvshowtitle>
                <year>1965</year>
                <title>Smart, the Assassin</title>
                <premiered>1966-02-19</premiered>
                <season>1</season>
                <episode>22</episode>
        </meta>
        <link>
		<sublink>search</sublink>
                <sublink>searchsd</sublink>
        </link>
        <animated_thumbnail></animated_thumbnail>
        <thumbnail>https://www.thetvdb.com/banners/_cache/posters/70386-6.jpg</thumbnail>
        <animated_fanart></animated_fanart>
        <fanart>https://www.thetvdb.com/banners/_cache/fanart/original/70386-6.jpg</fanart>
</item>

 <item>
        <title>Get Smart S01E23 - I'm Only Human</title>
        <meta>
                <content>episode</content>
                <imdb>tt0587525</imdb>
                <tvdb>70386</tvdb>
                <tvshowtitle>Get Smart</tvshowtitle>
                <year>1965</year>
                <title>I'm Only Human</title>
                <premiered>1966-02-26</premiered>
                <season>1</season>
                <episode>23</episode>
        </meta>
        <link>
		<sublink>search</sublink>
                <sublink>searchsd</sublink>
        </link>
        <animated_thumbnail></animated_thumbnail>
        <thumbnail>https://www.thetvdb.com/banners/_cache/posters/70386-6.jpg</thumbnail>
        <animated_fanart></animated_fanart>
        <fanart>https://www.thetvdb.com/banners/_cache/fanart/original/70386-6.jpg</fanart>
</item>

 <item>
        <title>Get Smart S01E24 - Stakeout on Blue Mist Mountain</title>
        <meta>
                <content>episode</content>
                <imdb>tt0587568</imdb>
                <tvdb>70386</tvdb>
                <tvshowtitle>Get Smart</tvshowtitle>
                <year>1965</year>
                <title>Stakeout on Blue Mist Mountain</title>
                <premiered>1966-03-05</premiered>
                <season>1</season>
                <episode>24</episode>
        </meta>
        <link>
		<sublink>search</sublink>
                <sublink>searchsd</sublink>
        </link>
        <animated_thumbnail></animated_thumbnail>
        <thumbnail>https://www.thetvdb.com/banners/_cache/posters/70386-6.jpg</thumbnail>
        <animated_fanart></animated_fanart>
        <fanart>https://www.thetvdb.com/banners/_cache/fanart/original/70386-6.jpg</fanart>
</item>

 <item>
        <title>Get Smart S01E25 - The Amazing Harry Hoo</title>
        <meta>
                <content>episode</content>
                <imdb>tt0587575</imdb>
                <tvdb>70386</tvdb>
                <tvshowtitle>Get Smart</tvshowtitle>
                <year>1965</year>
                <title>The Amazing Harry Hoo</title>
                <premiered>1966-03-12</premiered>
                <season>1</season>
                <episode>25</episode>
        </meta>
        <link>
		<sublink>search</sublink>
                <sublink>searchsd</sublink>
        </link>
        <animated_thumbnail></animated_thumbnail>
        <thumbnail>https://www.thetvdb.com/banners/_cache/posters/70386-6.jpg</thumbnail>
        <animated_fanart></animated_fanart>
        <fanart>https://www.thetvdb.com/banners/_cache/fanart/original/70386-6.jpg</fanart>
</item>

 <item>
        <title>Get Smart S01E26 - Hubert's Unfinished Symphony</title>
        <meta>
                <content>episode</content>
                <imdb>tt0587521</imdb>
                <tvdb>70386</tvdb>
                <tvshowtitle>Get Smart</tvshowtitle>
                <year>1965</year>
                <title>Hubert's Unfinished Symphony</title>
                <premiered>1966-03-19</premiered>
                <season>1</season>
                <episode>26</episode>
        </meta>
        <link>
		<sublink>search</sublink>
                <sublink>searchsd</sublink>
        </link>
        <animated_thumbnail></animated_thumbnail>
        <thumbnail>https://www.thetvdb.com/banners/_cache/posters/70386-6.jpg</thumbnail>
        <animated_fanart></animated_fanart>
        <fanart>https://www.thetvdb.com/banners/_cache/fanart/original/70386-6.jpg</fanart>
</item>

 <item>
        <title>Get Smart S01E27 - Ship of Spies (1)</title>
        <meta>
                <content>episode</content>
                <imdb>tt0587557</imdb>
                <tvdb>70386</tvdb>
                <tvshowtitle>Get Smart</tvshowtitle>
                <year>1965</year>
                <title>Ship of Spies (1)</title>
                <premiered>1966-04-02</premiered>
                <season>1</season>
                <episode>27</episode>
        </meta>
        <link>
		<sublink>search</sublink>
                <sublink>searchsd</sublink>
        </link>
        <animated_thumbnail></animated_thumbnail>
        <thumbnail>https://www.thetvdb.com/banners/_cache/posters/70386-6.jpg</thumbnail>
        <animated_fanart></animated_fanart>
        <fanart>https://www.thetvdb.com/banners/_cache/fanart/original/70386-6.jpg</fanart>
</item>

 <item>
        <title>Get Smart S01E28 - Ship of Spies (2)</title>
        <meta>
                <content>episode</content>
                <imdb>tt0587558</imdb>
                <tvdb>70386</tvdb>
                <tvshowtitle>Get Smart</tvshowtitle>
                <year>1965</year>
                <title>Ship of Spies (2)</title>
                <premiered>1966-04-09</premiered>
                <season>1</season>
                <episode>28</episode>
        </meta>
        <link>
		<sublink>search</sublink>
                <sublink>searchsd</sublink>
        </link>
        <animated_thumbnail></animated_thumbnail>
        <thumbnail>https://www.thetvdb.com/banners/_cache/posters/70386-6.jpg</thumbnail>
        <animated_fanart></animated_fanart>
        <fanart>https://www.thetvdb.com/banners/_cache/fanart/original/70386-6.jpg</fanart>
</item>

 <item>
        <title>Get Smart S01E29 - Shipment to Beirut</title>
        <meta>
                <content>episode</content>
                <imdb>tt0587559</imdb>
                <tvdb>70386</tvdb>
                <tvshowtitle>Get Smart</tvshowtitle>
                <year>1965</year>
                <title>Shipment to Beirut</title>
                <premiered>1966-04-23</premiered>
                <season>1</season>
                <episode>29</episode>
        </meta>
        <link>
		<sublink>search</sublink>
                <sublink>searchsd</sublink>
        </link>
        <animated_thumbnail></animated_thumbnail>
        <thumbnail>https://www.thetvdb.com/banners/_cache/posters/70386-6.jpg</thumbnail>
        <animated_fanart></animated_fanart>
        <fanart>https://www.thetvdb.com/banners/_cache/fanart/original/70386-6.jpg</fanart>
</item>

 <item>
        <title>Get Smart S01E30 - The Last One in is a Rotten Spy</title>
        <meta>
                <content>episode</content>
                <imdb>tt0587534</imdb>
                <tvdb>70386</tvdb>
                <tvshowtitle>Get Smart</tvshowtitle>
                <year>1965</year>
                <title>The Last One in is a Rotten Spy</title>
                <premiered>1966-05-07</premiered>
                <season>1</season>
                <episode>30</episode>
        </meta>
        <link>
		<sublink>search</sublink>
                <sublink>searchsd</sublink>
        </link>
        <animated_thumbnail></animated_thumbnail>
        <thumbnail>https://www.thetvdb.com/banners/_cache/posters/70386-6.jpg</thumbnail>
        <animated_fanart></animated_fanart>
        <fanart>https://www.thetvdb.com/banners/_cache/fanart/original/70386-6.jpg</fanart>
</item>
