<?xml version="1.0" encoding="UTF-8"?>
<addon id="repository.maddogg" name="[COLOR red]MadDogg Repository[/COLOR]" version="1.0.3" provider-name="Team MadDogg">
        <requires>
            <import addon="xbmc.addon" version="12.0.0"/>
        </requires>	
    <extension point="xbmc.addon.repository" name="[COLOR yellow]MadDogg Repository[/COLOR]">
		<dir>
            <info compressed="false">https://raw.githubusercontent.com/Doggmatic71/maddogg/master/addons.xml</info>
            <checksum>https://raw.githubusercontent.com/Doggmatic71/maddogg/master/addons.xml.md5</checksum>
            <datadir zip="true">https://raw.githubusercontent.com/Doggmatic71/maddogg/master/</datadir>
            <hashes>false</hashes>
		</dir>
	    	<dir>
        		<info compressed="false">https://raw.githubusercontent.com/muaddibttv/tantrumrepo/master/_zips/addons.xml</info>
        		<checksum>https://raw.githubusercontent.com/muaddibttv/tantrumrepo/master/_zips/addons.xml.md5</checksum>
        		<datadir zip="true">https://raw.githubusercontent.com/muaddibttv/tantrumrepo/master/_zips/</datadir>
	    </dir>
		<dir>
			<info compressed="false">https://raw.githubusercontent.com/teamuniversal/scrapers/master/_modules4all/zips/addons.xml</info>
			<checksum>https://raw.githubusercontent.com/teamuniversal/scrapers/master/_modules4all/zips/addons.xml.md5</checksum>
			<datadir zip="true">https://raw.githubusercontent.com/teamuniversal/scrapers/master/_modules4all/zips/</datadir>
	    </dir>
		<dir>
			<info compressed="false">http://raw.githubusercontent.com/frenchdj/frenchdj.repository/master/addons.xml</info>
			<checksum>http://raw.githubusercontent.com/frenchdj/frenchdj.repository/master/addons.xml.md5</checksum>
			<datadir zip="true">http://raw.githubusercontent.com/frenchdj/frenchdj.repository/master/repo/</datadir>
	    </dir>
		<dir>
			<info compressed="false">https://github.com/tvaddonsco/tva-resolvers-repo/raw/master/addons.xml</info>
			<checksum>https://github.com/tvaddonsco/tva-resolvers-repo/raw/master/addons.xml.md5</checksum>
			<datadir zip="true">https://github.com/tvaddonsco/tva-resolvers-repo/raw/master/zips/</datadir>
	    </dir>
		<dir>
			<info compressed="false">https://raw.githubusercontent.com/totalrevolution/python-koding/master/zips/addons.xml</info>
			<checksum>https://raw.githubusercontent.com/totalrevolution/python-koding/master/zips/addons.xml.md5</checksum>
			<datadir zip="true">https://raw.githubusercontent.com/totalrevolution/python-koding/master/zips/</datadir>
		</dir>
		<dir>
            <info compressed="false">https://raw.githubusercontent.com/teverz/teverz/master/_repo/addons.xml</info>
            <checksum>https://raw.githubusercontent.com/teverz/teverz/master/_repo/addons.xml.md5</checksum>
            <datadir zip="true">https://raw.githubusercontent.com/teverz/teverz/master/_repo/</datadir>
            <hashes>false</hashes>
		</dir>
    </extension>
    <extension point="xbmc.addon.metadata">
            <summary>Team MadDogg</summary>
            <description>Team MadDogg Repository</description>
            <platform>all</platform>
    </extension>
</addon>
